chunk_id,manuscript_title,country,context,text
pu_22450,"Aargau Cantonal Library, AG 2.38; Full manuscript",Switzerland,"Manuscript: Aargau Cantonal Library, AG 2.38; Full manuscript | Country: Switzerland | City: Hermetschwil | Region: Aargau | Dating: 1454 | Century of production: 15 | Material: paper | Colophon language: German (DE, GER) | Extent: Full manuscript | Number of folios: 285 | Monasteries: Hermetschwil Abbey, Cistercian, Hermetschwil-Staffeln, Switzerland | Scribes: Georg Tudel von Giengen, Male (Male); Sophie Schwarzmurerin, Hermetschwil, Female (Female, Religious) | Texts copied: Otto von Passau, Male, The Twenty-Four Elders, German (DE, GER) [Religious Texts]; Georg Tudel von Giengen, Male, Sermons, German (DE, GER) [Religious Texts]","Original: durch die ersamen und geistlichen frowen fro Sophyen Swartzmurerin closterfrow ze Hermanschwil Translation: By the honorable and spiritual lady, Lady Sophie Swartzmurer, nun at the convent of Hermanswil.”"
pu_22851,"Admont Stiftsbibliothek, Admont Ms.292; Full manuscript",Austria,"Manuscript: Admont Stiftsbibliothek, Admont Ms.292; Full manuscript | Country: Austria | City: Admont | Region: Styria | Dating: 2nd half of the 12th century | Century of production: 12 | Material: parchment | Colophon language: Latin (LA, LAT) | Extent: Full manuscript | Number of folios: 140 | Decoration presence: TRUE | Musical notation presence: FALSE | Monasteries: Admont Abbey, Benedictine, Admont, Austria, 1074 | Scribes: Cunradus, Admont, Male (Male, Religious); Hugh of Saint Victor, Male (Male) | Texts copied: Hugh of Saint Victor, Male, Commentary on the Celestial Hierarchy of Pseudo-Dionysius, Latin (LA, LAT) [Religious Texts]","Original: Cum tibi verborum fructum quis colligis horum, Hic ut aratoris vescens messorque satoris, Ut sis scriptoris studii memor atque laboris, Nomen et intendas te queso vicemque rependas, Respondens horum quod origo versiculorum, Ait fert querenti dubium dat scire volenti. Dispicito quales sint litterule capitales Unde cito nomen concurret tale per omen. Sicut et a primo versu cernis in imo. Gree d i •m iis hah s veu ras n” -0s rr es ad-vade rbua ss everas (= Chunradus) Translation: When you, who gather the fruit of these words, Feed here like the reaper and sower of the ploughman, So that you may remember the diligence and work of the scribe, I ask you, consider his name and repay him in turn. The origin of these little verses, answering to those who ask, Declares it to the seeker and gives knowledge to the willing. Consider what kind of letters are capital, From which a name will quickly appear as a sign, Just as you see at the bottom of the first verse. Gree d i •m iis hah s veu ras n” -0s rr es ad-vade rbua ss everas (= Chunradus)"
pu_25787,"Altenburg, Stiftsbibliothek, Ms. AB 15 B 16; f. 1-89",Austria,"Manuscript: Altenburg, Stiftsbibliothek, Ms. AB 15 B 16; f. 1-89 | Country: Austria | City: Altenburg | Region: Lower Austria | Dating: 23 August 1470 | Century of production: 15 | Material: paper | Colophon language: German (DE, GER) | Extent: f. 1-89 | Number of folios: 87 | Musical notation presence: FALSE | Monasteries: Altenberg, Premonstratensian, Aldenburg, Germany, 1179-
1802 | Scribes: Raymond of Capua, Male (Male); Sister Barbara, Altenburg, Female (Female, Religious) | Texts copied: Raymond of Capua, Male, Life of Saint Catherine of Siena, Latin (LA, LAT) [Religious Texts]","Original: Diez puech von sand Katherina de Senis ist volentet warden an dem abentt des heilige11 xij poften sa11d Bartolameus in dem lxx iar [23. Aug. 1470] von swester Barbara die zeit schulmaisterin., Margaretha Preiss [swester Margareta Preissin zu Pernegk in dem kloster vnder der geharsam der erwierdigen [...] frawn vnd mueter Ludmilla priorin] Translation: Margaretha Preiss [Sister Margaretha Preiss of Pernegg in the convent under the obedience of the venerable lady and mother Ludmilla, prioress]., This book of Saint Catherine of Siena was completed on the evening of the holy apostle Saint Bartholomew, in the 70th year [23rd of August, 1470], by Sister Barbara, at that time schoolmistress."
pu_24904,"Amsterdam, Universiteitsbibliotheek Amsterdam, 1 G 1; Full manuscript",Netherlands,"Manuscript: Amsterdam, Universiteitsbibliotheek Amsterdam, 1 G 1; Full manuscript | Country: Netherlands | City: Amsterdam | Region: Amstelland | Dating: Second half of the 15th century | Century of production: 15 | Material: paper | Colophon language: Dutch (NL, DUTENG) | Extent: Full manuscript | Number of folios: 107 | Decoration presence: FALSE | Musical notation presence: FALSE | Monasteries: Canonesses Regular of St. Mary Magdalene (Op het Spui), Augustinian, Amsterdam, Netherlands | Scribes: Jordan of Quedlinburg, Male (Male); Dieuwer Dirksdr, Amsterdam, Female (Female, Religious) | Texts copied: Jordan of Quedlinburg, Male, Meditations on the Passion of Christ, Latin (LA, LAT) [Religious Texts]","Original: Dit boec hevet ghescreven suster diewe dircx dochter bidt voer die siele"", waaraan door andere hand toegevoegd ""ende het hoert sinte maria magdalenen in amsterdam woenende opt spoy Translation: This book was written by Sister Dieuwe, Dirck's daughter, pray for her soul,"" to which another hand has added, ""and it belongs to St. Mary Magdalene in Amsterdam, residing on the Spui."
pu_34266,"Amsterdam, Universiteitsbibliotheek Amsterdam, I F 14; Full manuscript",Netherlands,"Manuscript: Amsterdam, Universiteitsbibliotheek Amsterdam, I F 14; Full manuscript | Country: Netherlands | City: Hoorn | Dating: circa 1470 | Century of production: 15 | Material: paper | Colophon language: Dutch (NL, DUTENG) | Extent: Full manuscript | Number of folios: 230 | Decoration presence: TRUE | Musical notation presence: FALSE | Monasteries: Tertiary sisters of Sint Maria in Hoorn, Franciscan, Hoorn, Netherlands | Scribes: Ms. Amsterdam, Universiteitsbibliotheek Amsterdam, I F 14, Unidentified hand 3, Female (Female, Religious); Ms. Amsterdam, Universiteitsbibliotheek Amsterdam, I F 14, Unidentified hand 4, Female (Female, Religious); Lijsbeth IJsbrantsdr van Wydenes, Female (Female); Ms. Amsterdam, Universiteitsbibliotheek Amsterdam, I F 14, Unidentified hand 1, Female (Female, Religious); Ms. Amsterdam, Universiteitsbibliotheek Amsterdam, I F 14, Unidentified hand 2, Female (Female, Religious); Anonymous, TBC (TBC, Religious) | Texts copied: Anonymous, TBC, Prayer Book [Religious Texts]","Original: Lijsbeth IJsbrants dochter van Wydenes moder van sinte Marien Translation: Lijsbeth, Ysbrant’s daughter from Wydenes, [a] Mother of Saint Mary."
pu_24914,"Amsterdam, Universiteitsbibliotheek Amsterdam, I G 12; Full manuscript",Netherlands,"Manuscript: Amsterdam, Universiteitsbibliotheek Amsterdam, I G 12; Full manuscript | Country: Netherlands | City: Maastricht | Region: Limburg | Dating: 1498 | Century of production: 15 | Material: paper | Colophon language: German (DE, GER) | Extent: Full manuscript | Number of folios: 328 | Decoration presence: TRUE | Musical notation presence: FALSE | Monasteries: Convent of the Tertiaries of St Andreas & St Barbara (Maagdendries), Franciscan, Maastricht, Netherlands | Scribes: Ms. Amsterdam I G 12 Unidentified hand A, Maastricht, Female (Female, Religious); Katrijn van Rade, Maastricht, Female (Female, Religious)",Original: Bidt vor die schrivers dattem got ewich leven geve na geeindet op sce gregorius dach int jaer van xcviii Translation: Pray for the scribes that God may grant them eternal life after finishing on the day of Saint Gregory in the year of 1398.
pu_22813,"Amsterdam, Universiteitsbibliotheek Amsterdam, XI H 16; Full manuscript",Netherlands,"Manuscript: Amsterdam, Universiteitsbibliotheek Amsterdam, XI H 16; Full manuscript | Country: Netherlands | City: Salland, Twente, Guelders (Cleves) | Dating: 1509 | Century of production: 16 | Material: parchment and paper | Colophon language: Dutch (NL, DUTENG) | Extent: Full manuscript | Number of folios: 248 | Decoration presence: TRUE | Musical notation presence: FALSE | Scribes: Gretgen Smytz, Salland, Female (Female); Anonymous, TBC (TBC, Religious) | Texts copied: Anonymous, TBC, Life of Saint Anna [Religious Texts]","Original: dyt boech is geeyndet int iaer ons heren xv ind ix op den sondach nae sancte peter ind paulus dach der heiliger apostelen gode zo eeren ind synre liever moder ind der alre heilichster moder sancta Anna Ind alle die gene die dys boechs gebruchen sollen gedencken Der schyrverschen myt eynen pater noster ind ave maria der heiliger moder sancte Annen zo eeren dat sy ur wil erwerven gracie ind genade in dieser tzijt ind nae deser tzijt de ewige vroude AMEN. Ur naem is suster gretgen smytz. Translation: This book is finished in the year of our Lord 1519 on the Sunday after the day of Saint Peter and Paul, the holy apostles, to honor God and His beloved mother and the most holy mother, Saint Anne. And all those who shall use this book should remember the writer with a Our Father and Hail Mary to honor the holy mother Saint Anne so that they may obtain her grace and mercy in this time and after this time, eternal joy. Amen. Her name is Sister Gretgen Smytz."
pu_24925,"Amsterdam, Universiteitsbibliotheek Amsterdam, XV E 21; Full manuscript",Netherlands,"Manuscript: Amsterdam, Universiteitsbibliotheek Amsterdam, XV E 21; Full manuscript | Country: Netherlands | City: Naarden | Region: Gool | Dating: 1482 | Century of production: 15 | Material: paper | Colophon language: Dutch (NL, DUTENG) | Extent: Full manuscript | Number of folios: 5 | Musical notation presence: FALSE | Scribes: Mouwersdochter, Naarden, Female (Female, Religious)","Original: Item dit boec hoert toe Fye anssen dochter woenende tot amsterledam totten elf dus ent maechden Bidt Bidt voer di ghene die hier een arm bezorghester of gheweest heeft om gods willen Suster mouwers dochter woenende te naerden lot sancta marien int cloest Translation: This book belongs to Fye Anssen's daughter residing in Amsterdam at the Eleven Virgins. Pray for those who have been a poor caretaker or attendant here, for God's sake. Sister Mouwers' daughter residing near the lottery at St. Mary's in the convent."
pu_24936,"Aosta, Biblioteca del Seminario maggiore, Ms. 265; Full manuscript",France,"Manuscript: Aosta, Biblioteca del Seminario maggiore, Ms. 265; Full manuscript | Country: France | Dating: 1486-1486 | Century of production: 15 | Material: paper | Colophon language: French (FR, FRE) | Extent: Full manuscript | Number of folios: 250 | Decoration presence: TRUE | Musical notation presence: FALSE | Scribes: Bernardine Dunant, Female (Female); Jean Gerson, Male (Male) | Texts copied: Jean Gerson, Male, Sermons, French (FR, FRE) [Religious Texts]","Original: Pries Nostre Seigneur, si vous plaîs, pour la povre seur Bernardine Dunant, qui a escript ce livre l’an de grace mille CCCC LXXXVI. Deo gracias. Translation: Pray to Our Lord, if you please, for the poor sister Bernardine Dunant, who wrote this book in the year of grace 1486. Thanks be to God."
pu_24947,"Appenzell, Pfarrei-Archiv, Ms. ohne Signatur; Full manuscript",Germany,"Manuscript: Appenzell, Pfarrei-Archiv, Ms. ohne Signatur; Full manuscript | Country: Germany | City: Nuremberg | Dating: 23 September 1471 | Century of production: 15 | Material: paper | Colophon language: German (DE, GER) | Extent: Full manuscript | Number of folios: 295 | Musical notation presence: FALSE | Scribes: Endlen von Nurmberg, Female (Female); Anonymous, TBC (TBC, Religious) | Texts copied: Anonymous, TBC, Lives of the Saints [Religious Texts]","Original: On Endlen von Nurmberg ain vnwirdigs swesterlin [von radiert] sant franciscen Ordens Translation: By Endlen of Nuremberg, an unworthy little sister [erased] of the Order of Saint Francis"
pu_24968,"Archivo de la Corona d’Aragón, Cancilleria, Pergamins Seniofredo 39; Full manuscript",Spain,"Manuscript: Archivo de la Corona d’Aragón, Cancilleria, Pergamins Seniofredo 39; Full manuscript | Country: Spain | City: Saint Joan de Ripoll | Region: Catalonia | Dating: 949 | Century of production: 10 | Material: parchment | Extent: Full manuscript | Number of folios: 1 | Scribes: Chindiberga, Saint Joan de Ripoll, Female (Female); Richeldes, Saint Joan de Ripoll, Female (Female); Hemmo/ Emma, Saint Joan de Ripoll, Female (Female); Carissima, Saint Joan de Ripoll, Female (Female); El-ló 1, Saint Joan de Ripoll, Female (Female)","Original: Signature on a charter not written in the hand of the main scribe: see Jonathan Jarrett, 'Nuns, Signatures, and Literacy in late-Carolingian Catalonia', Traditio, 74 (2019), 125-52 [https://www.cambridge.org/core/journals/traditio/article/nuns-signatures-and-literacy-in-latecarolingian-catalonia/B8B041290DAA2454521E44CEFF457CA3/share/022f0b20f668f69eb4cc3c18acfcebce01a5f1bb]"
pu_22171,"Arnhem, Openbare Bibliotheek, Ms.287; Full manuscript",Netherlands,"Manuscript: Arnhem, Openbare Bibliotheek, Ms.287; Full manuscript | Country: Netherlands | City: Arnhem | Region: Veluwe | Dating: 1469 | Century of production: 15 | Material: parchment | Colophon language: Dutch (NL, DUTENG) | Extent: Full manuscript | Number of folios: 228 | Decoration presence: TRUE | Musical notation presence: FALSE | Scribes: Geert Grote, Male (Male); Margariet Block, Arnhem, Female (Female) | Texts copied: Geert Grote, Male, Book of hours, Dutch (NL, DUTENG) [Religious Texts]","Original: Inden Jaer ons heren dusent cccc ende lxix is dit boec gescreven. Ende geeyndet omtrint sunte laurens mitter hant Suster Margariet blocks. Nonne toe bethanien buten Arnhem Translation: In the year of our Lord one thousand four hundred sixty-nine, this book was written. And finished around the feast of Saint Lawrence by the hand of Sister Margariet Blocks, nun at Bethany outside Arnhem."
pu_24979,"Arnhem, Openbare Bibliotheek, Ms.7; Full manuscript",Netherlands,"Manuscript: Arnhem, Openbare Bibliotheek, Ms.7; Full manuscript | Country: Netherlands | City: Amsterdam | Region: North Holland | Dating: 1474 | Century of production: 15 | Material: parchment and paper | Colophon language: Dutch (NL, DUTENG) | Extent: Full manuscript | Number of folios: 246 | Musical notation presence: FALSE | Monasteries: Canonesses Regular of St. Mary Magdalene (Op het Spui), Augustinian, Amsterdam, Netherlands | Scribes: Ave Pietersdochter, Amsterdam, Female (Female)","Original: Intjaer ons heren dusent cccc ende bcxiiij wort dit boec gheeynt te grote vastelavont. Dit boec hoert toe sinte maria magdalenen susteren te amstelredam byden bervoeten broeders woenende. Translation: In the year of our Lord one thousand four hundred fourteen, this book was finished on Great Shrove Tuesday. This book belongs to the sisters of Saint Mary Magdalene in Amsterdam, residing with the Barefoot Brothers."
pu_24990,"Arras, Bibliothèque de la Ville, 742; Full manuscript",France,"Manuscript: Arras, Bibliothèque de la Ville, 742; Full manuscript | Country: France | City: Arras | Dating: 1471-1471 | Century of production: 15 | Material: paper | Colophon language: French (FR, FRE) | Extent: Full manuscript | Number of folios: 225 | Decoration presence: TRUE | Musical notation presence: FALSE | Scribes: Jeannette Greberd, Unknown, Female (Female); Anonymous, TBC (TBC, Religious) | Texts copied: Anonymous, TBC, Life of Saint Alexis [Religious Texts]; Anonymous, TBC, Trespas Nostre Dame [Religious Texts]; Anonymous, TBC, Belle Helene de Constantinople [Literary Texts]","Original: Explicit le Trespas de N. Dame. Escrit par Jeannette Greberd, le Xe jour de march an LXXI avant Pasques. Translation: Explicit The Death of Our Lady. Written by Jeannette Greberd, on the 10th day of March in the year 71 before Easter."
pu_29172,"Auckland. Auckland Libraries, Med. MS G. 119; Full manuscript",France,"Manuscript: Auckland. Auckland Libraries, Med. MS G. 119; Full manuscript | Country: France | City: Paris | Dating: About 1425 to 1430 | Century of production: 15 | Material: paper | Colophon language: French (FR, FRE) | Extent: Full manuscript | Number of folios: 126 | Decoration presence: TRUE | Musical notation presence: FALSE | Scribes: Boethius, Male (Male); Sébastienne de Cambrai, Female (Female) | Texts copied: Boethius, Male, De consolatione philosophiae, Latin (LA, LAT) [Philosophical, and Scholarly Texts]","Original: Sebastienne de Cambray / Remors de mort retarde joye / Cueur en vertus dite fortune Encore Translation: Sebastienne of Cambrai — “Remorse for death delays joy. ‘A heart grounded in virtues,’ says Fortune, ‘endures still.’ ”"
pu_25001,"Augsburg, Archiv des Bistums, Ordin. 27a.; Full manuscript",Germany,"Manuscript: Augsburg, Archiv des Bistums, Ordin. 27a.; Full manuscript | Country: Germany | City: Augsburg | Dating: 1527 | Century of production: 16 | Material: parchment | Colophon language: German (DE, GER) | Extent: Full manuscript | Number of folios: 173 | Decoration presence: TRUE | Musical notation presence: TRUE | Monasteries: Saint Stephan, Augustinian, Augsburg, Germany, 969-
1802 | Scribes: Anna von Freyberg, Female (Female, Religious); Anonymous, TBC (TBC, Religious) | Texts copied: Anonymous, TBC, Gradual [Religious Texts]","Original: Zuo lob vnd eer got ... ist diss buch gemcht vnd verordnet worden durch... Anne von Freyberg äptissin ... zuo sant Steffen ... 1527 Translation: To the praise and honor of God, this book was made and arranged by Anne von Freyberg, Abbess of St. Stephen’s, in the year 1527."
pu_14220,"Augsburg, Universitätsbibliothek, III.1.2° 12; Full manuscript",Germany,"Manuscript: Augsburg, Universitätsbibliothek, III.1.2° 12; Full manuscript | Country: Germany | City: Bamberg | Region: Bavaria | Dating: 1465-1466 | Century of production: 15 | Material: paper | Colophon language: German (DE, GER) | Extent: Full manuscript | Number of folios: 247 | Decoration presence: TRUE | Musical notation presence: FALSE | Monasteries: Bamberg, Dominican convent of the Holy Sepulchre, Dominican, Bamberg, Germany, 1356-
1803 | Scribes: Martha Peurlin, Bamberg, Female (Female, Religious); Raymond of Capua, Male (Male); Vincent Ferrer, Male (Male); Anonymous, TBC (TBC, Religious) | Texts copied: Vincent Ferrer, Male, On the Growth and Observance of the Order of Preachers, Latin (LA, LAT) [Religious Texts]; Anonymous, TBC, Legend of Saint Catherine of Alexandria [Religious Texts]; Anonymous, TBC, Life of Saint Vincent Ferrer [Religious Texts]; Raymond of Capua, Male, Life of Saint Catherine of Siena, Latin (LA, LAT) [Religious Texts]","Original: Daß buch gehörtt in daß closter zum heilligen grab prediger Ordens neben Bamberg, das hat geschriben swester Marthae Pewrlin Anno 1465 und 1466 ... Translation: That book belongs to the monastery of the Holy Sepulchre of the Dominican Order near Bamberg, written by Sister Martha Pewrlin in the years 1465 and 1466 ..."
pu_25046,"Augsburg, Universitätsbibliothek, III.1.2° 40; Full manuscript",Germany,"Manuscript: Augsburg, Universitätsbibliothek, III.1.2° 40; Full manuscript | Country: Germany | City: Maihingen | Region: Bavaria | Dating: 1497-1497 | Century of production: 15 | Material: paper | Colophon language: German (DE, GER) | Extent: Full manuscript | Number of folios: 123 | Decoration presence: TRUE | Musical notation presence: FALSE | Monasteries: Maihingen, Brigittine, Maihingen, Germany | Scribes: Augustine of Hippo, Male (Male); Anonymous, TBC (TBC, Religious); Katharina Jopplin, Maihingen, Female (Female); Petrus Olavi of Alvastra, Male (Male) | Texts copied: Anonymous, TBC, Lucidarium for the nuns of the Bridgettine Order [Philosophical, and Scholarly Texts]; Augustine of Hippo, Male, Rule of Saint Augustine, Latin (LA, LAT) [Philosophical, and Scholarly Texts]; Anonymous, TBC, Birgittine Rule [Philosophical, and Scholarly Texts]; Petrus Olavi of Alvastra, Male, Constitutions, Latin (LA, LAT) [Philosophical, and Scholarly Texts]",Original: Das buch der regeln ... ist außgeschriben worden am mitwoch vor der verschydung unser heylligen mutter sant Birgitten (= 19. Juli) do man zalt ... 1497 jar von Schwester Katherina Jopplin von Nurmberck ... Translation: The book of the rules ... was transcribed on the Wednesday before the passing of our holy mother Saint Birgitta (= July 19) in the year 1497 by Sister Katherina Jopplin from Nuremberg ...
pu_25068,"Augsburg, Universitätsbibliothek, III.1.2° 8; Full manuscript",Germany,"Manuscript: Augsburg, Universitätsbibliothek, III.1.2° 8; Full manuscript | Country: Germany | City: Nuremberg | Region: Bavaria | Dating: 1437 | Century of production: 15 | Material: parchment and paper | Colophon language: German (DE, GER) | Extent: Full manuscript | Number of folios: 238 | Decoration presence: TRUE | Musical notation presence: FALSE | Monasteries: Saint Katharina, Dominican, Nuremberg, Germany, 1295 | Scribes: Kunigund Niklasin, Nuremberg, Female (Female, Religious); Conr. Frackendorffer, Nuremberg, Male (Male, Religious)","Original: Dicz puch ist auSSgeschriben worden do man czalt von unsers lieben herren Jhesu Cristi gepurd M. CCCC. und in dem XXXVII jor an dem heiligen krewcz abent als ez gefunden ward in dem herbst (= 13 Sept). Pyt got fu/e/r die schreyberin die dicz puch geshcriben hat daz ir got genedig sey hie in zeyt und dort in ewigkeyt amen. Translation: This book was copied in the year of our dear Lord Jesus Christ 1437, on the evening of the Feast of the Holy Cross, when it was found in the autumn (September 13). Pray to God for the scribe who wrote this book, that God may be merciful to her here in time and there in eternity, amen.”"
pu_25079,"Augsburg, Universitätsbibliothek, III.1.8° 16; Full manuscript",Germany,"Manuscript: Augsburg, Universitätsbibliothek, III.1.8° 16; Full manuscript | Country: Germany | City: Nuremberg | Region: Bavaria | Dating: 2nd quarter of the 15th century | Century of production: 15 | Material: paper | Colophon language: German (DE, GER) | Extent: Full manuscript | Number of folios: 342 | Decoration presence: FALSE | Musical notation presence: FALSE | Monasteries: Saint Katharina, Dominican, Nuremberg, Germany, 1295 | Scribes: Cecilia Rotin, Nuremberg, Female (Female, Religious); Ms. Augsburg III.1.8° 16 Unidentified hand A, Nuremberg, Female (Female, Religious); Gerhard Comitis, Male (Male) | Texts copied: Gerhard Comitis, Male, Lenten Sermons, Latin (LA, LAT) [Religious Texts]","Original: Item das puch hat S. Cecilia Rötin gezeugt und gesriben unserm covent zu sant Kathr. pitt got für sie. Translation: Likewise, Sister Cecilia Rötin created and wrote this book for our convent of St. Catherine. Pray to God for her."
pu_25090,"Augsburg, Universitätsbibliothek, III.1.8° 17; f. 1–4",Germany,"Manuscript: Augsburg, Universitätsbibliothek, III.1.8° 17; f. 1–4 | Country: Germany | City: Binsdorf | Region: Baden-Württemberg | Dating: 1491-1491 | Century of production: 15 | Material: paper | Colophon language: German (DE, GER) | Extent: f. 1–4 | Number of folios: 4 | Decoration presence: TRUE | Monasteries: Dominican nunnery of Binsdorf (Black Forest), Dominican | Scribes: Elisabeth, Binsdorf, Female (Female, Religious); Ms. Augsburg III.1.8° 17, Unidentified nun-scribe A, Female (Female, Religious)","Original: Bitent got fir mich Schwester Elisabeth breiger orden yn Binßdorff die daz geschriben hatt anno domini 1491 jar. Translation: Pray to God for me, Sister Elisabeth of the Dominican Order in Binsdorf, who wrote this in the year of the Lord 1491."
pu_32868,"Augsburg, Universitätsbibliothek, III.1.8° 17; f. 5–257",Germany,"Manuscript: Augsburg, Universitätsbibliothek, III.1.8° 17; f. 5–257 | Country: Germany | Region: Swabia | Dating: 1491-1491 | Century of production: 15 | Material: paper | Colophon language: German (DE, GER) | Extent: f. 5–257 | Number of folios: 252 | Musical notation presence: FALSE | Scribes: Ms. Augsburg III.1.8° 17, Unidentified nun-scribe A, Female (Female, Religious); Sister E.S., Female (Female) | Texts copied: Anonymous, TBC, Passion of Christ [Religious Texts]","Original: das ich dardurch mug eingan in die ewigen glory das verlieh uns allen Jhus Xps durch sein piters leiden und sterben amen, S[chwester] E.S.ora pro eo (!). Translation: that through this I may enter eternal glory, grant this to us all, Jesus Christ, through his bitter suffering and death. Amen. Sister E.S., pray for him (sic)"
pu_25101,"Augsburg, Universitätsbibliothek, III.1.8° 3; Full manuscript",Germany,"Manuscript: Augsburg, Universitätsbibliothek, III.1.8° 3; Full manuscript | Country: Germany | City: Augsburg | Region: Bavaria | Dating: 15th century - around 1449 with additions in 1483 | Century of production: 15 | Material: paper | Colophon language: Latin (LA, LAT) | Extent: Full manuscript | Number of folios: 161 | Decoration presence: FALSE | Musical notation presence: FALSE | Scribes: Elisabeth Waraus, Augsburg, Female (Female, Religious) | Texts copied: Anonymous, TBC, Additions [Practical Genres]",Original: f.1r: In amore tuo langweo. Anno domini M° CCCC° XLVIIII°. Translation: f.1r: “I languish in your love. In the year of our Lord 1449.”
pu_25124,"Augsburg, Universitätsbibliothek, III.1.8° 44; Full manuscript",Germany,"Manuscript: Augsburg, Universitätsbibliothek, III.1.8° 44; Full manuscript | Country: Germany | Region: Swabia | Dating: Second half of the 16th century | Century of production: 16 | Material: paper | Colophon language: German (DE, GER) | Extent: Full manuscript | Number of folios: 393 | Musical notation presence: FALSE | Scribes: Magdalena Hermanin, Female (Female)","Original: Magdalena Hermani[n] hat daz piechlin geschriben, wem es nach ir wert der LaSS ims in sunderht befolchen sein... Translation: Magdalena Hermann wrote this little book, and to whomever it will belong after her, may they especially keep it safe…"
pu_25146,"Augsburg, Universitätsbibliothek, III.1.8° 5; Full manuscript",Germany,"Manuscript: Augsburg, Universitätsbibliothek, III.1.8° 5; Full manuscript | Country: Germany | City: Bamberg | Region: Bavaria | Dating: 1458 | Century of production: 15 | Material: paper | Colophon language: Latin (LA, LAT) | Extent: Full manuscript | Number of folios: 96 | Decoration presence: TRUE | Musical notation presence: FALSE | Monasteries: Klarissenkloster, Poor Clares, Bamberg, Germany, 1341-
1803 | Scribes: Margareta Lemlin, Bamberg, Female (Female, Religious); Anonymous, TBC (TBC, Religious) | Texts copied: Anonymous, TBC, Prayer Book [Religious Texts]","Original: [S]cripsit hec Margreta Lemlin indigna filia et ancilla beatissime virginis Clare ad usum Anne soror mea (!) et rogo omnes in isto libro le gentes ut memoriam mei habeant ...et specialiter Anne Yngramin que librum hoc illuminavit. Anno domini M° CCCC° LVIII°. Translation: Written by Margareta Lemlin, unworthy daughter and servant of the most blessed Virgin Clare, for the use of my sister Anna, and I ask all who read in this book to remember me … and especially Anna Yngramin, who illuminated this book. In the year of the Lord 1458."
pu_25333,"Aveiro, Museu de Aveiro, MAV, 21CD - PT/MA/ANTF 9; Full manuscript",Portugal,"Manuscript: Aveiro, Museu de Aveiro, MAV, 21CD - PT/MA/ANTF 9; Full manuscript | Country: Portugal | City: Aveiro | Region: Centro | Dating: 1489 | Century of production: 15 | Material: parchment | Colophon language: Portuguese} (PT, POR) | Extent: Full manuscript | Number of folios: 82 | Decoration presence: TRUE | Musical notation presence: TRUE | Monasteries: Convent of Jesus of Aveiro, Dominican, Aveiro, Portugal, 1462 | Scribes: Isabel Luís, Aveiro, Female (Female, Religious); Anonymous, TBC (TBC, Religious) | Texts copied: Anonymous, TBC, Processional [Religious Texts]","Original: Este p[roces]sional he do mosteiro de Jh[es]u daveiro screveu isabel luys freira do dito convento. Translation: This processional of the monastery of Jesus de Aveiro was written by Isabel Luys, nun of the said convent."
pu_25335,"Aveiro, Museu de Aveiro, MAV, 22CD - PT/MA/ANTF 8; Full manuscript",Portugal,"Manuscript: Aveiro, Museu de Aveiro, MAV, 22CD - PT/MA/ANTF 8; Full manuscript | Country: Portugal | City: Aveiro | Region: Centro | Dating: 1489 | Century of production: 15 | Material: parchment | Colophon language: Portuguese} (PT, POR) | Extent: Full manuscript | Number of folios: 86 | Decoration presence: TRUE | Musical notation presence: TRUE | Monasteries: Convent of Jesus of Aveiro, Dominican, Aveiro, Portugal, 1462 | Scribes: Isabel Luís, Aveiro, Female (Female, Religious); Anonymous, TBC (TBC, Religious) | Texts copied: Anonymous, TBC, Processional [Religious Texts]","Original: Este livro processional he do mosteyro de Jh[es]u daveyro. Acabousse sexta feyra xxii dias de Junho. Era de mil. cccclxxxix. Escreveo Soror Ysabel Luys freyra do dicto convento Translation: This processional book is from the monastery of Jesus de Aveiro. It was finished on Friday, the 22nd of June, in the year 1389. It was written by Sister Ysabel Luys, nun of the said convent."
pu_25336,"Aveiro, Museu de Aveiro, MAV, 23CD - PT/MA/ANTF 19; Full manuscript",Portugal,"Manuscript: Aveiro, Museu de Aveiro, MAV, 23CD - PT/MA/ANTF 19; Full manuscript | Country: Portugal | City: Aveiro | Region: Centro | Dating: 1489 | Century of production: 15 | Material: parchment | Colophon language: Portuguese} (PT, POR) | Extent: Full manuscript | Number of folios: 87 | Decoration presence: TRUE | Musical notation presence: TRUE | Monasteries: Convent of Jesus of Aveiro, Dominican, Aveiro, Portugal, 1462 | Scribes: Isabel Luís, Aveiro, Female (Female, Religious); Anonymous, TBC (TBC, Religious) | Texts copied: Anonymous, TBC, Processional [Religious Texts]","Original: Este p[ro]cessionaryo he do mosteyro de Jh[es]u daveyro . Acabousse descrever quinta feyra seys dias dagosto . Era de mil cccclxxxix. Screveo. Translation: This processional is from the monastery of Jesus de Aveiro. It was finished on Thursday, the 6th of August, in the year 1389. It was written by."
pu_25337,"Aveiro, Museu de Aveiro, MAV, 24CD - PT/MA/ANTF 4; Full manuscript",Portugal,"Manuscript: Aveiro, Museu de Aveiro, MAV, 24CD - PT/MA/ANTF 4; Full manuscript | Country: Portugal | City: Aveiro | Region: Centro | Dating: 1489 | Century of production: 15 | Material: parchment | Colophon language: Portuguese} (PT, POR) | Extent: Full manuscript | Number of folios: 84 | Decoration presence: TRUE | Musical notation presence: TRUE | Monasteries: Convent of Jesus of Aveiro, Dominican, Aveiro, Portugal, 1462 | Scribes: Isabel Luís, Aveiro, Female (Female, Religious); Anonymous, TBC (TBC, Religious) | Texts copied: Anonymous, TBC, Processional [Religious Texts]","Original: Este livro p[ro]cessional he do mosteyro de Jh[es]u. Acabousse sexta feyra xviii de Setembº. Era de mil lxxxix. Screveo Isabel Luys freyra do dicto convento. Translation: This processional book is from the monastery of Jesus. It was finished on Friday, the 18th of September, in the year 1389. It was written by Isabel Luys, nun of the said convent."
pu_25338,"Aveiro, Museu de Aveiro, MAV, 25CD - PT/MA/ANTF 39; Full manuscript",Portugal,"Manuscript: Aveiro, Museu de Aveiro, MAV, 25CD - PT/MA/ANTF 39; Full manuscript | Country: Portugal | City: Aveiro | Region: Centro | Dating: 1489 | Century of production: 15 | Material: parchment | Colophon language: Portuguese} (PT, POR) | Extent: Full manuscript | Number of folios: 90 | Decoration presence: TRUE | Musical notation presence: TRUE | Monasteries: Convent of Jesus of Aveiro, Dominican, Aveiro, Portugal, 1462 | Scribes: Isabel Luís, Aveiro, Female (Female, Religious); Anonymous, TBC (TBC, Religious) | Texts copied: Anonymous, TBC, Processional [Religious Texts]","Original: Este livro p[ro]cessional he do mosteyro de Jh[es]u. Acabousse aos xxviii de Novembº. Era de lxxxix Screveo Isabel Luys freyra do dicto convento. Translation: This processional book is from the monastery of Jesus. It was finished on the 28th of November, in the year 1389. It was written by Isabel Luys, nun of the said convent."
pu_25339,"Aveiro, Museu de Aveiro, MAV, 26CD; Full manuscript",Portugal,"Manuscript: Aveiro, Museu de Aveiro, MAV, 26CD; Full manuscript | Country: Portugal | City: Aveiro | Region: Centro | Dating: 1480-1482 | Century of production: 15 | Colophon language: Portuguese} (PT, POR) | Extent: Full manuscript | Decoration presence: TRUE | Monasteries: Convent of Jesus of Aveiro, Dominican, Aveiro, Portugal, 1462 | Scribes: Leonor de Menezes, Aveiro, Female (Female, Religious); Anonymous, TBC (TBC, Religious) | Texts copied: Anonymous, TBC, Processional [Religious Texts]",Original: Este livro p[ro]cessyonal he do moesteyro de Jh[es]u [e] escreveu a_madre p[ri]oressa dona lyanor de meneses Translation: This processional book is from the monastery of Jesus and was written by the abbess Dona Lyanor de Meneses.
pu_25340,"Aveiro, Museu de Aveiro, MAV, 32CD - PT/MA/COD 15; Full manuscript",Portugal,"Manuscript: Aveiro, Museu de Aveiro, MAV, 32CD - PT/MA/COD 15; Full manuscript | Country: Portugal | City: Aveiro | Region: Centro | Dating: 1491 | Century of production: 15 | Material: parchment | Colophon language: Portuguese} (PT, POR) | Extent: Full manuscript | Number of folios: 97 | Decoration presence: TRUE | Musical notation presence: TRUE | Monasteries: Convent of Jesus of Aveiro, Dominican, Aveiro, Portugal, 1462 | Scribes: Isabel Luís, Aveiro, Female (Female, Religious); Anonymous, TBC (TBC, Religious) | Texts copied: Anonymous, TBC, Ritual [Religious Texts]","Original: Este liv[ro] he do Mostey[ro] de Jh[es]u da veiro acabousse de escrev[er] sabado xxii dias de Jully Era de mil . iiii . Ri . Escreveo isabel . luis . freyra do d[i]cto c[on]vēto. Translation: This book is from the Monastery of Jesus of Aveiro. It was completed on Saturday, the 22nd of July, in the year 1404. Written by Isabel Luís, nun of the said convent."
pu_25343,"Aveiro, Museu de Aveiro, MAV, 5CD; Full manuscript",Portugal,"Manuscript: Aveiro, Museu de Aveiro, MAV, 5CD; Full manuscript | Country: Portugal | City: Aveiro | Region: Centro | Dating: c. 1482-1500 | Century of production: 15 | Material: parchment | Colophon language: Portuguese} (PT, POR) | Extent: Full manuscript | Number of folios: 146 | Decoration presence: TRUE | Musical notation presence: TRUE | Monasteries: Convent of Jesus of Aveiro, Dominican, Aveiro, Portugal, 1462 | Scribes: Maria de Ataíde, Aveiro, Female (Female, Religious); Anonymous, TBC (TBC, Religious) | Texts copied: Anonymous, TBC, Antiphonary [Religious Texts]","Original: Este livro screveo e apontou a muyto virtuosa madre Maria Dathayde  prioresa deste Moesteyro de Jhesu, nosso Senhor Translation: This book was written and pointed out by the very virtuous Mother Maria Datayde, Prioress 81 of this Monastery of Jesus our Lord."
pu_25347,"Aveiro, Museu de Aveiro, MAV, 8CD; Full manuscript",Portugal,"Manuscript: Aveiro, Museu de Aveiro, MAV, 8CD; Full manuscript | Country: Portugal | City: Aveiro | Region: Centro | Dating: c. 1482-1490 | Century of production: 15 | Material: parchment | Colophon language: Portuguese} (PT, POR) | Extent: Full manuscript | Number of folios: 167 | Decoration presence: TRUE | Musical notation presence: TRUE | Monasteries: Convent of Jesus of Aveiro, Dominican, Aveiro, Portugal, 1462 | Scribes: Maria de Ataíde, Aveiro, Female (Female, Religious); Anonymous, TBC (TBC, Religious) | Texts copied: Anonymous, TBC, Antiphonary [Religious Texts]","Original: Este livro screveo e apontou a muito virtuosa madre: Maria Dathayde: prioresa  deste moesteyro de Nosso Senhor Jhesu dAveyro. Translation: “This book was written and pointed out by the very virtuous Mother Maria Datayde, Prioress of this Monastery of our Lord Jesus of Aveiro.”"
pu_25348,"Aveiro, Museu de Aveiro, MAV, 9CD; Full manuscript",Portugal,"Manuscript: Aveiro, Museu de Aveiro, MAV, 9CD; Full manuscript | Country: Portugal | City: Aveiro | Region: Centro | Dating: 1488 | Century of production: 15 | Material: parchment | Colophon language: Portuguese} (PT, POR) | Extent: Full manuscript | Decoration presence: TRUE | Musical notation presence: TRUE | Monasteries: Convent of Jesus of Aveiro, Dominican, Aveiro, Portugal, 1462 | Scribes: Maria de Ataíde, Aveiro, Female (Female, Religious); Isabel Luís, Aveiro, Female (Female, Religious); Anonymous, TBC (TBC, Religious) | Texts copied: Anonymous, TBC, Antiphonary [Religious Texts]","Original: “Este livro he do Mosteyro de Jhesus.  Escreueo a madre prioressa Maria datayde  ataa ho officio de Sancta Cruz de Setembro.  E acabou soror Ysabel Luys, freyra do dito  Conuento. Acabou de escrever e iluminar a  XXIX de Agosto. Era de BXXXBIII”. Translation: “This book is from the Monastery of Jesus. It was written by the Mother Prioress Maria Dathayde, at the office of Saint [Cross] of September. And it was finished by Sister Isabel Luys, nun of the said convent, who completed the writing and illumination on the 29th day of August. It was the year 1483.”"
pu_25201,"Averbode, NA, 1 (BNM); Full manuscript",Belgium,"Manuscript: Averbode, NA, 1 (BNM); Full manuscript | Country: Belgium | City: Oplinter | Region: Flemish Region | Dating: 1568 | Century of production: 16 | Material: parchment | Colophon language: German (DE, GER) | Extent: Full manuscript | Musical notation presence: FALSE | Monasteries: Maagdendael Abbey, Cistercian, Oplinter, Belgium | Scribes: Maria Happaerts, Oplinter, Female (Female, Religious); Anonymous, TBC (TBC, Religious) | Texts copied: Anonymous, TBC, Statutes of Maagdendal Abbey (Oplinter) [Philosophical, and Scholarly Texts]","Original: Eynt dat boeck der diffinitien vergadert int jaer ons heren .M.CCC.XVII. ende vanden paus gheconfirmeert. alle andere diffinitien weder ropen. uyten latijn in duytschen ghestelt bij vrouwe marie happarts abdisse des cloesters van meechdendael bij oplintere Anno domini xv[c] lxviii Translation: This book of the definitions was compiled in the year of our Lord 1317 and confirmed by the Pope, calling back all other definitions. Translated from Latin into German by Lady Marie Happarts, abbess of the monastery of Mechelen at Oplinter, in the year of our Lord 1568."
pu_25235,"Bamberg, Bibliothek des Metropolitankapitels, MS. 29; Full manuscript",Germany,"Manuscript: Bamberg, Bibliothek des Metropolitankapitels, MS. 29; Full manuscript | Country: Germany | City: Nuremberg | Region: Bavaria | Dating: 1494 | Century of production: 15 | Material: paper | Colophon language: German (DE, GER) | Extent: Full manuscript | Number of folios: 423 | Decoration presence: TRUE | Musical notation presence: FALSE | Monasteries: Saint Klara, Poor Clares, Nuremberg, Germany,-
1525 | Scribes: Heinrich Vigilis von Weißenburg, Male (Male); Barbara Stromer, Nuremberg, Female (Female, Religious) | Texts copied: Heinrich Vigilis von Weißenburg, Male, Sermons, German (DE, GER) [Religious Texts]",Original: swester Barbara stromerin [...] in dem jar sy gestorben ist Translation: Sister  Barbara Stromerin [...] in the year she died
pu_22830,"Bamberg, Staatsbibliothek, Hist. 146; Full manuscript",Germany,"Manuscript: Bamberg, Staatsbibliothek, Hist. 146; Full manuscript | Country: Germany | City: Nuremberg | Region: Bavaria | Dating: 4th quarter of the 14th century (around 1380/90, before 1393) | Century of production: 14 | Material: parchment | Colophon language: German (DE, GER) | Extent: Full manuscript | Number of folios: 224 | Decoration presence: TRUE | Musical notation presence: FALSE | Monasteries: Saint Klara, Poor Clares, Nuremberg, Germany,-
1525 | Scribes: Saint Clare of Assisi, Female (Female); Katharina Hoffmann, Nuremberg, Female (Female, Religious) | Texts copied: Saint Clare of Assisi, Female, Book of Saint Clare, Latin (LA, LAT) [Religious Texts]","Original: Schl. mit roth geschriebenen Versen: Swer an disem bvch werd lesen -Der schal des gemant . wesen -Daz er gedenk dvrch got: swester -katherin · hofmenin dez ist ir not -Die daz bvch geschriben hat --Daz ir got helf avz aller nat -vnd geb ir ze lon -Die himelischen kron -Amen Translation: Whoever reads in this book shall be remembered, that he may remember God: Sister Katherine Hofmenin is in need, who has written this book — may God help her out of all trouble and give her as reward the heavenly crown. Amen."
pu_25257,"Bamberg, Staatsbibliothek, Hist. 147; f. 1-214v",Germany,"Manuscript: Bamberg, Staatsbibliothek, Hist. 147; f. 1-214v | Country: Germany | City: Nuremberg | Region: Bavaria | Dating: Last quarter of the 14th century | Century of production: 14 | Material: parchment | Colophon language: German (DE, GER) | Extent: f. 1-214v | Number of folios: 214 | Decoration presence: TRUE | Musical notation presence: FALSE | Monasteries: Saint Klara, Poor Clares, Nuremberg, Germany,-
1525 | Scribes: Saint Clare of Assisi, Female (Female); Ms. Bamberg Hist. 147 Unidentified hand A, Nuremberg, Female (Female, Religious); Margarethe von Wiesenthau, Nuremberg, Female (Female, Religious) | Texts copied: Saint Clare of Assisi, Female, Book of Saint Clare, Latin (LA, LAT) [Religious Texts]","Original: Muz dir got geben daz du alle zeit seist mit ym Amen) unn ich auch M. Wisentaverinn Translation: “(May God grant you that you are always with Him, Amen) and I as well, M. Wisentaverinn (Margarethe von Wiesenthan, former abbess of the Poor Clares of Nuremberg until 1403).” HKOL states: f.183, Schl.: ‘and may God grant you that you are always with Him, Amen.’ Then outlined in red ink: ‘and I as well, M. Wisentaverinn.’”"
pu_22446,"Bamberg, Staatsbibliothek, Hist. 148; full manuscript",Germany,"Manuscript: Bamberg, Staatsbibliothek, Hist. 148; full manuscript | Country: Germany | City: Nuremberg | Region: Bavaria | Dating: 2nd half of the 14th century (around 1363?) | Century of production: 14 | Material: parchment | Colophon language: German (DE, GER) | Extent: full manuscript | Number of folios: 147 | Decoration presence: TRUE | Musical notation presence: FALSE | Monasteries: Saint Klara, Poor Clares, Nuremberg, Germany,-
1525 | Scribes: Theodoric of Apolda, Male (Male); Katharina Hoffmann, Nuremberg, Female (Female, Religious) | Texts copied: Theodoric of Apolda, Male, Life of Saint Elisabeth, Latin (LA, LAT) [Religious Texts]",Original: Auch die ez schraip mit irr hant Katherina Hofmenin ist sie genant. Translation: Also this she wrote with her hand — Katherina Hofmenin is her name.
pu_22879,"Bamberg, Staatsbibliothek, Hist. 152; Full manuscript",Germany,"Manuscript: Bamberg, Staatsbibliothek, Hist. 152; Full manuscript | Country: Germany | City: Nuremberg | Region: Bavaria | Dating: 1406-1424 (First quarter, after 1406) | Century of production: 16 | Material: parchment | Colophon language: German (DE, GER) | Extent: Full manuscript | Number of folios: 151 | Decoration presence: TRUE | Musical notation presence: FALSE | Monasteries: Saint Klara, Poor Clares, Nuremberg, Germany,-
1525 | Scribes: Agnes Sampach, Langheim, Female (Female, Religious)","Original: Do ich agnes sampachinn sein phlegerin was Translation: When I, Agnes Sampaich, was her caregiver.”"
pu_25268,"Bamberg, Staatsbibliothek, Hist. 154; Full manuscript",Germany,"Manuscript: Bamberg, Staatsbibliothek, Hist. 154; Full manuscript | Country: Germany | City: Nuremberg | Region: Bavaria | Dating: 1451 | Century of production: 15 | Material: paper | Colophon language: German (DE, GER) | Extent: Full manuscript | Number of folios: 164 | Decoration presence: TRUE | Musical notation presence: FALSE | Monasteries: Saint Katharina, Dominican, Nuremberg, Germany, 1295 | Scribes: Kunigund Niklasin, Nuremberg, Female (Female, Religious); Anonymous, TBC (TBC, Religious) | Texts copied: Anonymous, TBC, Legend of Saint Catherine of Alexandria [Religious Texts]","Original: Das puch ist aussgeschriben worden, do man czalt noch unsers lieben herren Iesu xpi gepurt 1451 iar, acht tag vor sant Maria Magdalenatag. Pit den almechtigen god und...s. Katherina fu""r die schreiberin, die dise legent geschriben hat in ir. Das werd war . Amen.' Translation: his book was copied in the year of our dear Lord Jesus Christ, 1451, eight days before the feast of St. Mary Magdalene. Pray to Almighty God and St. Catherine for the scribe who wrote this legend in her love, so that Almighty God may be praised for it, Let this be true. Amen."
pu_25279,"Bamberg, Staatsbibliothek, Hist. 159; Full manuscript",Germany,"Manuscript: Bamberg, Staatsbibliothek, Hist. 159; Full manuscript | Country: Germany | City: Nuremberg | Region: Bavaria | Dating: 4th quarter of the 14th century (before 1387) | Century of production: 14 | Material: parchment | Colophon language: German (DE, GER) | Extent: Full manuscript | Number of folios: 273 | Monasteries: Saint Klara, Poor Clares, Nuremberg, Germany,-
1525 | Scribes: Adelheid von Streitberg, Nuremberg, Female (Female, Religious)","Original: Ich swester Alheit von Streytperg han daz puch geschriben... unn ze eren den dreyn geswister ... Maria Mag. Martha. Lazarus. unn ich pit begirlich alle ... daz si mein ze gedanken. un meiner liben swester Petersn ... und swester Ma/ Rabenekerin. Translation: I, Sister Alheit von Streytperg, have written this book… in honor of the three siblings… Mary Magdalene, Martha, and Lazarus. And I earnestly ask all… that they remember me, and my dear Sister Petersn… and Sister M[a] Rabenekerin."
pu_25301,"Bamberg, Staatsbibliothek, Lit. 130; Full manuscript",Germany,"Manuscript: Bamberg, Staatsbibliothek, Lit. 130; Full manuscript | Country: Germany | City: Bamberg | Region: Bavaria | Dating: 1401/1500 & 1499 | Century of production: 15 | Material: parchment | Colophon language: German (DE, GER) | Extent: Full manuscript | Number of folios: 84 | Decoration presence: TRUE | Musical notation presence: TRUE | Monasteries: Bamberg, Dominican convent of the Holy Sepulchre, Dominican, Bamberg, Germany, 1356-
1803 | Scribes: Ms. Bamberg, Staatsbibliothek, Lit. 130, Unidentified Hand 1, Female (Female); Anonymous, TBC (TBC, Religious) | Texts copied: Anonymous, TBC, Processional [Religious Texts]",Original: Pitt got fur die schreiberin. Translation: Pray to God for the scribe.
pu_25323,"Bamberg, Staatsbibliothek, Lit. 184; Full manuscript",Germany,"Manuscript: Bamberg, Staatsbibliothek, Lit. 184; Full manuscript | Country: Germany | City: Nuremberg | Region: Bavaria | Dating: Around 1500 | Century of production: 15, 16 | Material: parchment | Colophon language: German (DE, GER) | Extent: Full manuscript | Number of folios: 143 | Decoration presence: TRUE | Musical notation presence: FALSE | Monasteries: Saint Klara, Poor Clares, Nuremberg, Germany,-
1525 | Scribes: Dorothea Feuchnerinn, Nuremberg, Female (Female, Religious); Anonymous, TBC (TBC, Religious) | Texts copied: Anonymous, TBC, Prayer Book [Religious Texts]","Original: Dorotteh (sic) feuchnerinn die hatt das geschriben unnd das bu""chlein das ist den klaren (?) mein freundliche grus zuuor am libe Clor Translation: Doratte Feuchnerin, she wrote this, and this little book is for the Poor Clares (?), my friendly greetings to the beloved Clor usw"
pu_25312,"Bamberg, Staatsbibliothek, Lit. 18; Full manuscript",Germany,"Manuscript: Bamberg, Staatsbibliothek, Lit. 18; Full manuscript | Country: Germany | City: Bamberg | Region: Bavaria | Dating: 1498-1501 | Century of production: 15 | Material: parchment | Colophon language: Latin (LA, LAT) | Extent: Full manuscript | Number of folios: 174 | Decoration presence: TRUE | Musical notation presence: TRUE | Monasteries: Klarissenkloster, Poor Clares, Bamberg, Germany, 1341-
1803 | Scribes: fr. Franciscus presbiterorum, Bamberg, Male (Male); Anonymous, TBC (TBC, Religious); Dorothea Marchionissa, Bamberg, Female (Female) | Texts copied: Anonymous, TBC, Gradual [Religious Texts]","Original: Presens opus cum alijs XII voluminibus incepit fr. Franciscus Mathie de observantia O.Min. sub vicario provinciali patre utique rev. Iohanne de Lindefelcz apud s. Claram in Bamberga in cenobio seu domuncula confessoris virginum atque sororum s. Clare sub abbatissa Katharina Sensenschmidin Iudoco Cutzenbach confessore bene digno cuius anima requiescat in pace. a. incarn. ... 1498 circa festum assumptionis Marie v. et feliciter determinavit manu propria prememoratus fr. Franciscus presbiterorum minimus in litera non (!) illuminatione reliigatione atque correctione sub rev. p. Iohanne Keller proviciali vicario generosa abbatissa Dorothea Marchionissa patre Frederico Gerberstorfer confessore pro tunc existente utique famoso a. salutis 1501 in vig. festi purificationis Marie immaculate virg. (etc.) Translation: This present work, along with twelve other volumes, was begun by Brother Franciscus Mathie of the Observant branch of the Friars Minor, under the provincial vicar, the reverend Father Johannes of Lindefelcz, at St. Clare’s in Bamberg, in the small monastery or residence of the confessor of the virgins and sisters of St. Clare, under Abbess Katharina Sensenschmid, with the worthy confessor Jodocus Cutzenbach, whose soul may rest in peace. In the year of the Incarnation 1498, around the feast of the Assumption of the Virgin Mary, it was happily completed by the same Brother Franciscus, the least of priests, with his own hand. The work was not (!) illuminated, bound, or corrected under the reverend Father Johannes Keller, provincial vicar, the noble Abbess Dorothea Marchioness, and Father Frederico Gerberstorfer, the well-known confessor at that time, in the year of salvation 1501, on the eve of the feast of the Purification of the Immaculate Virgin Mary (etc.)."
pu_25334,"Bamberg, Staatsbibliothek, Msc.Lit. 145; f. 1-111v",Germany,"Manuscript: Bamberg, Staatsbibliothek, Msc.Lit. 145; f. 1-111v | Country: Germany | City: Bamberg | Region: Bavaria | Dating: 1473 | Century of production: 15 | Material: paper | Colophon language: Latin (LA, LAT) | Extent: f. 1-111v | Number of folios: 111 | Musical notation presence: FALSE | Scribes: Elizabeth, Bamberg, Female (Female); Benedict of Nursia, Male (Male) | Texts copied: Benedict of Nursia, Male, Rule of Saint Benedict, Latin (LA, LAT) [Philosophical, and Scholarly Texts]","Original: Finit regula sancti patris nostri benedicti. Anno MCCCCLXXIII Elizabet vidue. Deo gratias. Translation: The rule of our holy father Benedict is finished. In the year 1473. Elizabeth, widow. Thanks be to God."
pu_25346,"Bamberg, Staatsbibliothek, Msc.Lit.110; Full manuscript",France,"Manuscript: Bamberg, Staatsbibliothek, Msc.Lit.110; Full manuscript | Country: France | City: Strasbourg | Region: Grand Est | Dating: After 1485 | Century of production: 15 | Material: parchment | Colophon language: Latin (LA, LAT) | Extent: Full manuscript | Number of folios: 145 | Monasteries: St. Margaret and St. Agnes, Dominican, Strasbourg, France | Scribes: Agnes von Mülheim, Strasbourg, Female (Female, Religious); Anonymous, TBC (TBC, Religious) | Texts copied: Anonymous, TBC, Lectionary of the Nuns of Saint Clare [Religious Texts]","Original: Orate pro me sorore Angnese de mülheim Translation: Pray for me, Sister Agnes of Mülheim."
pu_25357,"Bamberg, Staatsbibliothek, Msc.Patr. 58; Full manuscript",Germany,"Manuscript: Bamberg, Staatsbibliothek, Msc.Patr. 58; Full manuscript | Country: Germany | City: Bamberg | Region: Bavaria | Dating: 1491-1492 | Century of production: 15 | Material: paper | Colophon language: German (DE, GER) | Extent: Full manuscript | Number of folios: 603 | Musical notation presence: FALSE | Monasteries: Klarissenkloster, Poor Clares, Bamberg, Germany, 1341-
1803 | Scribes: Ursula Koller, Bamberg, Female (Female, Religious); Heinrich Vigilis von Weißenburg, Male (Male) | Texts copied: Heinrich Vigilis von Weißenburg, Male, Sermons, German (DE, GER) [Religious Texts]","Original: Anno domini MCCCCXCI hat swester Vrsala Kollerin die XII rett des heilligen ewangeliums geschriben das der wirdig andechtig vatter Heinricus Vigilis in vnser kirchen gepredigt hat dem got genedig sey. Translation: “In the year of the Lord 1491, Sister Ursula Koller wrote the twelve discourses of the holy Gospel which the worthy and devout father Heinrich Vigilis preached in our church. May God be merciful to him."
pu_25379,"Basel, Universitätsbibliothek, A N VIII 55; Full manuscript",Switzerland,"Manuscript: Basel, Universitätsbibliothek, A N VIII 55; Full manuscript | Country: Switzerland | City: Basel | Region: Basel-Stadt | Dating: 12 March 1503 | Century of production: 16 | Material: parchment and paper | Colophon language: German (DE, GER) | Extent: Full manuscript | Number of folios: 105 | Decoration presence: TRUE | Musical notation presence: FALSE | Scribes: Anonymous, TBC (TBC, Religious); Dorothea Schryberynn, Basel, Female (Female, Secular) | Texts copied: Anonymous, TBC, Prayer Book [Religious Texts]","Original: Disz bůch gehört Ambrosio zu der tzyt schultheisz zů Covelentz. Anno domini xv(c) unnd dry uff den dag Gregorii [= 12.3.1503] hat disz bůch geschrieben und volbracht mit allenn bůchstaben uszgemacht von Basel Dorothea schryberyn. Gott bewar ir crafft unnd synn. Translation: This book belongs to Ambrosio, at the time the sheriff of Covelentz. In the year of our Lord 1503 on the day of Gregory [= March 12, 1503] this book was written and completed with all letters carefully written by Dorothea, scribe of Basel. May God protect her strength and effort."
pu_25390,"Basel, Universitätsbibliothek, A XI 62; Full manuscript",Unknown,"Manuscript: Basel, Universitätsbibliothek, A XI 62; Full manuscript | Dating: 1469 | Century of production: 15 | Material: paper | Colophon language: Latin (LA, LAT) | Extent: Full manuscript | Number of folios: 181 | Decoration presence: TRUE | Musical notation presence: FALSE | Scribes: Orbata, Unknown, Female (Female)","Original: Mementote orbate scriptricis ymmo miserrime peccatricis. Translation: Remember the orphaned scribe, indeed the most wretched sinner."
pu_25401,"Bergamo, Biblioteca Civica Angelo Mai, MA 113; Full manuscript",Italy,"Manuscript: Bergamo, Biblioteca Civica Angelo Mai, MA 113; Full manuscript | Country: Italy | Dating: 1452-1452 | Century of production: 15 | Material: paper | Colophon language: Latin (LA, LAT) | Extent: Full manuscript | Number of folios: 103 | Musical notation presence: FALSE | Scribes: Giacoma, Female (Female); Anonymous, TBC (TBC, Religious); Catherine of Siena, Female (Female) | Texts copied: Catherine of Siena, Female, Dialogue on Divine Providence, Italian (IT, ITA) [Literary Texts]; Anonymous, TBC, Devotional Book [Religious Texts]; Catherine of Siena, Female, Treatise on Obedience, Italian (IT, ITA) [Religious Texts]; Anonymous, TBC, Formula of Prayer for Novices [Religious Texts]","Original: Deo gratias. Amen. XVIII marcii. Deo gratias. Qui scripsit scribat, semper cum Domino vivat. Vivat in celis semper cum Domino felix. Ego Comina (Comina is erased and substituted with ‘domina Iacoma’ in a different but contemporary hand) scripsi istum libellum cum sua (word erased and substituted with 'mea' in same hand as made the correction above) propria manu. MCCCCLII. E ve pregi per carità che voliati pregare Dio per mi. Finito libro referamus gratia Christo. Translation: Thanks be to God. Amen. 18th of March. Thanks be to God. May the one who wrote it always write, and always live with the Lord. May they live happily in heaven forever with the Lord. I, Comina (Comina is erased and substituted with ‘Lady Iacoma’ in a different but contemporary hand), wrote this little book with my own (word erased and substituted with 'my' in the same hand as made the correction above) hand. 1452. And I ask you out of charity to please pray to God for me. Having finished the book, let us give thanks to Christ."
pu_25412,"Berlin, Staatl. Museen - Kupferstichkabinett, Cim. 25 (formerly Hs. 32); Full manuscript",Unknown,"Manuscript: Berlin, Staatl. Museen - Kupferstichkabinett, Cim. 25 (formerly Hs. 32); Full manuscript | Dating: 1482 | Century of production: 15 | Material: parchment | Colophon language: German (DE, GER) | Extent: Full manuscript | Number of folios: 131 | Decoration presence: TRUE | Musical notation presence: FALSE | Scribes: Sister Gretvogel, Unknown, Female (Female, Religious); Anonymous, TBC (TBC, Religious) | Texts copied: Anonymous, TBC, Prayer Book [Religious Texts]",Original: Suster gretvogels Translation: Sister Gretvogel
pu_25423,"Berlin, Staatl. Museen - Kupferstichkabinett, Cod. 78 A 14; Full manuscript",Germany,"Manuscript: Berlin, Staatl. Museen - Kupferstichkabinett, Cod. 78 A 14; Full manuscript | Country: Germany | City: Augsburg | Region: Bavaria | Dating: 1466 | Century of production: 15 | Material: paper | Colophon language: Latin (LA, LAT) | Extent: Full manuscript | Number of folios: 127 | Decoration presence: TRUE | Musical notation presence: FALSE | Monasteries: Saint Katharina (Saint Katharine), Dominican, Augsburg, Germany, 1230-
1802 | Scribes: Elisabeth Waraus, Augsburg, Female (Female, Religious)","Original: Finitus est liber iste in die kattedra s an cti pettri p er manus sororis elisabeth warrüssin p ro fesse in cenobio s an cte katherina ord in is p re dicatoru m … 1466. Translation: This book was completed on the Feast of the Chair of St. Peter by the hand of Sister Elisabeth Warrüssin, professed in the convent of St. Catherine of the Order of Preachers … 1466."
pu_25434,"Berlin, Staatsbibliothek, Germ. f.1040; Full manuscript",Germany,"Manuscript: Berlin, Staatsbibliothek, Germ. f.1040; Full manuscript | Country: Germany | City: Soeflingen | Region: Baden-Württemberg | Dating: 1501 | Century of production: 16 | Material: paper | Colophon language: German (DE, GER) | Extent: Full manuscript | Number of folios: 222 | Musical notation presence: FALSE | Monasteries: Söflingen Poor Clares Monastery, Poor Clares, Soeflingen, Germany | Scribes: Elisabeth Minsingerin, Soeflingen, Female (Female) | Texts copied: Stephan Fridolin, Male, Sermon Cycle on the Roman Breviary Hymns, German (DE, GER) [Religious Texts]","Original: Diß buch ist vß geschriben worden an dem nechsten doenstag na dem tag der heiligen wirdigen junckfrawen Sant Apolonia durch ein junge swester Sant Claren ordens jn Maria roßgarten zu sefflingen indem iar als man zelet von christi vnsers lieben herren geburt Tusent fünff hundert vnd ein jar ...< [Von anderer Hand darunter:] >Scriptus est liber iste per Religiosam sororem Elyzabeth minsingerin de Vlma Translation: This book was copied on the Tuesday following the feast day of the holy and venerable virgin St. Apollonia by a young sister of the Order of St. Clare in the Maria Rosengarten convent in Söflingen, in the year 1501 after the birth of our dear Lord Christ … [In another hand below:] This book was written by the religious sister Elisabeth Minsinger of Ulm."
pu_25445,"Berlin, Staatsbibliothek, Germ. f.1041; Full manuscript",Germany,"Manuscript: Berlin, Staatsbibliothek, Germ. f.1041; Full manuscript | Country: Germany | City: Inzigkofen | Region: North Rhine-Westphalia | Dating: 1430-1430 | Century of production: 15 | Material: paper | Colophon language: German (DE, GER) | Extent: Full manuscript | Number of folios: 222 | Musical notation presence: FALSE | Monasteries: Inzigkoven, Augustinian, Inzigkofen, Germany, 1354-
1802 | Scribes: Anna Jäckin, Inzigkofen, Female (Female); Pseudo-Anselm of Canterbury, Male (Male); Marquard of Lindau, Male (Male) | Texts copied: Pseudo-Anselm of Canterbury, Male, Admonition to the Dying, Latin (LA, LAT) [Religious Texts]; Marquard of Lindau, Male, Sermons, German (DE, GER) [Religious Texts]","Original: Ich schwester ann Jaekin havn diss buoch geschriben ... vnd ward vss geschriben an dem fritag Navch dem vffart tag In dem Iar Do man zalt von cristus geburt. vierzehen hondert Iar. vnd In dem drissgosten Iar [am Rand nachgetragen: vff Sant vrbans tag] Translation: I, Sister Ann Jaekin, have written this book ... and it was written out on the Friday after Ascension Day in the year counted from the birth of Christ, fourteen hundred years, and in the thirtieth year [in the margin added: on Saint Urban's day]."
pu_18114,"Berlin, Staatsbibliothek, Germ. f.1318; Full manuscript",Germany,"Manuscript: Berlin, Staatsbibliothek, Germ. f.1318; Full manuscript | Country: Germany | City: Nuremberg | Region: Bavaria | Dating: Around 1530/45 | Century of production: 16 | Material: paper | Colophon language: German (DE, GER) | Extent: Full manuscript | Number of folios: 250 | Musical notation presence: FALSE | Monasteries: Saint Katharina, Dominican, Nuremberg, Germany, 1295 | Scribes: Appolonia Kastner, Nuremberg, Female (Female, Religious); Anonymous, TBC (TBC, Religious); Elisabeth Sighart, Nuremberg, Female (Female, Religious); Wolfgang Ostermayr, Male (Male) | Texts copied: Wolfgang Ostermayr, Male, Passion Sermon, German (DE, GER) [Religious Texts]; Sermon(s) on the Sacrament of the Altar, German (DE, GER) [Religious Texts]; Anonymous, TBC, Contemplation of the Passion The Highness of Heaven, German (DE, GER) [Religious Texts]; Anonymous, TBC, Sermons on the “Song of the Loving Soul” (Song of Songs) [Religious Texts]","Original: Dis buch hat geschriben S Elysabet sighartin 1530 biten got für jr sel mit ainem patern noster., Also Endet sich Das büch der hechsten myn oder der liebhabenden sel Auff S erasmus tag vnd hat Das geschriben S Apollonia kastnerin bitten gott für sy 1530 jar laus Deo Translation: This book was written by S Elysabet Sighartin in 1539? Lay God bless het with a Lord's prayer., This book of The Highest Love or the Loving Soul ends on St. Erasmus’ Day, and it was written by Sister Apollonia Kastnerin. Pray to God for her. Year 1530. Praise be to God."
pu_25490,"Berlin, Staatsbibliothek, Germ. f.654; Full manuscript",Germany,"Manuscript: Berlin, Staatsbibliothek, Germ. f.654; Full manuscript | Country: Germany | City: Pillenreuth | Region: Bavaria | Dating: 1460 | Century of production: 15 | Material: paper | Colophon language: German (DE, GER) | Extent: Full manuscript | Number of folios: 217 | Musical notation presence: FALSE | Monasteries: Pillenreuth, Augustinian, near N√ºrnberg (Nuremberg), Germany, 1300 | Scribes: Barbara Geuderin (Gewderin), Female (Female, Religious); Anonymous, TBC (TBC, Religious) | Texts copied: Anonymous, TBC, Core of Divine Truth [Religious Texts]","Original: Das puch hat geschriben dy barbara Gewderin vnd hub an der fasnacht an vnd vollendet es zu sant merteins tag anno domino [!] M° cccc° vnd im lx iar ... [von anderer Hand fortgesetzt:] Diße junckfraw starb im lxij jar vmb sant merthen tag vnd schiket dicz buch gen sant klarn ir mumen margreth Gruntherrin (2nd Front Flyleaf). Translation: This book was written by Barbara Gewderin. She began it at Carnival and completed it on St. Martin’s Day in the year of our Lord 1460… [continued in another hand:] This maiden died in the year 1462 around St. Martin’s Day and sent this book to St. Clare’s to her aunt, Margreth Gruntherrin."
pu_25501,"Berlin, Staatsbibliothek, Germ. f.656; Full manuscript",Unknown,"Manuscript: Berlin, Staatsbibliothek, Germ. f.656; Full manuscript | Dating: 15th c. | Century of production: 15 | Material: paper | Colophon language: German (DE, GER) | Extent: Full manuscript | Number of folios: 357 | Musical notation presence: FALSE | Scribes: Ms. Berlin Germ. f.656, Unidentified hand 1, Female (Female)",Original: ein ave Maria der schreiberin Translation: “An Ave Maria for the scribe.”
pu_25512,"Berlin, Staatsbibliothek, Germ. f.660; Full manuscript",Germany,"Manuscript: Berlin, Staatsbibliothek, Germ. f.660; Full manuscript | Country: Germany | City: Kettwig | Dating: 1526 | Century of production: 15 | Material: paper | Colophon language: Dutch (NL, DUTENG) | Extent: Full manuscript | Number of folios: 230 | Decoration presence: TRUE | Musical notation presence: FALSE | Monasteries: Kettwig, Cistercian, Essen, Germany, 1218-
1513 | Scribes: Sister Gertken opten Koete, Unknown, Female (Female, Religious); Anonymous, TBC (TBC, Religious) | Texts copied: Anonymous, TBC, Life of Christ [Religious Texts]","Original: Ein Ave Maria om gots willen vor den schryuer want hets oer vake suer geworden. >DD<it Boeck heuet geschreuen Suster gertken opten koeten vor oer aelderen der oer jair getyde is op S. kiliaens hynrick opten koete ende else syn huysvrouwe ende oer kynder Ende sie en begert daer vor niet by sonder toe lesen Dan dat got daer in gelaeuet werde ende den susteren in den ketwich ynt gemeyne reventer toe gebruken Ende nummer mer wtten Conuente toe geuen Want sye heuet dat gespaert ende alle dattet gecoestet heuet betaelt ... Translation: One Ave Maria, for God’s sake, for the scribe, as it was often difficult for her. This book is completed in the year of our Lord, when one wrote 1526, on St. Ambrose’s Day in Lent at eight in the morning, and may God be eternally praised for it. This book was written by Sister Gertken Opten Koeten for her ancestors in their yearly remembrance, particularly for St. Kilian, Henrick Opten Koete, and Else his wife, and for their children. She does not seek anything special in return other than that God be praised through it, and that it be used in the convent for common worship in the ketwich (devotional hours) of the sisters, and never given out of the convent, for she kept and paid for all its costs."
pu_22371,"Berlin, Staatsbibliothek, Germ. f.741; Full manuscript",Germany,"Manuscript: Berlin, Staatsbibliothek, Germ. f.741; Full manuscript | Country: Germany | City: Medlingen | Region: Bavaria | Dating: 1496-1496 | Century of production: 15 | Material: paper | Colophon language: German (DE, GER) | Extent: Full manuscript | Number of folios: 334 | Musical notation presence: FALSE | Monasteries: Medlingen, convent, Dominican, Medlingen, Germany | Scribes: Felicitas Lieberin, Medingen, Female (Female, Religious); Anonymous, TBC (TBC, Religious) | Texts copied: Anonymous, TBC, Sermons [Religious Texts]",Original: Disz buoch wart vsz geschriben an der hailigen junckfrowen vnd martterin sant angnesen tag in dem jar als man zalt von gottes geburt Tusent vier hundert vnd lxxxxvj jar von schwester felicitas lieberin von ulm ... Translation: This book was completed on the feast day of the holy virgin and martyr Saint Agnes in the year counted from the birth of God one thousand four hundred and ninety-six by Sister Felicitas Lieberin from Ulm ...
pu_25457,"Berlin, Staatsbibliothek, Germ. fol. 1157; Full manuscript",Germany,"Manuscript: Berlin, Staatsbibliothek, Germ. fol. 1157; Full manuscript | Country: Germany | City: Medingen | Region: Lower Saxony | Dating: 1482-1482 | Century of production: 15 | Material: paper | Colophon language: German (DE, GER) | Extent: Full manuscript | Number of folios: 185 | Decoration presence: TRUE | Musical notation presence: FALSE | Monasteries: Inzigkoven, Augustinian, Inzigkofen, Germany, 1354-
1802 | Scribes: Anonymous, TBC (TBC, Religious); Magdalena Toppler, Medingen, Female (Female, Religious) | Texts copied: Exemplum [Philosophical, and Scholarly Texts]; Anonymous, TBC, Vitae patrum [Religious Texts]","Original: Item das puch hat geschriben Swester Magdalena Topplerin zu nutz dem Closter zu Medingen prediger ordens Do man zalt von Cristus gepurt M cccc lxxxij Jar pit got fur ir sel Translation: Item, the book was written by Sister Magdalena Topplerin for the benefit of the Monastery of Medingen of the Order of Preachers in the year counted from the birth of Christ 1482. Pray to God for her soul."
pu_25545,"Berlin, Staatsbibliothek, Germ. oct. 224; Full manuscript",Germany,"Manuscript: Berlin, Staatsbibliothek, Germ. oct. 224; Full manuscript | Country: Germany | City: Inzigkofen | Region: Baden-Württemberg | Dating: end of the 15th century | Century of production: 15 | Material: paper | Colophon language: German (DE, GER) | Extent: Full manuscript | Number of folios: 159 | Musical notation presence: FALSE | Scribes: Appolonia Voegliny, Inzigkofen, Female (Female)",Original: Appolonia Vo e gliny Translation: Appolonia Voegliny
pu_25568,"Berlin, Staatsbibliothek, Germ. Oct. 331; Full manuscript",Belgium,"Manuscript: Berlin, Staatsbibliothek, Germ. Oct. 331; Full manuscript | Country: Belgium | City: Hasselt | Region: Flemish Region | Dating: ca. 1465-1520 | Century of production: 15, 16 | Material: parchment | Colophon language: Dutch (NL, DUTENG) | Extent: Full manuscript | Number of folios: 250 | Scribes: Katherina vander Molen, Hasselt, Female (Female)","Original: f.1r: ""desen psalter hoert thoe int convent den susteren tot Sinte katarinen dael binnen hasselt gelaten van onser ierster onder moeder suster katarina vander molen zeliger ende heeften gescreven met haerre properre hant ende sal vortaen bliven geleent vander eenre onder moeder op dander nu ende vortdaen""  f.250r: ""desen souter es op sondage ghescreuen men en machs niet vercoepen mer hi sal der heileger ermer ghemeynten hoeren di niet en hebben ende dien werdelijc ende reynlijc verwaren"" Translation: f.1r: ""This psalter belongs to the convent of the sisters of Saint Catherine's Valley in Hasselt, left by our first prioress Sister Catherine Vander Molen, may she rest in peace, and it was written with her own hand. It shall henceforth remain lent by one prioress to another, now and in the future.""  f.250r: ""This psalter was written on Sunday. It cannot be sold, but it shall belong to the holy poor community who do not have it, and it shall be kept worthy and pure."""
pu_22374,"Berlin, Staatsbibliothek, Germ. oct. 496; Full manuscript",Germany,"Manuscript: Berlin, Staatsbibliothek, Germ. oct. 496; Full manuscript | Country: Germany | City: Soeflingen | Region: Baden-Württemberg | Dating: 1528 | Century of production: 16 | Material: paper | Colophon language: German (DE, GER) | Extent: Full manuscript | Number of folios: 334 | Musical notation presence: FALSE | Monasteries: Söflingen Poor Clares Monastery, Poor Clares, Soeflingen, Germany | Scribes: Lucia Krefftin, Soeflingen, Female (Female, Religious); Alexander Müller, Male (Male) | Texts copied: Alexander Müller, Male, Sermons and Spiritual Reflections, German (DE, GER) [Religious Texts]",Original: geschriben von schwester lucia krefftin Translation: written by Sister Lucia Krefftin.
pu_25612,"Berlin, Staatsbibliothek, Germ. oct. 566; Full manuscript",Germany,"Manuscript: Berlin, Staatsbibliothek, Germ. oct. 566; Full manuscript | Country: Germany | City: Nuremberg | Region: Bavaria | Dating: Around 1530/45 | Century of production: 16 | Material: paper | Colophon language: German (DE, GER) | Extent: Full manuscript | Number of folios: 218 | Musical notation presence: FALSE | Monasteries: Saint Katharina, Dominican, Nuremberg, Germany, 1295 | Scribes: Appolonia Kastner, Nuremberg, Female (Female, Religious); Anonymous, TBC (TBC, Religious) | Texts copied: Anonymous, TBC, Theological Collection [Religious Texts]","Original: Apolonia Kastnerin, bit got fur sy Translation: Apollonia Kastnerin, pray to God for her."
pu_25623,"Berlin, Staatsbibliothek, Germ. oct. 629; Full manuscript",Germany,"Manuscript: Berlin, Staatsbibliothek, Germ. oct. 629; Full manuscript | Country: Germany | City: Gnadenberg | Region: Bavaria | Dating: 15th century | Century of production: 15 | Material: paper | Colophon language: German (DE, GER) | Extent: Full manuscript | Number of folios: 12 | Scribes: Kulen von Habstelt, Gnadenberg, Female (Female)","Original: f.12v: Kvlem Habstelt [Wer dicz buch hat geschri[b]en ... die ist kvlem von habstelt genant zu olspach ist sie her gesant] Translation: f.12v: Kvlem Habstelt [Whoever wrote this book … she is called Kvlem from Habstelt, sent here from Olspach].”"
pu_25644,"Berlin, Staatsbibliothek, Germ. Qu. 1079; Full manuscript",Germany,"Manuscript: Berlin, Staatsbibliothek, Germ. Qu. 1079; Full manuscript | Country: Germany | City: Geldern | Region: North Rhine-Westphalia | Dating: Ca. 1460 | Century of production: 15 | Material: paper | Colophon language: Dutch (NL, DUTENG) | Extent: Full manuscript | Number of folios: 187 | Scribes: Ms. Berlin Germ. Qu. 1079, Unidentified Nun-scribe A, Geldern, Female (Female, Religious)","Original: ""Ave Maria voer die schriversche"" (f.167r); ""een ave Maria voer die schriversche"" (f.197v). Translation: f.167r: ""Ave Maria for the scribe."" (female)  f.197v: ""An Ave Maria for the scribe."" (female)"
pu_25655,"Berlin, Staatsbibliothek, Germ. Qu. 1110; Full manuscript",Germany,"Manuscript: Berlin, Staatsbibliothek, Germ. Qu. 1110; Full manuscript | Country: Germany | City: Inzigkofen | Region: Baden-Württemberg | Dating: 1430-1430 | Century of production: 15 | Material: paper | Colophon language: German (DE, GER) | Extent: Full manuscript | Number of folios: 437 | Scribes: Anna Jäckin, Inzigkofen, Female (Female); Marquard of Lindau, Male (Male) | Texts copied: Marquard of Lindau, Male, Interpretation of the Gospel of John, German (DE, GER) [Religious Texts]","Original: 437r: Bittend daz der werdi rat. die diss buch geschrieben hat (von späterer Hand am unteren Blattrand ergänzt: Soror anna iaki do priorin) Amen Anno domini M. C.C.C.C. .xxx°. Feria sexta ante diem (von einer weiteren späteren Hand unter der Zeile auf Blattrand notiert: festum) Sancti Augustini Episcopi Translation: f.437r: Praying that the worthy council, which wrote this book (added by a later hand at the bottom of the page: Sister Anna Jaki, former prioress) Amen. In the year of our Lord 1430. On the Friday before the day (noted by another later hand at the edge of the page: feast) of Saint Augustine, Bishop."""
pu_22265,"Berlin, Staatsbibliothek, Germ. qu. 358; Full manuscript",Germany,"Manuscript: Berlin, Staatsbibliothek, Germ. qu. 358; Full manuscript | Country: Germany | City: Stetten | Region: Baden-Württemberg | Dating: 1479 | Century of production: 15 | Material: paper | Extent: Full manuscript | Number of folios: 83 | Scribes: Margarete Cappf, Stetten, Female (Female); Dietrich of Apolda, Male (Male); Anonymous, TBC (TBC, Religious) | Texts copied: Anonymous, TBC, Sermons [Religious Texts]; Dietrich of Apolda, Male, Life of Saint Dominic, Latin (LA, LAT) [Religious Texts]",Original: f.83r: S Margr Cappfin Translation: f.83: Margaretha Cappfer
pu_22378,"Berlin, Staatsbibliothek, Germ. Qu. 555; Full manuscript",Germany,"Manuscript: Berlin, Staatsbibliothek, Germ. Qu. 555; Full manuscript | Country: Germany | City: Nonnenwerth | Dating: 1497-1497 | Century of production: 15 | Material: paper | Colophon language: Latin (LA, LAT) | Extent: Full manuscript | Number of folios: 145 | Musical notation presence: FALSE | Monasteries: Rolandswerth (Nonnenwerth) convent, Benedictine | Scribes: Gertrud Buchel, Nonnenwerth, Female (Female); Anonymous, TBC (TBC, Religious) | Texts copied: Anonymous, TBC, Rules of the Benedictine Sisters (Bursfeld Congregation) [Philosophical, and Scholarly Texts]","Original: Finitus et completus est liber iste per me sororem girdrudyn buchel professam monialem Insule rolandi anno domini Milesimo quadragintesimo nonagesimo septimo in vigilia mathie apostoli Oretis dominu deum per me Translation: This book was finished and completed by me, Sister Gertrud Buchel, professed nun of Insula Rolandi, in the year of our Lord 1497, on the eve of the feast of Saint Matthias the Apostle. Pray to the Lord God for me."""
pu_25689,"Berlin, Staatsbibliothek, Germ. qu. 834; Full manuscript",Germany,"Manuscript: Berlin, Staatsbibliothek, Germ. qu. 834; Full manuscript | Country: Germany | City: Regensburg | Region: Bavaria | Dating: 1483 | Century of production: 15 | Material: paper | Colophon language: Latin (LA, LAT) | Extent: Full manuscript | Number of folios: 177 | Musical notation presence: FALSE | Monasteries: Heiligen Kreuz (Holy Cross), Dominican, Regensburg, Germany, 1233 | Scribes: Ms. Berlin Germ. qu. 834, Unidentified hand B, Regensburg, Female (Female); Elisabeth Furnschiltin, Regensburg, Female (Female, Religious); Ms. Berlin Germ. qu. 834, Unidentified hand A, Regensburg, Female (Female)","Original: Explicit liber iste . Secunda Ante luce Sub anno domini 1483 per me Elizabeth furnschiltin Translation: This book is finished. Early in the morning in the year of our Lord 1483, by me, Elizabeth Furnschiltin."
pu_25743,"Besançon, bibliothèque municipale, ms. 54; Full manuscript",Germany or Switzerland,"Manuscript: Besançon, bibliothèque municipale, ms. 54; Full manuscript | Country: Germany or Switzerland | Dating: vers 1260 | Century of production: 13 | Material: parchment | Colophon language: Latin (LA, LAT) | Extent: Full manuscript | Number of folios: 191 | Decoration presence: TRUE | Musical notation presence: FALSE | Scribes: Agnes, Germany or Switzerland, Female (Female); Anonymous, TBC (TBC, Religious) | Texts copied: Anonymous, TBC, Psalter [Religious Texts]","Original: 19 Iulii Hemma de Huse obiit mater scriptricis. 22 Aug. Arnoldus pater eiusdem scriptricis obiit. Abbas Waltherus (f.8) Agnesa (ibidem) Translation: “On the 19th of July, Hemma de Huse, the mother of the scribe, passed away. On the 22nd of August, Arnold, the father of the same scribe, passed away. Abbot Walther (f.8) Agnesa (in the same place).”"
pu_25810,"Bologna, Monastero del Corpus Domini, s.s. (2); Full manuscript",Italy,"Manuscript: Bologna, Monastero del Corpus Domini, s.s. (2); Full manuscript | Country: Italy | City: Bologna | Region: Emilia-Romagna | Dating: 1469-1493 | Century of production: 15 | Material: parchment | Extent: Full manuscript | Number of folios: 54 | Scribes: Illuminata Bembo, Bologna, Female (Female)","Original: f.107: Qui scripsit scribat, semper semper [sic] cum Domino vivat, vivat in celis semper cum Domino felix. Servorum Dei humilis soror Illuminata peccatrix; f.108: Ego soror Illuminata de Bembis de Venetia, serva Dei indigna, composui hunc librum pro veritate pura et pro veneranda beata Katerina matre nostra et pro contemplatione mea. Laus Deo f.Iv ex libris of the Monastero del Corpus Domini, hand of Illuminata Bembo certified by the abbess Laura Beccadelli. Translation: **f.107**: ""May whoever wrote this always live with the Lord, live happily with the Lord forever in heaven. The humble servant of God, Sister Illuminata, sinner.""  **f.108**: ""I, Sister Illuminata de Bembis from Venice, unworthy servant of God, composed this book for pure truth and for the veneration of our blessed mother Catherine and for my contemplation. Praise be to God.""  **f.Iv**: ""From the library of the Monastery of the Body of Christ, in the hand of Illuminata Bembo, certified by the abbess Laura Beccadelli."""
pu_25799,"Bologna, Monastero del Corpus Domini, s.s.; Full manuscript",Italy,"Manuscript: Bologna, Monastero del Corpus Domini, s.s.; Full manuscript | Country: Italy | City: Ferrara | Region: Emilia-Romagna | Dating: 11 June 1452 | Century of production: 15 | Material: parchment | Colophon language: Latin (LA, LAT), Italian (IT, ITA) | Extent: Full manuscript | Number of folios: 518 | Decoration presence: TRUE | Musical notation presence: FALSE | Scribes: Ms. Bologna s.s. Unidentified hand A, Ferrara, Female (Female); Katarina Gudmundsdotter (Gudmundi), Vadstena, Female (Female, Religious); Caterina Vigri, Ferrara, Female (Female, Religious); Anonymous, TBC (TBC, Religious) | Texts copied: Anonymous, TBC, Breviary [Religious Texts]","Original: Christus meus, Christus meus, Christus, pro cuius amore ego soror Chaterina explevi librum istum in monasterio sacratissimi corporis Christi, sub regula virginis preclarissimae [the letter of the second ‘a’ is uncertain] Clarae, humilis ancillae [corrected from ""ancilla""] Christi et verae [corrected from ""vera""] discipulae [corrected from ""discipula""] et filiae [corrected from ""filia""] serafici Francisci patris nostri M°CCCC°LII°, XI° die mensis iunii, in die sancti Barnabe apostoli. Laus tibi, Domine Iesu Christe, pastor bone. Amen., Christus, Iesus Christus, Iesus Christus, per lo cui amore io sore Catelina del corpo de Christo in Ferara ò scrito questo breviario, exceto lo salmista e lo commune di santi e lo calendario. Christus Translation: Christ, Jesus Christ, Jesus Christ, for the love of whom I, Sister Catelina of the Body of Christ in Ferrara, have written this breviary, except for the psalter, the common of saints, and the calendar. Christ., My Christ, my Christ, Christ, for the love of whom I, Sister Chaterina, completed this book in the monastery of the Most Holy Body of Christ, under the rule of the most illustrious virgin Clare, humble servant of Christ and true disciple and daughter of our seraphic father Francis, in the year 1452, on the 11th day of the month of June, on the feast of Saint Barnabas the Apostle. Praise to you, Lord Jesus Christ, good shepherd. Amen."
pu_25821,"Bornem, Abbaye Saint-Bernard, Ms. 10; Full manuscript",Unknown,"Manuscript: Bornem, Abbaye Saint-Bernard, Ms. 10; Full manuscript | Dating: 1549 | Century of production: 16 | Extent: Full manuscript | Scribes: Elizabeth van Axel, Rozendaal, Female (Female)","Translation: Saint-Benoît de Port-Valais (Abbey : Bouveret, Switzerland). Colophons de manuscrits occidentaux des origines au XVIe siècle. Vol. 2. Fribourg, Suisse, Editions universitaires, 1965. http://archive.org/details/colophonsdemanus0002sain."
pu_25832,"Bornem, Abbaye Saint-Bernard, Ms.1; Full manuscript",Unknown,"Manuscript: Bornem, Abbaye Saint-Bernard, Ms.1; Full manuscript | Dating: 1244-1245 | Century of production: 13 | Material: parchment | Colophon language: Latin (LA, LAT) | Extent: Full manuscript | Number of folios: 186 | Decoration presence: TRUE | Musical notation presence: TRUE | Scribes: Agnes, Bornem, Female (Female); Christine, Female (Female); Anonymous, TBC (TBC, Religious) | Texts copied: Anonymous, TBC, Responsorial [Religious Texts]","Original: Anno domini m cc cliiiij. Scriptus et notatus est liber iste. finitus autem in crastino ambrosij anni m cc xl(i)v. Quaesimus qui uiderint eum orent pro scriptrice agnes et notatrice christina quae laborauerunt in eo. Translation: In the year of our Lord 1254, this book was written and annotated. It was finished on the day after the feast of St. Ambrose in the year 1245. We ask those who see it to pray for the scribe Agnes and the annotator Christina who worked on it."
pu_22776,"Breslau, Dombibliothek (Biblioteka Kapitulna), Ms. 46; Full manuscript",Germany,"Manuscript: Breslau, Dombibliothek (Biblioteka Kapitulna), Ms. 46; Full manuscript | Country: Germany | City: Regensburg | Dating: Last third of the 15th century. | Century of production: 15 | Material: paper | Colophon language: German (DE, GER) | Extent: Full manuscript | Number of folios: 310 | Decoration presence: TRUE | Musical notation presence: FALSE | Monasteries: Heiligen Kreuz (Holy Cross), Dominican, Regensburg, Germany, 1233 | Scribes: Katharina Menttelwerger, Regensburg, Female (Female, Religious); Ms. Breslau 46 Unidentified hand A, Regensburg, Female (Female, Religious); Henry Suso, Male (Male) | Texts copied: Henry Suso, Male, Additions to the Letter Book, German (DE, GER) [Religious Texts]; Henry Suso, Male, Great Letter Book, German (DE, GER) [Religious Texts]; Henry Suso, Male, Exemplar, German (DE, GER) [Literary Texts]","Original: pitt durch gottes willen für swester kattherina mentellwergerin die das puch geschriben hat, hie hat das puch das sa heißet die ewig weißheit ein endt pitt got für die swester die das puch abgeschrieben hatt vnd gedencket ir durch gottes willen mit einem ave maria swestter katterina menttellwergerin Translation: Here the book that is called The Eternal Wisdom comes to an end. Pray to God for the sister who has copied this book, and remember her for God’s sake with an Ave Maria: Sister Katherina Menttelwergerin., Pray, for God’s sake, for Sister Katherina Menttelwergerin, who has written this book."
pu_29204,"Bruges. Library of the Grand Seminary, Ms. 197/122; Full manuscript",Belgium,"Manuscript: Bruges. Library of the Grand Seminary, Ms. 197/122; Full manuscript | Country: Belgium | City: Bruges | Dating: 1528 | Century of production: 16 | Material: parchment | Colophon language: Dutch (NL, DUTENG) | Extent: Full manuscript | Number of folios: 202 | Decoration presence: FALSE | Musical notation presence: FALSE | Monasteries: St Elisabeth of Sarepta, Augustinian, Bruges, Belgium | Scribes: Katerine van der Scuere, Female (Female, Religious); Anonymous, TBC (TBC, Religious) | Texts copied: Anonymous, TBC, Sermons [Religious Texts]","Original: Desen bouc behoert toe den cloestere van sente liisbetten te sarepten bii brugghe ghescreuen bii suster katerine van der scuere donatinne gheprofest int selve conuent int iaer M Vc XXVIII ghescreuen Translation: This book belongs to the convent of Saint Elisabeth of Sarepta near Bruges, written by Sister Katerine van der Scuere, a donatess professed in this same convent, written in the year 1528"
pu_22702,"Brussels, Bibliothèque royale Albert Ier, 11172; Full manuscript",Netherlands,"Manuscript: Brussels, Bibliothèque royale Albert Ier, 11172; Full manuscript | Country: Netherlands | City: Selwerd bij Groningen | Dating: ca. 1480 | Century of production: 15 | Material: parchment | Colophon language: Dutch (NL, DUTENG) | Extent: Full manuscript | Number of folios: 180 | Decoration presence: TRUE | Musical notation presence: FALSE | Scribes: Wyert Lewens, Selwerd bij Groningen, Female (Female); Anonymous, TBC (TBC, Religious) | Texts copied: Anonymous, TBC, Book of hours [Religious Texts]",Original: Dit boeck hoert joncfrou wyert lewens to Translation: This book belongs to Lady Wyert Lewens.
pu_22705,"Brussels, Bibliothèque royale Albert Ier, 15055-56; Full manuscript",Belgium,"Manuscript: Brussels, Bibliothèque royale Albert Ier, 15055-56; Full manuscript | Country: Belgium | City: Brussels | Region: Brussels-Capital | Dating: ca. 1468-1473 | Century of production: 15 | Material: paper | Colophon language: Dutch (NL, DUTENG) | Extent: Full manuscript | Number of folios: 190 | Monasteries: Cloister Notre-Dame of the Rose of Jericho, Augustinian, Brussels, Belgium, 1247 | Scribes: Nicholas of Lyra, Male (Male); Ms. Brussels 15055-56 Unidentified hand A, Brussels, Female (Female, Religious) | Texts copied: Nicholas of Lyra, Male, Commentary on the Apocalypse, Latin (LA, LAT) [Religious Texts]",Original: volscreven Int jaer ons heren M. cccc. ende lxxv op sinte maergrieten dach Translation: Completed in the year of our Lord 1475 on St. Margaret's Day.
pu_22708,"Brussels, Bibliothèque royale Albert Ier, II 1278; Full manuscript",Belgium,"Manuscript: Brussels, Bibliothèque royale Albert Ier, II 1278; Full manuscript | Country: Belgium | City: Mechelen/Malines | Region: Flanders | Dating: 1493 | Century of production: 15 | Material: parchment and paper | Colophon language: Dutch (NL, DUTENG) | Extent: Full manuscript | Number of folios: 235 | Decoration presence: TRUE | Musical notation presence: FALSE | Monasteries: Mont-Thabor, Augustinian, Malines/Mechlen, Belgium, 1459-
1783 | Scribes: Louise Hermans, Mechelen, Female (Female, Religious); John Cassian, Male (Male); Cecilia Hermans, Malines, Female (Female, Religious) | Texts copied: John Cassian, Male, Conferences of the Fathers, Latin (LA, LAT) [Religious Texts]","Original: Ende wort volscreuen anno domini M cccc ende drientneghentich, Dit boeck hhoert toe sint saluators int clooster van thabor bij mechelen Ende hebben ghescreuen die sustereren hermans tot haeren orber na belieften haerder ouersten Aue maria. wt mynnen voer een salighe eynde; Translation: This book belongs to Saint Salvator's in the monastery of Thabor near Mechelen, and it was written by the sisters hermans at their discretion under the guidance of their superior. Hail Mary, out of love for a blessed ending., And it was fully written in the year of our Lord 1493."
pu_22761,"Brussels, Bibliothèque royale Albert Ier, II 1300; Full manuscript",Belgium,"Manuscript: Brussels, Bibliothèque royale Albert Ier, II 1300; Full manuscript | Country: Belgium | City: Brussels | Region: Brussels-Capital | Dating: 1 June 1446 - 28 June 1446 | Century of production: 15 | Material: paper | Colophon language: Dutch (NL, DUTENG) | Extent: Full manuscript | Number of folios: 135 | Monasteries: Cloister Notre-Dame of the Rose of Jericho, Augustinian, Brussels, Belgium, 1247 | Scribes: Jordan of Quedlinburg, Male (Male); Ms. Brussels II 1300 Unidentified hand A, Brussels, Female (Female, Religious) | Texts copied: Jordan of Quedlinburg, Male, The 65 Articles of the Passion, Latin (LA, LAT) [Religious Texts]","Original: Int jaer ons heren mccccxlvi des goensdaechs in de sincsendaghe begannic desen boec vanden sevenden artykele voert ende hi wert volscreven op sinte peters ende paulus avent. Bidt voer haer dien heeft volscreven want si seer mate van doeghden es bleven god betert. AMEN. xvii quartenen Translation: In the year of our Lord 1446, on the Tuesday of Pentecost, I began this book on the Seven Articles, and it was completed on the eve of Saints Peter and Paul. Pray for her who has completed it, for she remained in great virtue by God's grace. AMEN. 17 quaternions."
pu_22339,"Brussels, Bibliothèque royale Albert Ier, II 1302; Full manuscript",Belgium,"Manuscript: Brussels, Bibliothèque royale Albert Ier, II 1302; Full manuscript | Country: Belgium | City: Brussels | Region: Brussels-Capital | Dating: 1592 | Century of production: 16 | Material: paper | Colophon language: Dutch (NL, DUTENG) | Extent: Full manuscript | Number of folios: 303 | Decoration presence: TRUE | Musical notation presence: FALSE | Monasteries: Saint Elizabeth on Mount Zion, Augustinian, Brussels, Belgium, 1432 | Scribes: Catherine Wouters, Brussels, Female (Female, Religious); Mechthild of Hackeborn, Female (Female) | Texts copied: Mechthild of Hackeborn, Female, Revelations, Latin (LA, LAT) [Literary Texts]","Original: DIt boeck was ghescreuen ende volyndt int Jaer ons Heeren. M d xcij den xvij nouvember. Bidt om godts wille eenen Aue Maria voer suster Catherine wouters. die dit wt liefden heeft ghedaen Op dat die suete jesus tot alder vren. in synder goedertierende gratien haer wil ontfaen. Amen. Translation: This book was written and completed in the year of our Lord 1592, on the 17th of November. Pray, for the love of God, an Ave Maria for Sister Catherine Wouters, who did this out of love, so that the sweet Jesus, in his merciful graces, may receive her into all bliss. Amen."
pu_22606,"Brussels, Bibliothèque royale Albert Ier, II 2111; full manuscript",Belgium,"Manuscript: Brussels, Bibliothèque royale Albert Ier, II 2111; full manuscript | Country: Belgium | City: Brussels | Region: Brussels-Capital | Dating: 1429-1430 | Century of production: 15 | Material: paper | Colophon language: Dutch (NL, DUTENG) | Extent: full manuscript | Number of folios: 138 | Decoration presence: FALSE | Musical notation presence: FALSE | Monasteries: Cloister Notre-Dame of the Rose of Jericho, Augustinian, Brussels, Belgium, 1247 | Scribes: Anonymous, TBC (TBC, Religious); Ms. Brussels II 2111 Unidentified hand A, Brussels, Female (Female, Religious) | Texts copied: Anonymous, TBC, Commentary on Song of Songs [Religious Texts]","Original: Dit boec hoert toe den cloester te onser vrouwen der Rosen gheplant in jherico binnen bruesele., Dit boec was vol screuen Int iaer ons heren. M cccc ende xxix op den witten donredach. Translation: This book belongs to the convent of Our Lady of the Roses planted in Jericho within Brussels., This book was fully written in the year of our Lord 1429 on White Thursday."
pu_22435,"Brussels, Bibliothèque royale Albert Ier, II 2432; Full manuscript",Belgium,"Manuscript: Brussels, Bibliothèque royale Albert Ier, II 2432; Full manuscript | Country: Belgium | Dating: 1586 | Century of production: 16 | Material: parchment and paper | Colophon language: Dutch (NL, DUTENG) | Extent: Full manuscript | Number of folios: 407 | Scribes: Jeanne Coenen, Unknown, Female (Female); Anonymous, TBC (TBC, Religious) | Texts copied: Anonymous, TBC, Exercises, Prayers, Meditations [Religious Texts]","Original: DIt boeck h[oert+eeft] [-toe] Suster Johanna Koenen ende ic hebt gescreuen en voleynt int iaer ons heren m Vc ende lxxxvi den xvi dach der maent Aprilis Ende het is gescreuen op donsagen ende heilich dagen daer om en willes toch niet vercopen Ende bidt toch om gods wil voer myn ziel getrouwelicken ende sonderlinge dier nae myn doot sal hebben want ic seer aerm van doechden ben Niet sonder godt. Translation: This book belongs to Sister Johanna Koenen, and I have written and completed it in the year of our Lord 1586, on the 16th day of the month of April. It is written on Thursdays and holy days; therefore, it should not be sold. I earnestly request, for the sake of my soul, that those who possess it after my death pray faithfully for me, as I am very poor in virtues. Not without God."
pu_22518,"Brussels, Bibliothèque royale Albert Ier, II 2759; full manuscript",Belgium,"Manuscript: Brussels, Bibliothèque royale Albert Ier, II 2759; full manuscript | Country: Belgium | City: Hamme-Mille | Region: Wallonia | Dating: 1475 | Century of production: 15 | Material: parchment | Colophon language: Latin (LA, LAT) | Extent: full manuscript | Number of folios: 104 | Monasteries: Valduc Abbey, Cistercian, Louvain, Belgium, 1230-
1797 | Scribes: Katherina Mast, Val-le-Duc, Female (Female, Religious); Pope Urban IV, Male (Male); Anonymous, TBC (TBC, Religious) | Texts copied: Pope Urban IV, Male, Papal Bull on the Feast of Corpus Christi, Latin (LA, LAT) [Religious Texts]; Anonymous, TBC, Life of Saint Juliana of Cornillon [Religious Texts]","Original: Anno domini M CCCC lxxv scriptus est hic liber per manum sororis katherine mast monialis professe in valle ducis orate pro ea propter deum ex caritate. Translation: In the year of our Lord 1475, this book was written by the hand of Sister Katherine Mast, professed nun in the Valley of the Duke. Pray for her for the sake of God, out of charity."
pu_18131,"Brussels, Bibliothèque royale Albert Ier, II 298; Full manuscript",Belgium,"Manuscript: Brussels, Bibliothèque royale Albert Ier, II 298; Full manuscript | Country: Belgium | City: Brussels | Region: Brussels-Capital | Dating: 1507 | Century of production: 16 | Material: parchment and paper | Colophon language: Dutch (NL, DUTENG) | Extent: Full manuscript | Number of folios: 385 | Monasteries: Cloister Notre-Dame of the Rose of Jericho, Augustinian, Brussels, Belgium, 1247 | Scribes: Jean Storm, Male (Male); Jeanne Colijns, Brussels, Female (Female, Religious) | Texts copied: Jean Storm, Male, Sermons, Dutch (NL, DUTENG) [Religious Texts]","Original: Desen boeck heeft ghescreuen suster ianne colijns in tijden die haer te goede hadde moeghen werden ende sij bidt eenen yegheliken dier sijn profijt wt doen sal om haers voer gode te ghedinckenne op dat haer ziele in rusten metten zalighen verblijden moeghe. Sij begonsten int Jaer ons heeren xvc ende vij op den xviii dach van Januario Ende hij was wt opt selue iaer inden mey op den iv dach al soe wert hij ghescreuen binnen drie maent ende xxiik daghen Deo gratias. Translation: This book was written by Sister Janne Colijns during times that might have been favorable to her, and she prays that everyone who benefits from it will remember her before God so that her soul may rest in peace with the blessed. She began writing it in the year of our Lord 1507, on the 18th day of January, and it was completed in the same year in May, on the 4th day, within three months and 22 days. Thanks be to God."
pu_22764,"Brussels, Bibliothèque royale Albert Ier, II 3462; Full manuscript",Belgium,"Manuscript: Brussels, Bibliothèque royale Albert Ier, II 3462; Full manuscript | Country: Belgium | City: Brussels | Region: Brussels-Capital | Dating: 16th century (after 1528) | Century of production: 16 | Material: parchment | Colophon language: Dutch (NL, DUTENG) | Extent: Full manuscript | Number of folios: 77 | Monasteries: Saint Elizabeth on Mount Zion, Augustinian, Brussels, Belgium, 1432 | Scribes: Janne van Ophem, Brussels, Female (Female, Religious); Anonymous, TBC (TBC, Religious) | Texts copied: Anonymous, TBC, Life of Saint Jerome [Religious Texts]","Original: Dit boec behoort toe int regularissen clooster van sint Elisabeth op den berch van Syon binnen Brussel by my Suster Jane van Ophem, Eenen Ave Maria om Gode voor mi en alle zielen Translation: This book belongs to the Regular Canonesses' monastery of Saint Elizabeth on the Mount of Zion in Brussels, kept by me, Sister Jane van Ophem. An Ave Maria to God for me and all souls."
pu_22647,"Brussels, Bibliothèque royale Albert Ier, II 651; Full manuscript",Belgium,"Manuscript: Brussels, Bibliothèque royale Albert Ier, II 651; Full manuscript | Country: Belgium | City: Antwerp | Region: Flanders | Dating: 1506 | Century of production: 15 | Material: paper | Colophon language: Dutch (NL, DUTENG) | Extent: Full manuscript | Number of folios: 283 | Scribes: Elisabeth Tack, Anvers, Female (Female); Anonymous, TBC (TBC, Religious) | Texts copied: Anonymous, TBC, Ascetical Treatises [Religious Texts]","Original: Suster lijsken tack. Anno domini M vc ende vj den yersten dach in december is dit boeck vol eynt ter eeren gods Ende tot orbaer den ghemeynen zusteren vander derden regel van Sint Franciscj binnen Antwerpen diet orbaert die gedenct om gods wil der gheender ziele diet screef wt minnen Een Aue maria. Translation: Sister Lijsken Tack. In the year of our Lord 1506, on the first day of December, this book was completed in honor of God and for the benefit of the common sisters of the Third Order of Saint Francis within Antwerp. Whoever benefits from it, remember for God's sake the soul of the one who wrote it out of love. Amen."
pu_22650,"Brussels, Bibliothèque royale Albert Ier, IV 1140; Full manuscript",Belgium,"Manuscript: Brussels, Bibliothèque royale Albert Ier, IV 1140; Full manuscript | Country: Belgium | City: Mechelen/Malines | Region: Flanders | Dating: 1565 | Century of production: 16 | Material: paper | Colophon language: Dutch (NL, DUTENG) | Extent: Full manuscript | Number of folios: 142 | Monasteries: Our Lady of Bethany, Augustinian, Malines/Mechlen, Belgium, 1421 | Scribes: Johanna Matthijs, Mechelen, Female (Female, Religious); Anonymous, TBC (TBC, Religious) | Texts copied: Anonymous, TBC, Prayer Book [Religious Texts]","Original: Desen boeck heeft gheschreue(n) Suster Johanna Matthijs Anno mv°lxv die jare(n) haerdt(er) outheit by den lxxix tot ghu(n)st sust(e)r paulijnke(n) van vossel voer dancbaerheit haers mi(n)lijcke(n) dienst. Ad laudem dei Translation: This book was written by Sister Johanna Matthijs in the year 1565, at the age of 79, as a gesture of gratitude to Sister Paulijnken van Vossel for her kind service. To the praise of God."
pu_22654,"Brussels, Bibliothèque royale Albert Ier, IV 1164; Full manuscript",France or Germany,"Manuscript: Brussels, Bibliothèque royale Albert Ier, IV 1164; Full manuscript | Country: France or Germany | Region: Moselle | Dating: 1430 | Century of production: 15 | Material: paper | Colophon language: German (DE, GER) | Extent: Full manuscript | Number of folios: 105 | Decoration presence: TRUE | Musical notation presence: FALSE | Scribes: Claisgin van Hirschfelt, Female (Female); Anonymous, TBC (TBC, Religious) | Texts copied: Anonymous, TBC, Book of Sidrach [Philosophical, and Scholarly Texts]","Original: Claisgin van hirsfelt byn ich genant vnd hain geschreue(n) myt mynre hant dijt boich vnd \die/ edel leren ... Sa(nc)t(us) Marc(us) ewangelist vp synen dag dijt boich vs geschreue(n) is dijt beste got is der beste Dat is wair. veirzhen hündert Jair vnd xxx ... (f. 104v) Translation: Claisgin von Hirsfelt am I called, and I have written this book with my own hand and the noble teachings [it contains]… On the feast day of Saint Mark the Evangelist this book was written out. The best is God, who is the best — that is true. In the year fourteen hundred and thirty […]."
pu_22661,"Brussels, Bibliothèque royale Albert Ier, IV 133; Full manuscript",Belgium,"Manuscript: Brussels, Bibliothèque royale Albert Ier, IV 133; Full manuscript | Country: Belgium | City: Bruges | Region: Flanders | Dating: 1436 | Century of production: 15 | Material: parchment | Colophon language: Dutch (NL, DUTENG) | Extent: Full manuscript | Number of folios: 188 | Decoration presence: TRUE | Musical notation presence: FALSE | Scribes: Pseudo-Bonaventure, Male (Male); Ludolph of Saxony, Male (Male); Ms. Brussels IV 133 Unidentified nun-scribe A, Bruges, Female (Female, Religious) | Texts copied: Pseudo-Bonaventure, Male, Ludolph of Saxony, Male, Life of Christ, Latin (LA, LAT) [Religious Texts]","Original: Int iaer ons heeren M CCCC end xxxvj. Vp den helighen Assencioens auent so was desen bouc vanden helighen leuene ons heeren vul screuen Ter heeren van gode ende van sijnder saligher moeder ende magher Maria. Ende ic bidde alle die ghone die in desen bouc sulle lesen dat si willen bidden voer die ghone die desen bouc heeft ghescreuen dat haer god gheue dat eewighe leuen in sijn soete rike AMEN. Translation: In the year of our Lord 1436, on the eve of the Holy Ascension, this book of the Holy Life of our Lord was fully written for the honor of God and his blessed mother, Virgin Mary. And I pray to all those who shall read in this book to pray for those who have written this book, that God may grant them eternal life in his sweet kingdom. Amen."
pu_22667,"Brussels, Bibliothèque royale Albert Ier, IV 242; Full manuscript",Netherlands,"Manuscript: Brussels, Bibliothèque royale Albert Ier, IV 242; Full manuscript | Country: Netherlands | City: s-Hertogenbosch | Region: North Brabant | Dating: 1479 | Century of production: 15 | Material: parchment | Colophon language: Dutch (NL, DUTENG) | Extent: Full manuscript | Number of folios: 112 | Decoration presence: TRUE | Musical notation presence: FALSE | Monasteries: Saint Gertrude convent, Augustinian, s-Hertogenbosch, Netherlands | Scribes: Barbara Hoernken, s-Hertogenbosch, Female (Female, Religious); Anonymous, TBC (TBC, Religious) | Texts copied: Anonymous, TBC, Devotional Book [Religious Texts]","Original: Dit boexken hoort tee den clooster van sunte Gheertruden in tzhertoghen bosch. Ende suster berber hoernken heuet des sondaechs ende des heilighen daeehs gheschreuen doen si oudt was seuen en dertich iair. ende si begheert datmens niet en vercoope Ende oeck begheert si leuende ende doodt deelachtich te syn alle des goedts datter aff comt. Gheeyndt indt iair ons heren dusent .iiijC. ende lxxix Translation: This booklet belongs to the cloister of Saint Gertrude in 's-Hertogenbosch. And Sister Berber Hoernken has written it on Sundays and holy days when she was thirty-seven years old. And she desires that it not be sold. Also, she desires, both living and dead, to share in all the good that comes from it. Finished in the year of our Lord one thousand four hundred seventy-nine."
pu_22671,"Brussels, Bibliothèque royale Albert Ier, IV 368; Full manuscript",Belgium,"Manuscript: Brussels, Bibliothèque royale Albert Ier, IV 368; Full manuscript | Country: Belgium | City: Mechelen/Malines | Region: Flanders | Dating: 1520 | Century of production: 16 | Material: parchment | Colophon language: Latin (LA, LAT) | Extent: Full manuscript | Number of folios: 201 | Decoration presence: FALSE | Musical notation presence: TRUE | Monasteries: Blijdenberg, Beguine, Mechelen/Malines, Belgium, 1253 | Scribes: Elisabeth Schuermans, Mechelen, Female (Female, Beguine); Anonymous, TBC (TBC, Religious) | Texts copied: Anonymous, TBC, Breviary [Religious Texts]",Original: Hic liber scriptus e(st) p(er) sorore(m) elisabeth schuermans. Anno d(omi)ni M v/c xx. Translation: This book was written by Sister Elisabeth Schuermans in the year of our Lord 1520.
pu_25843,"Brussels, Bibliothèque royale Albert Ier, IV 402; Full manuscript",Belgium,"Manuscript: Brussels, Bibliothèque royale Albert Ier, IV 402; Full manuscript | Country: Belgium | City: Brussels | Region: Brussels-Capital | Dating: 1486 | Century of production: 15 | Material: paper | Colophon language: Dutch (NL, DUTENG) | Extent: Full manuscript | Number of folios: 353 | Monasteries: Cloister Notre-Dame of the Rose of Jericho, Augustinian, Brussels, Belgium, 1247 | Scribes: Jean Storm, Male (Male); Varia, Mixed (Unknown) | Texts copied: Jean Storm, Male, Sermons, Dutch (NL, DUTENG) [Religious Texts]; Varia, Mixed, Sermons, TBC [Religious Texts]","Original: Hier ynden die sermoenen ons Eerweerdeghen paters welke ic van velen een weynich vergadert hebbe tot mijns selfs orbore ende der gheendere dier in believen sal te studeren. Ende sij waren volscreven int jaer ons heren m. cccc. ende. lxxxvi: op den xxiiii. dach in mey dat doen was des heilichs sacrament avent."" Translation: Here end the sermons of our Venerable Fathers, which I have gathered a little from many for my own use and for anyone else who wishes to study them. And they were completed in the year of our Lord 1486, on the twenty-fourth day of May, which was the eve of the Holy Sacrament."
pu_22683,"Brussels, Bibliothèque royale Albert Ier, IV 474; Full manuscript",Belgium,"Manuscript: Brussels, Bibliothèque royale Albert Ier, IV 474; Full manuscript | Country: Belgium | City: Liege | Region: Wallonia | Dating: 1536, 19th of October | Century of production: 16 | Material: paper | Colophon language: Dutch (NL, DUTENG) | Extent: Full manuscript | Number of folios: 287 | Scribes: Marie Pompen, Liège, Female (Female); Anonymous, TBC (TBC, Religious) | Texts copied: Anonymous, TBC, Heavenly Rosary [Religious Texts]","Original: Dit boeck is geschreuen Ter eeren gods ende sijnder gebenedider moeder ende tot lof van alle gods heilighe Ende is voleijnt bijder gracien gods Bij mij suster mariken pompen Int. iaer ons heeren doemens schref.M D XXX Vi den XIX october Bidt om gods wil voer mi Dat mij godt alle mijn sonden wil vergeuen Ende dat hij door sijn. lijden Mijn siele inder ewicheit wilt verblijden Amen Deo gracias. Deo gracias. Deo gracias. Translation: This book is written in honor of God and His blessed mother, and for the praise of all God's saints. It was completed by the grace of God by me, Sister Mariken Pompen, in the year of our Lord 1536, on the 19th of October. Pray for me, that God may forgive all my sins, and through His suffering, may He bring joy to my soul for eternity. Amen. Thanks be to God. Thanks be to God. Thanks be to God."
pu_22767,"Brussels, Bibliothèque royale Albert Ier, Ms. 15141; f. 1-30, 116-122",Belgium,"Manuscript: Brussels, Bibliothèque royale Albert Ier, Ms. 15141; f. 1-30, 116-122 | Country: Belgium | Material: paper | Colophon language: Dutch (NL, DUTENG) | Extent: f. 1-30, 116-122 | Number of folios: 122 | Scribes: Anna van Thienen, Female (Female); Anonymous, TBC (TBC, Religious) | Texts copied: Anonymous, TBC, Some (accounts of) miracles., Dutch (NL, DUTENG) [Religious Texts]; Anonymous, TBC, Legend of the Holy Martyr Saint Rombout (Saint Rumold), Dutch (NL, DUTENG) [Religious Texts]","Original: Scriptum a.d. 1555 Een Ave Maria voer die dit heet geschreven op dat sy eewelyck met God magh leven. S. Anna van Thienen Translation: Written in the year of our Lord 1555. A Hail Mary for the one who wrote this, so that she may live eternally with God. Sister Anna of Thienen."
pu_22773,"Brussels, Bibliothèque royale Albert Ier, Ms. 22012; Full manuscript",Belgium,"Manuscript: Brussels, Bibliothèque royale Albert Ier, Ms. 22012; Full manuscript | Country: Belgium | City: Brussels | Dating: 1552 | Century of production: 16 | Material: paper | Colophon language: Dutch (NL, DUTENG) | Extent: Full manuscript | Number of folios: 201 | Musical notation presence: FALSE | Scribes: Catharina van den Brugge, Female (Female); Anonymous, TBC (TBC, Religious) | Texts copied: Anonymous, TBC, Prayer Book [Religious Texts]","Original: Gheen ende volschreven is dit boeckske te Brussel int iaer ons heeren MCCCCC ende Liii op den XVI dach van Appril. Bid altyt voer den schryver wt charitaten. Translation: Completed and written is this little book in Brussels, in the year of our Lord 1553, on the 16th day of April. Always pray for the scribe out of charity."
pu_22758,"Brussels, Bibliothèque royale Albert Ier, Ms. 22153; Full manuscript",Unknown,"Manuscript: Brussels, Bibliothèque royale Albert Ier, Ms. 22153; Full manuscript | Dating: 26 Oct 1576 | Century of production: 16 | Material: paper | Colophon language: Latin (LA, LAT) | Extent: Full manuscript | Number of folios: 165 | Decoration presence: FALSE | Musical notation presence: FALSE | Scribes: Rosa, Female (Female); Anonymous, TBC (TBC, Religious) | Texts copied: Anonymous, TBC, Commentaries on the books of the Decretals [Philosophical, and Scholarly Texts]","Original: ad finem perduxit nomine P. Peckii infirmantis Rosa 26 oct. 1576 Translation: Brought to completion in the name of P. Peckii, the sick person, by Rosa, on October 26th, 1576."
pu_22699,"Brussels, Bibliothèque royale Albert Ier, Ms. 3986-89; Full manuscript",Belgium,"Manuscript: Brussels, Bibliothèque royale Albert Ier, Ms. 3986-89; Full manuscript | Country: Belgium | City: Forest | Region: Brussels-Capital | Dating: 1577 | Century of production: 16 | Material: paper | Colophon language: Dutch (NL, DUTENG) | Extent: Full manuscript | Number of folios: 160 | Monasteries: Forest Abbey, Benedictine, Forest-lez-Bruxelles, Belgium | Scribes: Adrienne Vanden Houtte, Forest, Female (Female, Religious); Anonymous, TBC (TBC, Religious) | Texts copied: Anonymous, TBC, Ascetical Treatises [Religious Texts]",Original: Desen bouc heeft Ghescreue Joncfrou Adriane vanden houtte Ter eeren gods ende synder lieuer Moeder Maria Tot behouf der edelder ghemeynte van vorst Anno 1577 Translation: This book was written by Lady Adriane vanden Houtte to the glory of God and His dear Mother Mary for the benefit of the noble community of Vorst. In the year 1577.
pu_22754,"Brussels, Bibliothèque royale Albert Ier, Ms.10209-11; f. 1r-108v, 116r-120v",Netherlands,"Manuscript: Brussels, Bibliothèque royale Albert Ier, Ms.10209-11; f. 1r-108v, 116r-120v | Country: Netherlands | City: s-Hertogenbosch | Region: North Brabant | Dating: 1568 | Century of production: 16 | Material: paper | Colophon language: Dutch (NL, DUTENG) | Extent: f. 1r-108v, 116r-120v | Number of folios: 112 | Decoration presence: TRUE | Musical notation presence: FALSE | Monasteries: College of the Society of Jesus, ’s-Hertogenbosch, Jesuit, s-Hertogenbosch, Netherlands | Scribes: Anonymous, TBC (TBC, Religious); Catherine Van Eyck, s-Hertogenbosch, Female (Female, Religious) | Texts copied: Anonymous, TBC, Sermons [Religious Texts]","Original: Dit boecj is gescreuen int iaer ons dusent vijf hondert ende sesentach-tentich begon te scriuen int seluer iaer. in Julius opten vijf en tuyntichsten dach [- begonne te scriuen] ende is voleynt opten achtiensten dach september int selfste iaer eende heeft gescreuen suster katherijn van eyck. ten bagarden wonede int cloester Tot behoeft der gemeynten Ende begert allt goet deellechtich te worden. Translation: This little book was written in the year of our Lord one thousand five hundred and eighty-six. It was begun in the same year, on the twenty-fifth day of July, and completed on the eighteenth day of September in that same year. It was written by Sister Katherijn van Eyck, living at the Begarden, in the convent, for the use of the community, and she desires to become a sharer in all that is good."
pu_22751,"Brussels, Bibliothèque royale Albert Ier, Ms.11156-58; f.190r-334r",Netherlands,"Manuscript: Brussels, Bibliothèque royale Albert Ier, Ms.11156-58; f.190r-334r | Country: Netherlands | City: Bergen op Zoom | Region: North Brabant | Dating: 1468 | Century of production: 15 | Material: parchment and paper | Colophon language: Dutch (NL, DUTENG) | Extent: f.190r-334r | Number of folios: 334 | Decoration presence: TRUE | Musical notation presence: FALSE | Scribes: Elisabeth Everdeys, Bergen op Zoom, Female (Female, Religious)","Original: DIt boec was vol screuen int iaer ons heren duysen t cccc lxviii den derden dach in iunius bi my suster lijsbet euerdeijs. Translation: This book was fully written in the year of our Lord 1468, on the third day of June, by me, Sister Lijsbet Everdeijs."""
pu_28957,"Brussels, Bibliothèque royale Albert Ier, Ms.11156-58; f.1r-188r",Netherlands,"Manuscript: Brussels, Bibliothèque royale Albert Ier, Ms.11156-58; f.1r-188r | Country: Netherlands | City: Bergen op Zoom | Region: North Brabant | Dating: Third quarter of the 15th century | Century of production: 15 | Material: paper | Colophon language: Dutch (NL, DUTENG) | Extent: f.1r-188r | Number of folios: 334 | Decoration presence: TRUE | Musical notation presence: FALSE | Scribes: Margriet Andries, Female (Female, Religious)","Original: DIt boec hoerttoe int besloten cloester te bergen opten zoem int dal van iocephat., Suster Margriet Andries., dit boeck hoert toe te berghen op ten zoem int nonnen cloester te tsinte Mergriete int dal van Iozaphat Translation: This book belongs to the enclosed convent at Bergen op Zoom, in the Valley of Josaphat., This book belongs to Bergen op Zoom, in the nuns’ convent of St Margaret in the Valley of Josaphat., Sister Margriet Andries."
pu_22748,"Brussels, Bibliothèque royale Albert Ier, Ms.11173-77; Full manuscript",Netherlands,"Manuscript: Brussels, Bibliothèque royale Albert Ier, Ms.11173-77; Full manuscript | Country: Netherlands | City: Bergen op Zoom | Region: North Brabant | Dating: 1468 | Century of production: 15 | Material: parchment and paper | Colophon language: Dutch (NL, DUTENG) | Extent: Full manuscript | Number of folios: 219 | Decoration presence: TRUE | Monasteries: Saint Margaret, Bergen op Zoom, Netherlands | Scribes: Elisabeth Everdeys, Bergen op Zoom, Female (Female, Religious); Anonymous, TBC (TBC, Religious) | Texts copied: Anonymous, TBC, Table of Chapters [Administrative and Educational Texts]; Anonymous, TBC, Book of the fathers [Religious Texts]",Original: Dit boec was ghescreven anno m cccc lxviii opten xxiii dach van mey Translation: This book was written in the year 1468 on the twenty-third day of May.
pu_22745,"Brussels, Bibliothèque royale Albert Ier, Ms.11359; f.1r-116r",Belgium,"Manuscript: Brussels, Bibliothèque royale Albert Ier, Ms.11359; f.1r-116r | Country: Belgium | City: Peutie | Region: Brabant | Dating: 1498 | Century of production: 15 | Material: paper | Colophon language: Dutch (NL, DUTENG) | Extent: f.1r-116r | Number of folios: 125 | Scribes: Elisabeth vander Beke, Peutie, Female (Female); Anonymous, TBC (TBC, Religious) | Texts copied: Anonymous, TBC, Sequentiary [Religious Texts]; Anonymous, TBC, On the Sorrows of Mary. Psalm [Religious Texts]",Original: Dit boecksken heeft gescreuen suster lijsken vander beke int iaer ons heeren xiiii ende xcviii. Ende sij bidt vriendelijc alle den susteren die daer gherief af selen hebben voir haer te bidden. Translation: This little book was written by Sister Lijsken vander Beke in the year of our Lord fourteen ninety-eight. And she kindly asks all the sisters who will benefit from it to pray for her.
pu_22741,"Brussels, Bibliothèque royale Albert Ier, Ms.11797; f. 220r-235v",Belgium,"Manuscript: Brussels, Bibliothèque royale Albert Ier, Ms.11797; f. 220r-235v | Country: Belgium | City: Mechelen/Malines | Dating: 1451 | Century of production: 15 | Material: paper | Colophon language: Dutch (NL, DUTENG) | Extent: f. 220r-235v | Number of folios: 254 | Decoration presence: TRUE | Musical notation presence: FALSE | Monasteries: Saint Margaret, Bergen op Zoom, Netherlands | Scribes: Martine van Woelputte, Bergen op Zoom, Female (Female, Religious)","Original: Ghescreven gheset ende volbracht metter gracien gods van enen armen sondigen mensche welcs name ic wilde dat bekent ware ende onvutdoenliken gescreven in dat boec des ewighe levens ende op dat dat gescien mach soe biddic alle den ghenen die dit of sijn uutscrift sullen sien oft horen lesen voir hem willen bidden Int Jair ons heren dusent vierhondert ende eenen vijftich als die gracie vanden gulden jare te mechelen was Translation: Written, set, and completed with the grace of God by a poor sinful person whose name I would like to be known, and indelibly written in the book of eternal life, and so that this may happen, I ask all those who will see or hear or read this or its copy to pray for them. In the year of our Lord one thousand four hundred and fifty-one, when the grace of the golden year was at Mechelen."
pu_22615,"Brussels, Bibliothèque royale Albert Ier, Ms.15067; f. 1-170",Belgium,"Manuscript: Brussels, Bibliothèque royale Albert Ier, Ms.15067; f. 1-170 | Country: Belgium | City: Brussels | Region: Brussels-Capital | Dating: 1422 | Century of production: 15 | Material: parchment | Colophon language: Dutch (NL, DUTENG) | Extent: f. 1-170 | Number of folios: 179 | Decoration presence: TRUE | Musical notation presence: FALSE | Scribes: Pseudo-Bonaventure, Male (Male); Ludolph of Saxony, Male (Male); Ms. Brussels Ms.15067 Unidentified woman A, Brussels, Female (Female) | Texts copied: Pseudo-Bonaventure, Male, Ludolph of Saxony, Male, Life of Christ, Latin (LA, LAT) [Religious Texts]","Original: Dit boec wort gheeyndet. Int Jaer ons heren M cccc ende xxij. Des woensdaech voor Sunte Victoers dach. Bidt om gods wil voor dese scrijfster. Die hoors selfs is een groot. Translation: This book is completed in the year of our Lord 1422, on the Wednesday before the feast of St. Victor. Pray for the sake of God for this scribe, who herself is a sinner."
pu_28968,"Brussels, Bibliothèque royale Albert Ier, Ms.15067; f. 170-174v",Unknown,"Manuscript: Brussels, Bibliothèque royale Albert Ier, Ms.15067; f. 170-174v | Material: paper | Colophon language: Dutch (NL, DUTENG) | Extent: f. 170-174v | Number of folios: 4 | Decoration presence: FALSE | Musical notation presence: FALSE | Scribes: Ms. Brussels Ms.15067 Unidentified woman A, Brussels, Female (Female) | Texts copied: Pseudo-Bonaventure, Male, Ludolph of Saxony, Male, Life of Christ, Latin (LA, LAT) [Religious Texts]; The Devout Meditations on the Holy Life of Christ by the Reverend Hubertinus. [Religious Texts]","Original: Dit boec wort gheeyndet. Int Jaer ons heren M cccc ende xxij. Des woensdaech voor Sunte Victoers dach. Bidt om gods wil voor dese scrijfster. Die hoors selfs is een groot. Translation: This book is completed in the year of our Lord 1422, on the Wednesday before the feast of St. Victor. Pray for the sake of God for this scribe, who herself is a sinner."
pu_22609,"Brussels, Bibliothèque royale Albert Ier, Ms.15069; f. 175r-192v",Belgium,"Manuscript: Brussels, Bibliothèque royale Albert Ier, Ms.15069; f. 175r-192v | Country: Belgium | City: Brussels | Region: Brussels-Capital | Dating: 1471-1489 | Century of production: 15 | Material: paper | Colophon language: Dutch (NL, DUTENG) | Extent: f. 175r-192v | Number of folios: 192 | Monasteries: Cloister Notre-Dame of the Rose of Jericho, Augustinian, Brussels, Belgium, 1247 | Scribes: Jacobus de Voragine, Male (Male); Katherine van Molenbeke, Brussels, Female (Female, Religious) | Texts copied: Jacobus de Voragine, Male, Marian Writings and Sermons, Latin (LA, LAT) [Religious Texts]","Original: Dit boec hoert toe den cloester der roosen gheplant in jherico binnen bruesel bij sinte kathlinen., Aen dit beck heeft ghescreuen suster lijsbeth witjens. Ende suster magriet raes. Ende na dat ouer xviii. iaer was begonnen te scriuen Soe heuet suster kathlinen van molenbeke volscreuen ende gheint op onser lieuer vrouqen dach xv teappen. op Sinte cecielien auent. int iaer ons heeren. m cccc ende lxxxix. doen was sij out ontrint. 1. iaer. Wilt om gode eenen aue marie. hertelijc lesen voer hen drien. op dat hen god voer haren arbeyt. wil gheuen glorie inder ewicheit. Translation: This book belongs to the cloister of the Roses Planted in Jericho within Brussels, near Saint Kathlinen., Sister Lijsbeth Witjens and Sister Magriet Raes have written in this book. After over eighteen years of writing, Sister Kathlinen van Molenbeke completed and ended it on the eve of Our Lady's Day of the 15th taps, on the eve of Saint Cecilia, in the year of our Lord 1489. At that time, she was approximately 51 years old. Please, from your heart, recite an Ave Maria for the three of them, so that God may grant them glory for their labor in eternity."
pu_22617,"Brussels, Bibliothèque royale Albert Ier, Ms.15071; Full manuscript",Belgium,"Manuscript: Brussels, Bibliothèque royale Albert Ier, Ms.15071; Full manuscript | Country: Belgium | City: Brussels | Region: Brussels-Capital | Dating: 1510 | Century of production: 16 | Material: paper | Colophon language: Dutch (NL, DUTENG) | Extent: Full manuscript | Number of folios: 244 | Decoration presence: TRUE | Musical notation presence: FALSE | Monasteries: Cloister Notre-Dame of the Rose of Jericho, Augustinian, Brussels, Belgium, 1247 | Scribes: Jeanne Colijns, Brussels, Female (Female, Religious); Gregory the Great, Male (Male) | Texts copied: Gregory the Great, Male, Homilies, Latin (LA, LAT) [Religious Texts]","Original: Desen boeck wert gheschreven Int Jaer ons heren .xvc .x. van Suster Johannen Colijns doen sij out was .lvi. jaer. Ende sij schincten den convente In goeder minnen van Jericho opden viijsten dach In Julio alst viel haers incomst Jubileo Int Jaer .xv.c xi. Biddende haerer armer zielen ghetrouw te sine Op dat sij mach met christo leven ten fine. Amen. Desen boeck hout inne. xxxi. quarternen. ende daer es toe ghegaen .v. boecken panpiers ende .v. blaren Translation: This book was written in the year of our Lord 1510 by Sister Johanna Colijns when she was fifty-six years old. And she donated it to the convent out of goodwill from Jericho on the eighth day of July, when her income fell on the Jubilee Year of the year 1511. Praying for her poor soul to be faithful so that she may live with Christ in the end. Amen. This book contains thirty-one quaternions and it took five reams of paper and five leaves."
pu_22622,"Brussels, Bibliothèque royale Albert Ier, Ms.15134; Full manuscript",Belgium,"Manuscript: Brussels, Bibliothèque royale Albert Ier, Ms.15134; Full manuscript | Country: Belgium | City: Brussels | Region: Brussels-Capital | Dating: 1461 | Century of production: 15 | Material: parchment | Colophon language: Dutch (NL, DUTENG) | Extent: Full manuscript | Number of folios: 166 | Decoration presence: TRUE | Musical notation presence: FALSE | Monasteries: Cloister Notre-Dame of the Rose of Jericho, Augustinian, Brussels, Belgium, 1247 | Scribes: Marie Doeghens, Brussels, Female (Female, Religious); Anonymous, TBC (TBC, Religious) | Texts copied: Anonymous, TBC, Book of the fathers [Religious Texts]","Original: Dit boec behoert toe den cloester van gruenendale in zonijen gheleghen ij mijlen van bruysel., Wilt om gods wille bidden voer die arme scriuersse suster marie deghens., Dit boec heeft doen scriuen bruder wollem. [ y / (2nd hand) van sundert van] berghen opten zoem ten loue ende ter eeren gods ende allen heylighen voer den donaten ende familiaren brueders reefter des godshuys van gruenendale in zonyen gheleghen. inden welcken die selue brueder willem was. int iaer ons heeren M cccc ende lxi wilt daer omme voer hem bidden om gods willen. Translation: Brother Wollem had this book written [by / (2nd hand) from] Sundert van Berghen on the behalf and to the glory of God and all the saints, for the benefactors and lay brothers of the refectory of the Grünendale monastery located in Zonien. In which the same Brother Wollem was involved in the year of our Lord 1461. Please pray for him for the sake of God., This book belongs to the Grünendale monastery located in Zonien, two miles from Brussels., Please pray for the poor scribe Sister Marie Deghens for the sake of God."
pu_22625,"Brussels, Bibliothèque royale Albert Ier, Ms.15136; Full manuscript",Belgium,"Manuscript: Brussels, Bibliothèque royale Albert Ier, Ms.15136; Full manuscript | Country: Belgium | City: Brussels | Region: Brussels-Capital | Dating: 1472-1473 | Century of production: 15 | Material: paper | Colophon language: Dutch (NL, DUTENG) | Extent: Full manuscript | Number of folios: 267 | Decoration presence: TRUE | Musical notation presence: FALSE | Monasteries: Cloister Notre-Dame of the Rose of Jericho, Augustinian, Brussels, Belgium, 1247 | Scribes: Jean de Ruysbroeck, Male (Male); Katherina van Ghiseghem, Brussels, Female (Female, Religious) | Texts copied: Jean de Ruysbroeck, Male, The Spiritual Tabernacle, Dutch (NL, DUTENG) [Literary Texts]","Original: INt Jaer ons heren M cccc lxxii tich. Op sinte peeters ende pauwels dach in junio. Begonste suster katherina van ghiseghem profes nonne in onsen cloester te iericho aen dit boec vanden tabernakel te scriuen. Ende sij volyndet int selue iaer iiii dage in april op sinte ambrosius dach. die viel opten sondach. Dit heeftse ter eren gods ende om gemeyn stichtinge met groeter nersticheit bearbeit in allen wtgesochten tijden als sij int gemeyn werck niet sijn en moeste. doense was out xxvi tich iaer. Bidt om die minne gods voer haer ewige salicheit. Dit boec behoert toe. den cloestere van onser lieuer vrouwen rose geplant in iericho. bynnen bruesele bi sinte katherinen. der ordenen sinte augustijns. soe wie dat vint geeft den relygiosen ioffrouwen weder om gods wille. Translation: In the year of our Lord one thousand four hundred seventy-two. On the feast day of Saints Peter and Paul in June, Sister Katherina van Ghiseghem, professed nun in our cloister at Jericho, began to write this book on the tabernacle. And she completed it in the same year, on the fourth day of April, on the feast day of Saint Ambrose, which fell on a Sunday. She did this in honor of God and for the common edification with great diligence, working on it diligently at all chosen times when she was not engaged in communal work. She was twenty-six years old at the time. Pray for her eternal salvation out of love for God. This book belongs to the cloister of Our Lady Rose-planted in Jericho, within Brussels, near Saint Catherine's, of the Augustinian order. Whoever finds it, return it to the religious ladies for the love of God."
pu_22628,"Brussels, Bibliothèque royale Albert Ier, Ms.15139; Full manuscript",Belgium,"Manuscript: Brussels, Bibliothèque royale Albert Ier, Ms.15139; Full manuscript | Country: Belgium | City: Brussels | Region: Brussels-Capital | Dating: 1474 | Century of production: 15 | Material: paper | Colophon language: Dutch (NL, DUTENG) | Extent: Full manuscript | Number of folios: 165 | Monasteries: Cloister Notre-Dame of the Rose of Jericho, Augustinian, Brussels, Belgium, 1247 | Scribes: Lijsbeth Vlieghe, Brussels, Female (Female, Religious)","Original: Dit boec es volscreuen op sinte symon ende yuden auont Int iaer ons heren m cccc en lxxiiii van suster lijsbetk vliechs. doen si out was li iear bidt voer haer om gode. Dit boec hoert toe int bloester tot onser lieuer vrouwen te yericho dat men heet te sinte katerinen., Dit boeck hoert toe te onser lieuer vrouwen der Roosen gheplant in iherico dat men heet te sinte katherinen binnen bruesele. Inden iaer ons heren. m cccc ende lxxiiii soe heeft suster lijsbeth vlieghe desen boeck volscreuen ende met groeten arbeyde op sinte symon ende iuden auont volyndet ter eeren gods ende tot stichtinghen ende salicheit alre deuoter menschen doen sij out was. li. iaer. Bidt ghetrouwelijc om die minne gods voer haer. want sij seer neerstelijc ende vlietelijc vele iaren ghearbeit heeft in vele goeder boeken te scruene. Translation: This book was fully written on the eve of Saint Simon and Jude in the year of our Lord 1474 by Sister Lijsbetk Vliechs when she was fifty-one years old. Pray for her to God. This book belongs to the monastery of Our Lady of the Roses planted in Jericho, known as Saint Catherine's., This book belongs to Our Lady of the Roses planted in Jericho, known as Saint Catherine's within Brussels. In the year of our Lord 1474, Sister Lijsbeth Vlieghe completed this book with great effort on the eve of Saint Simon and Jude, for the glory of God and for the edification and salvation of all devout people, when she was fifty-one years old. Pray faithfully for her out of love for God, as she diligently and diligently worked for many years in writing many good books."
pu_22634,"Brussels, Bibliothèque royale Albert Ier, Ms.15156; Full manuscript",Belgium,"Manuscript: Brussels, Bibliothèque royale Albert Ier, Ms.15156; Full manuscript | Country: Belgium | City: Brussels | Region: Brussels-Capital | Dating: 1485 | Century of production: 15 | Material: paper | Colophon language: Dutch (NL, DUTENG) | Extent: Full manuscript | Number of folios: 284 | Musical notation presence: FALSE | Monasteries: Cloister Notre-Dame of the Rose of Jericho, Augustinian, Brussels, Belgium, 1247 | Scribes: Katherine van Molenbeke, Brussels, Female (Female, Religious) | Texts copied: Katherine van Molenbeke, Brussels, Female, Malogranatum, Dutch (NL, DUTENG) [Religious Texts]","Original: Hier ynt dat yerste boeck. gheheeten malogranatum. dat volscreuen wert op sinte nychasius dach. Int iaer ons heeren m cccc ende lxxxv van suster katherinen van molenbeke. als si out was xliiii iaer. dit heeft sij om die minne gods ghedaen ende tot ghemeynder stichtinghen. waer af ons heere haer loen wil sijn inder ewicheit Amen., Dit boeck hoert toe den cloester der rosen gheplant in jherico binnen bruesel bij Sinte katherinen Translation: Here ends the first book called ""Malogranatum"", completed on the day of Saint Nichasius, in the year of our Lord 1485, by Sister Katherinen van Molenbeke, when she was forty-three years old. She did this out of love for God and for the common good. May the Lord reward her for it in eternity. Amen., This book belongs to the convent of the Rosary planted in Jericho within Brussels, near Saint Katherine."
pu_22637,"Brussels, Bibliothèque royale Albert Ier, Ms.1678; Full manuscript",Belgium,"Manuscript: Brussels, Bibliothèque royale Albert Ier, Ms.1678; Full manuscript | Country: Belgium | City: Brussels | Region: Brussels-Capital | Dating: ca. 1480 | Century of production: 15 | Material: paper | Colophon language: Dutch (NL, DUTENG) | Extent: Full manuscript | Number of folios: 249 | Decoration presence: TRUE | Musical notation presence: FALSE | Monasteries: Cloister Notre-Dame of the Rose of Jericho, Augustinian, Brussels, Belgium, 1247 | Scribes: Lijsbeth Waelbeerts, Brussels, Female (Female, Religious)","Original: Dit boec hoert toe den cloester van Jherico binnen Bruesel bi sinte Katherinen ende het hevet ghescreven suster Lijsbeth Waelbeerts Translation: This book belongs to the convent of Jericho within Brussels near Saint Catherine's, and it was written by Sister Lijsbeth Waelbeerts."
pu_22733,"Brussels, Bibliothèque royale Albert Ier, Ms.1683-87; Full manuscript",Belgium,"Manuscript: Brussels, Bibliothèque royale Albert Ier, Ms.1683-87; Full manuscript | Country: Belgium | City: Brussels | Region: Brussels-Capital | Dating: [early 16th century (before 1505)] | Century of production: 16 | Material: paper | Colophon language: Dutch (NL, DUTENG) | Extent: Full manuscript | Number of folios: 209 | Monasteries: Cloister Notre-Dame of the Rose of Jericho, Augustinian, Brussels, Belgium, 1247 | Scribes: Lijsbeth Mols, Brussels, Female (Female, Religious); Anonymous, TBC (TBC, Religious) | Texts copied: Anonymous, TBC, Ascetical Treatises [Religious Texts]","Original: Desen boeck es bleven van onser eerwerdegher priorinne suster Lysbeth mols. die sij in haren tijden voer dat convent van Jherico dede scriven ter eeren gods ende sijnder ghebenedider moeder marien ende der heylegher glorioser maghet sinte katherinen harer liever patronersse Translation: This book remained from our honorable prioress Sister Lysbeth Mols, which she had written for the honor of God, His blessed mother Mary, and the holy glorious virgin Saint Catherine, her beloved patroness, during her time for the convent of Jericho."""
pu_22643,"Brussels, Bibliothèque royale Albert Ier, Ms.2086; Full manuscript",Belgium,"Manuscript: Brussels, Bibliothèque royale Albert Ier, Ms.2086; Full manuscript | Country: Belgium | City: Mons | Region: Wallonia | Dating: 1555 | Century of production: 16 | Material: paper | Colophon language: French (FR, FRE) | Extent: Full manuscript | Number of folios: 241 | Decoration presence: TRUE | Musical notation presence: FALSE | Monasteries: Saint Waudru Convent, Benedictine, Mons, Belgium, 680 | Scribes: Catherine de Ligne, La Thure, Female (Female, Religious); Anonymous, TBC (TBC, Religious) | Texts copied: Anonymous, TBC, Breviary [Religious Texts]","Original: Ce breuiaire a este escript lan mil Vc lv par madame catherinne de ligne abbesse de leglise nostre dame de le thure pour ses soeurs chanosniesses de saincte Wauldrud a mons en haynnaut. Translation: This breviary was written in the year one thousand five hundred and fifty-five by Madame Catherine de Ligne, abbess of the Church of Our Lady of Le Thure, for her canoness sisters of Saint Waltrude in Mons, Hainaut."
pu_22724,"Brussels, Bibliothèque royale Albert Ier, Ms.2136; Full manuscript",Belgium,"Manuscript: Brussels, Bibliothèque royale Albert Ier, Ms.2136; Full manuscript | Country: Belgium | City: Brussels | Region: Brussels-Capital | Dating: second half of the 15th century | Century of production: 15 | Material: paper | Colophon language: Dutch (NL, DUTENG) | Extent: Full manuscript | Number of folios: 155 | Monasteries: Cloister Notre-Dame of the Rose of Jericho, Augustinian, Brussels, Belgium, 1247 | Scribes: Elizabeth van Poelke, Brussels, Female (Female, Religious); Hendrik Herp, Male (Male) | Texts copied: Hendrik Herp, Male, Mirror of Perfection, Dutch (NL, DUTENG) [Religious Texts]","Original: Dit boec hoert toe den cloester van jericho, binnen bruesel by Sinte Katherinen. ende het hevet ghescreven Suster lijsbet van poelc Translation: This book belongs to the convent of Jericho, within Brussels, by Saint Catherine's, and it was written by Sister Lijsbet van Poelc."
pu_25844,"Brussels, Bibliothèque royale Albert Ier, Ms.2549-50; Full manuscript",Netherlands,"Manuscript: Brussels, Bibliothèque royale Albert Ier, Ms.2549-50; Full manuscript | Country: Netherlands | City: Utrecht | Dating: 1442 | Century of production: 15 | Material: paper | Colophon language: Dutch (NL, DUTENG) | Extent: Full manuscript | Number of folios: 141 | Scribes: Gertrud Ghijsbert Staden, Female (Female); Jan van Schoonhoven, Male (Male) | Texts copied: Jan van Schoonhoven, Male, Sermons, Dutch (NL, DUTENG) [Religious Texts]","Original: Dit boeck heeft doen scriven Gheerdrwt Ghijsbert Staden weduwe, en ghaeftet tot een ewich testament na hare doot suster Haes van Heeswijck ende suster Kathrijn van Werconden. hoer twe susteren ende ghemenen convent susteren thans woenende onder die swede binnen Utrecht. Int jaer ons heren 1442 opten paesdach den yrsten dach van april. Bidt voer Gheertrwt Staden om Gods willen Pater nr. ave Maria, voer Heinrich van Werconden, voer Ian van Heeswije, voer Ghijsbert Stade, voer Jan de Vroede. Translation: This book has been written by Gheerdrwt Ghijsbert Staden, widow, and is dedicated as an eternal testament after her death to Sister Haes van Heeswijck and Sister Kathrijn van Werconden, her two sisters and the common convent sisters, currently living under the Swedes in Utrecht. In the year of our Lord 1442, on Easter Sunday, the first day of April. Pray for Gheerdrwt Staden, for God’s sake: Our Father, Hail Mary, for Heinrich van Werconden, for Jan van Heeswijck, for Ghijsbert Staden, for Jan de Vroede."
pu_22664,"Brussels, Bibliothèque royale Albert Ier, Ms.3005-08; Full manuscript",Belgium,"Manuscript: Brussels, Bibliothèque royale Albert Ier, Ms.3005-08; Full manuscript | Country: Belgium | City: Brussels | Dating: 1552 | Century of production: 16 | Material: paper | Colophon language: Dutch (NL, DUTENG) | Extent: Full manuscript | Number of folios: 262 | Scribes: Yda van Rillaer, Unknown, Female (Female); Johannes Tauler, Male (Male) | Texts copied: Johannes Tauler, Male, Sermons, German (DE, GER) [Religious Texts]","Original: Int iaer ons here M Vc ende lij. Soe was desen boec volscre bij my Suster yda van rillaer Bidt voer my om den sueten naem gods. Translation: In the year of our Lord 1551, this book was completed by me, Sister Yda van Rillaer. Pray for me for the sweet name of God."
pu_22720,"Brussels, Bibliothèque royale Albert Ier, Ms.3059; f. 91r-95v",Belgium,"Manuscript: Brussels, Bibliothèque royale Albert Ier, Ms.3059; f. 91r-95v | Country: Belgium | City: Brussels | Region: Brussels-Capital | Dating: 25 August 1549 | Century of production: 16 | Material: paper | Colophon language: Dutch (NL, DUTENG) | Extent: f. 91r-95v | Number of folios: 5 | Monasteries: Saint Elizabeth on Mount Zion, Augustinian, Brussels, Belgium, 1432 | Scribes: Elisabeth van Elderen, Brussels, Female (Female, Religious) | Texts copied: Elisabeth van Elderen, Brussels, Female, Ascetic Collection, French (FR, FRE) [Religious Texts]","Original: DIt boeck heeft ghescreuen suster Lijsbeth van Elderen Jnt iaer ons heren M Vc ende xlix Ter bede van Suster Lodowijca van Brigille Donatinne gheprofessijt int clooster van sinte Elyzabeth in den berch van synay binnen Bruesel Jnt iaer ons heren M Vc xlix den xxv dach van Augustus Op sint lodowijcks dach. Laus deo in sempiternum. Om gods wil eenen aue maria voer diet ghescreuen heeft. Translation: This book was written by Sister Lijsbeth van Elderen in the year of our Lord 1549 at the request of Sister Lodowijca van Brigille, professed in the Cloister of Saint Elizabeth on Mount Sinai in Brussels. In the year of our Lord 1549, on the 25th day of August, on Saint Lodowijck's day. Praise be to God forever. An Ave Maria for the one who wrote it, for the love of God."
pu_22675,"Brussels, Bibliothèque royale Albert Ier, Ms.3063-64; Full manuscript",Belgium,"Manuscript: Brussels, Bibliothèque royale Albert Ier, Ms.3063-64; Full manuscript | Country: Belgium | City: Mechelen/Malines | Region: Flanders | Dating: 1512 | Century of production: 16 | Material: parchment | Colophon language: Dutch (NL, DUTENG) | Extent: Full manuscript | Number of folios: 230 | Scribes: Cecilia Hermans, Malines, Female (Female, Religious) | Texts copied: Anonymous, TBC, Calendar [Practical Genres]","Original: f.230v: Ad laudem domini nostri iesu christi gloriosissime virginis marie matris eius et omnium sanctorum et iste libellus finitus completus et conscriptus per me ceciliam hermans sanctimonialem ordinis beati augustini est in connuentu sanctissimi saluatoris in monte thabor prope machliniam Anno eiusdem domni. 1.5.12. die.26. May. Deo gratias. Oretis pro ea ex caritate dei. Translation: f.230v: To the praise of our Lord Jesus Christ, the most glorious Virgin Mary, His mother, and all the saints, and this little book completed and written by me, Cecilia Hermans, a nun of the Order of Saint Augustine, is in the convent of the Most Holy Savior on Mount Thabor near Mechelen. In the year of the same Lord, May 26, 1512. Thanks be to God. Pray for her out of the love of God."
pu_22679,"Brussels, Bibliothèque royale Albert Ier, Ms.3401; Full manuscript",Netherlands,"Manuscript: Brussels, Bibliothèque royale Albert Ier, Ms.3401; Full manuscript | Country: Netherlands | City: s-Hertogenbosch | Region: North Brabant | Dating: 1590-1591 | Century of production: 16 | Material: paper | Colophon language: Dutch (NL, DUTENG) | Extent: Full manuscript | Number of folios: 128 | Decoration presence: TRUE | Musical notation presence: FALSE | Monasteries: College of the Society of Jesus, ’s-Hertogenbosch, Jesuit, s-Hertogenbosch, Netherlands | Scribes: Bernard of Clairvaux, Male (Male); Catherine Van Eyck, s-Hertogenbosch, Female (Female, Religious) | Texts copied: Bernard of Clairvaux, Male, Sermons, Latin (LA, LAT) [Religious Texts]","Original: DIt boeck heeft gheschreuen suster katherijna van eyck Ende begert nae haer doot. die eerwerdige paters der societeyt Jesus. sullen hebben: Ende bidt om gods wil voor haer te willen bidden wt caritaten Dat ons lieue heer haer wil bermhertich sijn. Translation: This book was written by Sister Katherijna van Eyck. And after her death, she desires that the venerable fathers of the Society of Jesus shall have it. And she asks, out of charity, that people pray to God for her, that our dear Lord may be merciful to her."
pu_22686,"Brussels, Bibliothèque royale Albert Ier, Ms.4227-28; Full manuscript",Belgium,"Manuscript: Brussels, Bibliothèque royale Albert Ier, Ms.4227-28; Full manuscript | Country: Belgium | City: Forest | Region: Brussels-Capital | Dating: 1568 | Century of production: 16 | Material: paper | Colophon language: Dutch (NL, DUTENG) | Extent: Full manuscript | Number of folios: 68 | Monasteries: Forest Abbey, Benedictine, Forest-lez-Bruxelles, Belgium | Scribes: Adrienne Vanden Houtte, Forest, Female (Female, Religious); Anonymous, TBC (TBC, Religious) | Texts copied: Anonymous, TBC, Ordinary [Religious Texts]","Original: Item Dit es den Ordinarius des cloosters. ende Abdije van vorst. ghescreuen. Anno domini. 1568. van een onweerdighe. Religieuse der seluer Abdije wijens name god bekent es... Tot behoef der cantersse der voerscreuen Abdije... Translation: This is the Ordinarius of the cloister and Abbey of Vorst, written in the year of our Lord 1568 by an unworthy religious of the same Abbey, whose name is known to God... For the use of the prioress of the aforementioned Abbey..."
pu_22689,"Brussels, Bibliothèque royale Albert Ier, Ms.4287; Full manuscript",Belgium,"Manuscript: Brussels, Bibliothèque royale Albert Ier, Ms.4287; Full manuscript | Country: Belgium | City: Brussels | Region: Brussels-Capital | Dating: ca. 1480-1500 | Century of production: 15 | Material: paper | Colophon language: Dutch (NL, DUTENG) | Extent: Full manuscript | Number of folios: 240 | Monasteries: Cloister Notre-Dame of the Rose of Jericho, Augustinian, Brussels, Belgium, 1247 | Scribes: Anna Joerdaens, Brussels, Female (Female, Religious); Paul van Someren, Male (Male) | Texts copied: Paul van Someren, Male, Sermons, Dutch (NL, DUTENG) [Religious Texts]","Original: f.254v: voorlaatste schutblad verso: ""Dit boeck heeft ghescreven suster Anna Joerdaens zalegher ghedachten, en het hoert toe den cloester van Jerico by Sinte Katherine"" Translation: ""f.254v: penultimate endpaper verso: ""This book was written by Sister Anna Joerdaens, of blessed memory, and it belongs to the convent of Jericho by Saint Katherine."""
pu_22692,"Brussels, Bibliothèque royale Albert Ier, Ms.4297-98; f. 1r-230v",Belgium,"Manuscript: Brussels, Bibliothèque royale Albert Ier, Ms.4297-98; f. 1r-230v | Country: Belgium | City: Forest | Region: Brussels-Capital | Dating: 1568 | Century of production: 16 | Material: paper | Colophon language: Dutch (NL, DUTENG) | Extent: f. 1r-230v | Number of folios: 230 | Monasteries: Forest Abbey, Benedictine, Forest-lez-Bruxelles, Belgium | Scribes: Jean Mahuys, Male (Male); Adrienne Vanden Houtte, Forest, Female (Female, Religious) | Texts copied: Jean Mahuys, Male, Sermons, French (FR, FRE) [Religious Texts]","Original: Dese voorscreuen xxvij sermoonen opten pater noster syn wtghescreuen by Jon c frauwe Adriane vanden houtte tot profyt ende salicheit vander heylegher ghemeynte der abdyen van vorst ende alle der gheender diese sullen lesen oft hooren lesen Jnt Jaer ons heeren xvc lxviij vollent op sinte maghiels avent des selue Jaers. Translation: These aforementioned twenty-seven sermons on the Our Father were transcribed by Sister Adriane vanden Houtte for the benefit and salvation of the holy community of the abbey of Vorst and all those who shall read or hear them read. In the year of our Lord 1568, completed on the eve of Saint Michael of the same year."
pu_22696,"Brussels, Bibliothèque royale Albert Ier, Ms.4367-68; Full manuscript",Belgium,"Manuscript: Brussels, Bibliothèque royale Albert Ier, Ms.4367-68; Full manuscript | Country: Belgium | City: Brussels | Region: Brussels-Capital | Dating: 1466-1467 | Century of production: 15 | Material: parchment and paper | Colophon language: Dutch (NL, DUTENG) | Extent: Full manuscript | Number of folios: 329 | Decoration presence: TRUE | Musical notation presence: FALSE | Monasteries: Cloister Notre-Dame of the Rose of Jericho, Augustinian, Brussels, Belgium, 1247 | Scribes: Jean Storm, Male (Male); Maria van Pee, Brussels, Female (Female, Religious) | Texts copied: Jean Storm, Male, Sermons, Dutch (NL, DUTENG) [Religious Texts]","Original: Hier beghint die prologe op die navolghende sermoenen die welke onse eerwerdige pater her jan storm hevet ghepredict in onsen cloestere te jhericho: doen hi ons commissarijs ende rector tsamen was. welke sermoenen onse werdige mater. doen sij noch inden staet der prelaturen niet en was. aensiende den swaren last ende arbeit des selven Eerbaren vaders crech minne ende devocie dese sermoenen te bescriven: op dat den arbeit des predicaers inder ewiger glorien met nyewen loene vergouden worde soe dicke als yemens devocie beweeght wert. uut aenhoerne oft selve te studeerne dese sermoene. Laet ons ghetrouwelijc bidden voer onsen eerwerdigen pater die den arbeit heeft ghedaen inder predicatien. ende voer onser ghemijnder mater: suster marie van pee god wil haer geven sinen ewegen vree die den arbeit heeft ghedaen om dit te bescriven ... soe hebic dit navolgende boec ghepijnt te vergaderen uut veel collacien die in onsen godshuyse gepredict sijn binnen vijf jaren ..."", Dit boeck was volscreven Int jaer ons heren doemen screef.Dusent. vierhondert. seven ende tsestich. des sesten daeghs in septembri. op enen sondach, Hier ynden die sermoenen ons Eerweerdeghen paters welke ic van velen een weynich vergadert hebbe tot mijns selfs orbore ende der gheendere dier in believen sal te studeren Ende sij waren volscreven int jaer ons heren. M. iii[c]. ende lxvi. op sinte laureis des gloriosen maerteleers dach voer vesperen Translation: This book was completed in the year of our Lord when it was written. Fourteen hundred and sixty-seven, on the sixth day of September, on a Sunday., Here end the sermons of our Venerable fathers, which I have gathered a few of for my own edification and for those who wish to study. And they were completed in the year of our Lord, 1366, on the feast of Saint Laurence, the glorious martyr, before vespers., Here begins the prologue to the following sermons, which our venerable father, Master Jan Storm, preached in our convent at Jericho, when he was both our commissary and rector. These sermons our worthy mother—while she was not yet in the office of prioress—out of compassion for the great burden and labor of that honorable father, was moved by love and devotion to have them written down, so that the labor of the preacher might be rewarded in eternal glory with renewed grace each time someone’s devotion is stirred to hear or to study these sermons. Let us therefore devoutly pray for our venerable father, who performed the labor of preaching, and for our worthy mother, Sister Marie van Pee—may God grant her His eternal peace—who undertook the labor of writing this down. … Thus I have taken pains to gather this following book from many sermons that were preached in our house of God over the course of five years."
pu_22155,"Brussels, Bibliothèque royale Albert Ier, Ms.516; Full manuscript",Belgium,"Manuscript: Brussels, Bibliothèque royale Albert Ier, Ms.516; Full manuscript | Country: Belgium | City: Brussels | Region: Brussels-Capital | Dating: 1595 | Century of production: 16 | Material: paper | Colophon language: Dutch (NL, DUTENG) | Extent: Full manuscript | Number of folios: 560 | Decoration presence: FALSE | Musical notation presence: FALSE | Monasteries: Saint Elizabeth on Mount Zion, Augustinian, Brussels, Belgium, 1432 | Scribes: Catherine Wouters, Brussels, Female (Female, Religious); Nicholas Van Winghe, Male (Male) | Texts copied: Nicholas Van Winghe, Male, Sermons, Dutch (NL, DUTENG) [Religious Texts]","Original: Anno domini. 1595. den ix mey. Te brussel int Closter van Sinte Elizabeth opden berch Sion was desen boeck volscreuen Van Suster Catherine Wouters. Eenen Aue Maria om gods wille. Translation: In the year of our Lord 1595, on the 9th of May, at Brussels, in the Cloister of Saint Elizabeth on Mount Zion, this book was completed by Sister Catherine Wouters. An Ave Maria for the love of God."
pu_22715,"Brussels, Bibliothèque royale Albert Ier, Ms.614; Full manuscript",Belgium,"Manuscript: Brussels, Bibliothèque royale Albert Ier, Ms.614; Full manuscript | Country: Belgium | City: Brussels | Region: Brussels-Capital | Dating: 15921594 | Century of production: 16 | Material: paper | Colophon language: Dutch (NL, DUTENG) | Extent: Full manuscript | Number of folios: 369 | Decoration presence: TRUE | Musical notation presence: FALSE | Monasteries: Cloister Notre-Dame of the Rose of Jericho, Augustinian, Brussels, Belgium, 1247 | Scribes: Katherina Moleman, Brussels, Female (Female, Religious); Hester Malcoet, Brussels, Female (Female, Religious)","Original: Dit sermoen is ghepredict den 30 dach merte int jaer ons heere 1594 vanden eerwerdeghen pater costerius ende uut sijnen mont ghescreven van Suster Hester Malcoet religiose in ons closter van Jherico, Dit was ghepredict op die scheedinghe der apostolen in ons clooster van jherico van een gheleert man ende prister uut die societyt jhesu ende van een werlijke ioffrouwe uut sijnen mont ghecomponeert ende ghescreven diet doer mijn versueck, mij heeft gheleent ende hebt uut den haren gheschreven de zuster Katherina Moleman hopende een beter"" Translation: This was preached on the separation of the apostles in our monastery of Jericho by a learned man and priest from the Society of Jesus, and composed and written down by a worldly lady from his words, who, at my request, lent it to me, and it has been transcribed by Sister Katherina Moleman, hoping for improvement., This sermon was preached on the 30th day of March in the year of our Lord 1594 by the venerable Father Costerius and transcribed from his words by Sister Hester Malcoet, religious in our monastery of Jericho."
pu_25845,"Brussels, Bollandist Society, 487; Full manuscript",Belgium,"Manuscript: Brussels, Bollandist Society, 487; Full manuscript | Country: Belgium | City: Brussels | Region: Brussels-Capital | Dating: ca. 1450-1510 | Century of production: 15, 16 | Colophon language: Dutch (NL, DUTENG) | Extent: Full manuscript | Scribes: Lijsbeth Vlieghe, Brussels, Female (Female, Religious)","Original: f.30v: ""Dese leghende heeft ghescreven suster lijsken vlieghe bidt voer haer om gode""; f.50v: ""Dit boeck heeft ghescreven Suster lijsbeth vlieghe conversinne profes Int cloester ter clusen. Bidt voer haer om gods wille"" Translation: ""f.30v: ""This legend was written by Sister Lijsken Vlieghe. Pray for her to God.""  f.50v: ""This book was written by Sister Lijsbeth Vlieghe, conversant nun in the monastery of the Clares. Pray for her for God's sake."""""
pu_24905,"Budapest, National Széchényi Library, Cod. Holl. 6; Full manuscript",Unknown,"Manuscript: Budapest, National Széchényi Library, Cod. Holl. 6; Full manuscript | Dating: 1486 | Century of production: 15 | Extent: Full manuscript | Scribes: Aleidim Reineri, Female (Female)","Original: Scriptum et explicitum est prasens orarium per me sororem Aleidim Reineri O. S. Ioh. Hieros sacre domus in pratis Werphum ob petitionem et dictionem sor. Christine Bruchters eiusfem Ord. et domus a. nostre salutis M. VI. (1486?) 5 Kal. ianuar. Illuminatum vero et rubricatum per sor. Kunnigundim eiusdem Ord. et domus a. d. ut supra 7 KL. Octob. Translation: “Written and completed is the present book of hours by me, Sister Aleidis Reineri of the Order of St. John of Jerusalem, of the sacred house in Werfen, at the request and dictation of Sister Christine Bruchters of the same order and house, in the year of our salvation 1486, 5th day before the Kalends of January (December 28). It was illuminated and rubricated by Sister Kunigunde of the same order and house, in the year as above, 7th day before the Kalends of October (September 25).”"
pu_24906,"Burgos, Santa María la Real de Las Huelgas, Ms. 11; Full manuscript",Spain,"Manuscript: Burgos, Santa María la Real de Las Huelgas, Ms. 11; Full manuscript | Country: Spain | City: Burgos | Region: Castile and León | Dating: ca. 1300. ca. 1300 for (Dittmer, 1960; Muntané, 2001); 1325 with additions from the late 1330s onwards (Anglès, 1931; ca. 1318-1325, with additions from the 1330s onwads Bell); 1340s principal scribe with additions during the 1340s and/or 1350s by Johannes Roderici and other scribes (Catalunya, 2016) | Century of production: 14 | Material: parchment | Colophon language: Latin (LA, LAT) | Extent: Full manuscript | Number of folios: 170",Original: The colophon «Iohannes Roderici me fecit» appears on five pieces
pu_24907,"Cambrai, Bibliothèque municipale, Ms.300; Full manuscript",France,"Manuscript: Cambrai, Bibliothèque municipale, Ms.300; Full manuscript | Country: France | City: Jouarre ou Faremoutiers | Dating: Avant 806 | Century of production: 9 | Material: parchment | Extent: Full manuscript | Number of folios: 197 | Scribes: Madalberta, Jouarre ou Faremoutiers, Female (Female); Ms. Cambrai 300 Unidentified hand A, Jouarre ou Faremoutiers, Female (Female)","Original: Name ""MA - DAL - BER - TA"" inscribed in the initial, f.155. Translation: Name ""MA - DAL - BER - TA"" inscribed in the initial, f.155."
pu_24912,"Chantilly, Bibliothèque et Archives du Château, Ms. 617; Full manuscript",Belgium,"Manuscript: Chantilly, Bibliothèque et Archives du Château, Ms. 617; Full manuscript | Country: Belgium | City: Huy | Region: Liège | Dating: Années 1480 | Century of production: 15 | Material: paper | Colophon language: Latin (LA, LAT) | Extent: Full manuscript | Number of folios: 27 | Decoration presence: FALSE | Musical notation presence: FALSE | Monasteries: Huy Carmelites, Carmelite | Scribes: Katherine Bourlet, Huy, Female (Female); Anonymous, TBC (TBC, Religious) | Texts copied: Anonymous, TBC, Mystères et moralités (Mystery Plays & Moralities) [Literary Texts]",Original: Explicit. Per manus Bourlet. Translation: Explicit. By the hand of Bourlet.
pu_31786,"Colmar, Bibliothèque des Dominicains, ms. 472; Full manuscript",France,"Manuscript: Colmar, Bibliothèque des Dominicains, ms. 472; Full manuscript | Country: France | City: Colmar | Dating: 15th - 16th centuries | Century of production: 15, 16 | Material: parchment and paper | Colophon language: Latin (LA, LAT) | Extent: Full manuscript | Number of folios: 59 | Decoration presence: TRUE | Musical notation presence: TRUE | Monasteries: Unterlinden, Dominican, Colmar, France, 1232-
1789 | Scribes: Magreta Wurzerin, Female (Female, Religious); Anonymous, TBC (TBC, Religious) | Texts copied: Anonymous, TBC, Responsorial [Religious Texts]",Original: Istum librum scripsit Soror Magreta Wurzerin Translation: This book was written by Sister Margreta Wurzerin.
pu_24913,"Colmar, Bibliothèque des Dominicains, Ms. 717 II; Full manuscript",France,"Manuscript: Colmar, Bibliothèque des Dominicains, Ms. 717 II; Full manuscript | Country: France | City: Colmar | Dating: After 1516 | Century of production: 16 | Material: paper | Colophon language: German (DE, GER) | Extent: Full manuscript | Number of folios: 329 | Decoration presence: TRUE | Musical notation presence: FALSE | Monasteries: Unterlinden, Dominican, Colmar, France, 1232-
1789 | Scribes: Dorothea von Kippenheim, Unterlinden, Female (Female, Religious); Anonymous, TBC (TBC, Religious) | Texts copied: Anonymous, TBC, Spiritual Collection [Religious Texts]","Original: Ich swester Dorothea uon Kippenheim ein conuent Swester deß wirdigen loͤblichen gotzhuß Sancti Johannis baptiste in vnderlinden zuͦ Colmar hab diß buͦch vß dem latin zuͦ tútzsch geschriben got zu lob vnd och zuͦ eren Sancto Sebastiano vnd den anderen lieben heilgen die doran stond vnd ich beger bemuͤticlich dz die alle got wellen fúr mich bitten die do werden leßen an dißem buͦch Amen); das ist nicht die in VL 2 (1980) Sp. 218 genannten Dorothea von Kippenheim OP (zu ihr die biographischen Notizen von moderner Hand 325r), sondern eine gleichnamige Schwester, die Anfang des 16. Jahrhunderts im Kloster Unterlinden lebte (VL 11 [2004] Sp. 380); rote Strichel und Überschriften, Lombarden rot, z. T. mit blauem Federwerk, blau, z. T. mit rotem Federwerk. Translation: I, Sister Dorothea von Kippenheim, a convent sister of the venerable and praiseworthy house of God, Saint John the Baptist in Unterlinden near Colmar, have written this book from Latin into German for the praise of God and also in honor of Saint Sebastian and the other dear saints mentioned therein. I humbly ask that all who read this book may be willing to pray to God for me. Amen."
pu_24915,"Colmar, Bibliothèque municipale, Ms. 267bis; f. 1-73v",France,"Manuscript: Colmar, Bibliothèque municipale, Ms. 267bis; f. 1-73v | Country: France | City: Colmar | Dating: 16th century (Schmitt p. 101); middle to second half of the 16th century (Schmidtke p. 32): ca. 1520-1540 (Buschbeck p. 538) | Century of production: 16 | Material: paper | Colophon language: German (DE, GER) | Extent: f. 1-73v | Number of folios: 183 | Decoration presence: FALSE | Musical notation presence: FALSE | Monasteries: Unterlinden, Dominican, Colmar, France, 1232-
1789 | Scribes: Agnes Wirttnerin, Female (Female, Religious)","Original: S. Angnes wirttnerin ist disz buoch vnd hatt disz mins grosz vatters schwester geschriben angnes minsingerin von Frondeck wollehrwurttig Öptisze in dem loblichen gotzhusz zu augen. Translation: Sister Agnes Wirttnerin wrote this book, and she wrote it for my great-aunt, Agnes Minsingerin of Frondeck, a venerable abbess in the worthy house of God at Augsburg."
pu_24917,"Colmar, Bibliothèque municipale, Ms. 343; Full manuscript",France,"Manuscript: Colmar, Bibliothèque municipale, Ms. 343; Full manuscript | Country: France | City: Colmar | Dating: 1401-1500 | Century of production: 15 | Material: paper | Colophon language: German (DE, GER) | Extent: Full manuscript | Number of folios: 249 | Decoration presence: TRUE | Musical notation presence: FALSE | Monasteries: Unterlinden, Dominican, Colmar, France, 1232-
1789 | Scribes: Ms. Colmar, Bibliothèque municipale, Ms. 343, Unidentified Hands, Female (Female, Religious); Elselin von Bisel, Female (Female, Religious); Anonymous, TBC (TBC, Religious) | Texts copied: Anonymous, TBC, Lives of the Saints [Religious Texts]","Original: Bittent got fvr die schriberin Soror Elselin de Bisel Translation: Pray to God for the scribe, Sister Elselin of Bisel."
pu_24919,"Cologne, Erzbischöfliche Diözesan- und Dombibliothek, 238; Full manuscript",Unknown,"Manuscript: Cologne, Erzbischöfliche Diözesan- und Dombibliothek, 238; Full manuscript | Century of production: 15 | Colophon language: German (DE, GER) | Extent: Full manuscript | Scribes: Adelheid von Lich, Lynnich, Female (Female)","Original: Schreiberschluß f.272v: ""Byddet got vor suster Ayllet van Lych, dye dir boch geschreuen hayt, dat sych got over sy erbarmenwylle."" Translation: Colophon on f.272v: “May God reward Sister Ayllet of Lych, who had this book written, that she may obtain God’s mercy.”"
pu_24920,"Cologne, Erzbischöfliche Diözesan- und Dombibliothek, Ms. 63; Full manuscript",France,"Manuscript: Cologne, Erzbischöfliche Diözesan- und Dombibliothek, Ms. 63; Full manuscript | Country: France | City: Chelles | Region: Île-de-France | Dating: VIII–IX (701 - 900) | Century of production: 9, 8 | Material: parchment | Colophon language: Latin (LA, LAT) | Extent: Full manuscript | Number of folios: 264 | Monasteries: Chelles Abbey, Benedictine, Chelles, France, 660 | Scribes: Gislildis, Chelles, Female (Female, Religious); Agleberta, Chelles, Female (Female, Religious); Augustine of Hippo, Male (Male); Girbalda, Chelles, Female (Female, Religious) | Texts copied: Augustine of Hippo, Male, Commentary on the Psalms, Latin (LA, LAT) [Religious Texts]","Original: Her name was noted on f.86v: ""Gisbalda scripsit"" Her name was noted on f.174v: ""Gislildis scripsit"" Her name was noted on f.263v: ""Agilberta scripsit"" Translation: ""Gisbalda wrote"" (on f.86v) ""Gislildis wrote"" (on f.174v) ""Agilberta wrote"" (on f.263v)"
pu_24921,"Cologne, Erzbischöfliche Diözesan- und Dombibliothek, Ms. 65; Full manuscript",France,"Manuscript: Cologne, Erzbischöfliche Diözesan- und Dombibliothek, Ms. 65; Full manuscript | Country: France | City: Chelles | Region: Île-de-France | Dating: VIII–IX (701 - 900) | Century of production: 9, 8 | Material: parchment | Colophon language: Latin (LA, LAT) | Extent: Full manuscript | Number of folios: 352 | Musical notation presence: FALSE | Monasteries: Chelles Abbey, Benedictine, Chelles, France, 660 | Scribes: Gisledrudis, Chelles, Female (Female, Religious); Altildis, Chelles, Female (Female, Religious); Adruhic, Chelles, Female (Female, Religious); Eusebia, Chelles, Female (Female, Religious); Augustine of Hippo, Male (Male); Anonymous, TBC (TBC, Religious) | Texts copied: Augustine of Hippo, Male, Commentary on the Psalms, Latin (LA, LAT) [Religious Texts]",Original: Adruhic scripsit Altildis scrip[sit] Gisledrudis scrip[sit] Eusebia scripsit Translation: Adruhic wrote Altildis wrote Gisledrudis wrote Eusebia wrote
pu_24922,"Cologne, Erzbischöfliche Diözesan- und Dombibliothek, Ms. 67; Full manuscript",France,"Manuscript: Cologne, Erzbischöfliche Diözesan- und Dombibliothek, Ms. 67; Full manuscript | Country: France | City: Chelles | Region: Île-de-France | Dating: VIII–IX (701 - 900) | Century of production: 9, 8 | Material: parchment | Colophon language: Latin (LA, LAT) | Extent: Full manuscript | Number of folios: 183 | Musical notation presence: FALSE | Monasteries: Chelles Abbey, Benedictine, Chelles, France, 660 | Scribes: Agnes, Chelles, Female (Female, Religious); Augustine of Hippo, Male (Male); Vera, Chelles, Female (Female, Religious) | Texts copied: Augustine of Hippo, Male, Commentary on the Psalms, Latin (LA, LAT) [Religious Texts]",Original: Vera scripsit Agnes scripsit Translation: Vera wrote Agnes wrote
pu_24932,"Cologne, Historisches Archiv der Stadt Köln, W* 25; Full manuscript",Netherlands,"Manuscript: Cologne, Historisches Archiv der Stadt Köln, W* 25; Full manuscript | Country: Netherlands | City: Maastricht | Region: Limburg | Dating: 1487 | Century of production: 15 | Colophon language: Dutch (NL, DUTENG) | Extent: Full manuscript | Scribes: Katrijn van Rade, Maastricht, Female (Female, Religious)","Original: Dese legende van desen heiligen tiendusent maertelaeren is begonnen ende voleindet int jaer ons heren doe men screiff M° CCCC ende LXXXVII suster Katrin van rade. Myn lieve moeder ick heb uch dese legende geschreven om dat ik wael weit dat ure liefste heiligen synt Translation: This legend of the holy ten thousand martyrs was begun and completed in the year of our Lord when one writes M° CCCC and LXXXVII, by Sister Katrin van Rade. My dear mother, I have written you this legend because I know well that your dearest saints are."
pu_24939,"Cologne, Wallraf-Richartz-Museum, Inv.-Nr. 67-71; Full manuscript",Germany,"Manuscript: Cologne, Wallraf-Richartz-Museum, Inv.-Nr. 67-71; Full manuscript | Country: Germany | City: Cologne | Region: North Rhine-Westphalia | Century of production: 14 | Colophon language: Latin (LA, LAT) | Extent: Full manuscript | Scribes: Gertrud van dem Vorst, Cologne, Female (Female)","Original: Soror Gertrudis van dem Uorst qu[a]e hunc librum scribere incepit, sed non perfectit, quia morte pr[a]euenta est. Orate pro ipsa. (inscription appears next to miniature of Schreiberin on frag. 67, as quoted in Mattick 1984 p. 296) Translation: “Sister Gertrude van dem Uorst, who began to write this book, but did not complete it, because she was prevented by death. Pray for her.”"
pu_24941,"Copenhagen, Kongelige Bibliotek, Gl. kgl. S. 3452 8°; Full manuscript",Unknown,"Manuscript: Copenhagen, Kongelige Bibliotek, Gl. kgl. S. 3452 8°; Full manuscript | Dating: 1408-1408 | Century of production: 15 | Material: parchment | Colophon language: Latin (LA, LAT) | Extent: Full manuscript | Number of folios: 140 | Scribes: Cecilia de Monte, Unknown, Female (Female); Anonymous, TBC (TBC, Religious) | Texts copied: Anonymous, TBC, Devotional Book [Religious Texts]","Original: f.140: a.d. 1408 completus est liber iste in die Egidii abbatis scriptus per manum Cecilie de Monte humilis ancille Christi Translation: “In the year of our Lord 1408, this book was completed on the day of Saint Giles the Abbot, written by the hand of Cecilia de Monte, humble servant of Christ.”"
pu_22524,"Cremona, Biblioteca Statale, Gov. 197; full manuscript",Italy,"Manuscript: Cremona, Biblioteca Statale, Gov. 197; full manuscript | Country: Italy | City: Pavia | Region: Veneto | Dating: 1485-88 | Century of production: 15 | Material: parchment | Colophon language: Latin (LA, LAT) | Extent: full manuscript | Number of folios: 146 | Decoration presence: TRUE | Scribes: Laura de Bossi, Pavia, Female (Female, Religious); Giovanni d’Andrea, Male (Male) | Texts copied: Giovanni d’Andrea, Male, Apparatus on Consanguinity and Affinity, Latin (LA, LAT) [Philosophical, and Scholarly Texts]; Giovanni d’Andrea, Male, Gloss on the Sixth Book of Decretals, Latin (LA, LAT) [Philosophical, and Scholarly Texts]","Original: Explicit apparatus super arbore consanguinitatis et affinitatis compitus a domino Iohanne Andrea decreerum doctore et scriptus per me sororem Lauream de Bossis Translation: Here ends the Apparatus on the Tree of Consanguinity and Affinity, compiled by Master Giovanni d’Andrea, doctor of decretals, and written by me, Sister Laura de Bossis."
pu_24942,"Dallas, Bridwell Library, Southern Methodist University, BRMS 155; Full manuscript",Spain,"Manuscript: Dallas, Bridwell Library, Southern Methodist University, BRMS 155; Full manuscript | Country: Spain | City: Burgos | Region: Castile and León | Dating: 1523 | Century of production: 16 | Material: parchment | Extent: Full manuscript | Number of folios: 290 | Scribes: Maria Dies de Oña, Burgos, Female (Female)","Original: last page: ""Este libro se acabò a vii. dias del mes de Noviembre. año de quinientos xxiii. escriviole Mari. Dies de Oña, monja professa deste monasterio."" Translation: last page: ""This book was finished on the 7th day of November in the year 1523, written by Maria Dies de Oña (a nun professed within this monastery)."""
pu_24945,"Darmstadt, Hessische Landes- und Hochschulbibliothek, 1912; Full manuscript",Netherlands,"Manuscript: Darmstadt, Hessische Landes- und Hochschulbibliothek, 1912; Full manuscript | Country: Netherlands | City: Amsterdam | Dating: ca 1490 | Century of production: 15 | Material: paper | Colophon language: Dutch (NL, DUTENG) | Extent: Full manuscript | Number of folios: 194 | Decoration presence: TRUE | Musical notation presence: FALSE | Monasteries: Canonesses Regular of St. Mary Magdalene (Op het Spui), Augustinian, Amsterdam, Netherlands | Scribes: Aaf Hendrikdsr van Haarlem, Brussels, Female (Female); Dietrich of Apolda, Male (Male) | Texts copied: Dietrich of Apolda, Male, Legends, Latin (LA, LAT) [Religious Texts]","Original: Item dit boec heeft ghescreven Suster Aef Heynricxdochter van Haerlem, bid voer haer om Gods willen Translation: Also, this book was written by Sister Aef Heynricxdochter from Haarlem, pray for her for God's sake."
pu_29210,"Darmstadt, Hessische Landes- und Hochschulbibliothek, Hs. 1827; Full manuscript",Germany,"Manuscript: Darmstadt, Hessische Landes- und Hochschulbibliothek, Hs. 1827; Full manuscript | Country: Germany | City: Herzebrock | Dating: 1482 | Century of production: 15 | Material: paper | Colophon language: Latin (LA, LAT) | Extent: Full manuscript | Number of folios: 223 | Musical notation presence: FALSE | Monasteries: Herzebrock Abbey or Priory, Benedictine, Herzebrock-Clarholz, Germany, 1 Jan 1208-
1 Jan 1803 | Scribes: Katharina von Grolle, Female (Female); Henry Suso, Male (Male) | Texts copied: Henry Suso, Male, Clock of Eternal Wisdom, Latin (LA, LAT) [Religious Texts]","Original: Scriptus et completus est liber iste primus aeteme sapiende, qui vocatur horologium, anno domini M°CCCC?LXXXII° per sororem Katherinam de Grolle monialem in Hertzenhrock ipso die beati Gregorii pape. Et petit diligenter orari pro ea, ut post vite ursum huius regnum sorciatur perhenne. Translation: This first book of eternal wisdom, called the Horologium, was written and completed in the year of our Lord 1482 by Sister Katharina de Grolle, a nun in Herzebrock, on the very day of Blessed Pope Gregory. And she earnestly asks to be prayed for, that after the course of life she may attain the eternal kingdom."
pu_24946,"Deventer, Athenaeumbibliotheek, 10 T 3 KL; Full manuscript",Netherlands,"Manuscript: Deventer, Athenaeumbibliotheek, 10 T 3 KL; Full manuscript | Country: Netherlands | City: Diepenveen | Region: Overijssel | Dating: 1466-1466 | Century of production: 15 | Material: parchment and paper | Colophon language: Dutch (NL, DUTENG) | Extent: Full manuscript | Number of folios: 214 | Decoration presence: TRUE | Musical notation presence: FALSE | Monasteries: Diepenveen Monastery, Regulars of St. Mary and St. Agnes, Augustinian, Diepenveen, Netherlands | Scribes: Griete des Vrien, Diepenveen, Female (Female, Religious)","Original: Dit boec heeft ghescreven ende gheeyndet suster griete des vrien op sancte Agnieten octava Anno domini M° cccc° lxvi° Och bidt voer haer propter deum Translation: This book was written and completed by Sister Griete des Vrien on the octave of Saint Agnes, in the year of our Lord 1466. Oh, pray for her, for God's sake."
pu_24948,"Deventer, Athenaeumbibliotheek, 10 V 2 KL; Full manuscript",Netherlands,"Manuscript: Deventer, Athenaeumbibliotheek, 10 V 2 KL; Full manuscript | Country: Netherlands | City: Deventer | Region: IJssel region | Dating: 1522 | Century of production: 16 | Material: parchment | Colophon language: Dutch (NL, DUTENG) | Extent: Full manuscript | Number of folios: 170 | Decoration presence: TRUE | Musical notation presence: FALSE | Scribes: Ms. Deventer 10 V 2 KL Unidentified nun-scribe A, Deventer, Athenaeumbibliotheek, Female (Female, Religious)","Original: Sayings int iaer us gentlemen M.CCCCC and xxij on sunte claren auent. God have this praise in the ewicheit Amen. Diet reads that pray for God's sake for that poor sister who has this song. Translation: Sayings in the year of our Lord 1522 on Saint Clare's eve. God have this praise in eternity. Amen. Whoever reads this, pray for God's sake for that poor sister who possesses this book."
pu_22787,"Deventer, Athenaeumbibliotheek, 101 D 13 KL; Full manuscript",Netherlands,"Manuscript: Deventer, Athenaeumbibliotheek, 101 D 13 KL; Full manuscript | Country: Netherlands | City: Diepenveen | Region: IJssel region | Dating: 1451 | Century of production: 15 | Material: paper | Colophon language: Dutch (NL, DUTENG) | Extent: Full manuscript | Number of folios: 159 | Decoration presence: TRUE | Musical notation presence: FALSE | Monasteries: Diepenveen Monastery, Regulars of St. Mary and St. Agnes, Augustinian, Diepenveen, Netherlands | Scribes: Adriaen Mant, Diepenveen, Female (Female, Religious); Anonymous, TBC (TBC, Religious); Ms. Deventer 101 D 13 KL unidentified nun-scribe A, Diepenveen, Female (Female, Religious) | Texts copied: Anonymous, TBC, Sermons [Religious Texts]",Original: Hier eynden die sermoenen des somers vanden hoechtiden. Ghescreven int jaer ons heren M cccc ende lj. Deo gracias. Translation: Here end the sermons of the summer for the high holy days. Written in the year of our Lord 1451. Thanks be to God.
pu_24951,"Deventer, Athenaeumbibliotheek, 101 D 14 KL; Full manuscript",Netherlands,"Manuscript: Deventer, Athenaeumbibliotheek, 101 D 14 KL; Full manuscript | Country: Netherlands | City: Diepenveen | Region: IJssel region | Dating: 1453 | Century of production: 15 | Material: paper | Colophon language: Dutch (NL, DUTENG) | Extent: Full manuscript | Number of folios: 221 | Decoration presence: TRUE | Musical notation presence: FALSE | Monasteries: Diepenveen Monastery, Regulars of St. Mary and St. Agnes, Augustinian, Diepenveen, Netherlands | Scribes: Adriaen Mant, Diepenveen, Female (Female, Religious); Anonymous, TBC (TBC, Religious) | Texts copied: Anonymous, TBC, Sermons [Religious Texts]",Original: Dit is dat derde stucke der sermoenen. des eerweerdigen deuoete prior van thabor gheheten brueder beernt arboestier. Ende is vol screuen m cccc liij Deo gratias. Translation: This is the third part of the sermons of the venerable and devout prior of Thabor called Brother Beern Arboestier. And it is fully written in the year 1453. Thanks be to God.
pu_24952,"Deventer, Athenaeumbibliotheek, 101 D 4 KL; Full manuscript",Netherlands,"Manuscript: Deventer, Athenaeumbibliotheek, 101 D 4 KL; Full manuscript | Country: Netherlands | City: Deventer | Region: IJssel region | Dating: 1450-1500 | Century of production: 15 | Material: paper | Colophon language: Dutch (NL, DUTENG) | Extent: Full manuscript | Number of folios: 181 | Decoration presence: TRUE | Musical notation presence: FALSE | Monasteries: Sisters of the Common Life S. Ursula, None, Deventer, Netherlands | Scribes: Ms. Deventer 101 D 4 KL Unidentified nun-scribe A, Deventer, Female (Female, Religious); Anonymous, TBC (TBC, Religious) | Texts copied: Anonymous, TBC, Mirror of Faith [Religious Texts]",Original: Dit boeck hoert toe den susteren in sunte vrsulen huus bynnen deuenter. Een aue maria om godes wil voer die arme scriuester. Translation: This book belongs to the sisters in Saint Ursula's house within Deventer. A Hail Mary for God's sake for the poor scribe.
pu_24953,"Deventer, Athenaeumbibliotheek, 101 D 9 KL; Full manuscript",Netherlands,"Manuscript: Deventer, Athenaeumbibliotheek, 101 D 9 KL; Full manuscript | Country: Netherlands | City: Deventer | Region: IJssel region | Dating: 1474 | Century of production: 15 | Material: paper | Colophon language: Dutch (NL, DUTENG) | Extent: Full manuscript | Number of folios: 193 | Decoration presence: TRUE | Musical notation presence: FALSE | Monasteries: Sisters of the Common Life S. Ursula, None, Deventer, Netherlands | Scribes: Conrad of Eberbach, Male (Male); Gregory the Great, Male (Male); Deventer woman 1, Female (Female) | Texts copied: Gregory the Great, Male, Moral Commentary on Job, Latin (LA, LAT) [Religious Texts]; Conrad of Eberbach, Male, Book of the Illustrious Men of the Cistercian Order, Latin (LA, LAT) [Historical and Geographical Texts]","Original: Dit boeck is geeyn[sic] op die octaue van sunte laurens [is dit boeck geeyndet, doorgehaald]."" en ""Int iaer ons heren dusent iiii hondert l.xxiiii."" en ""Biddet om godes wil een. Aue maria voer die arme scriuester. [die dit scref..., doorgehaald]"" en ""Dit boeck hoert den susteren in sunte vrsulen huys toe deuenter inder beghinen strate"" Translation: This book was finished on the octave of Saint Lawrence [this book was finished, crossed out]."" and ""In the year of our Lord one thousand four hundred twenty-four."" and ""Pray for the sake of God once. Hail Mary for the poor scribe. [who wrote this..., crossed out]"" and ""This book belongs to the sisters in Saint Ursula's house in Deventer, in the Beguine street."
pu_24955,"Deventer, Athenaeumbibliotheek, 101 E 11 KL; Full manuscript",Netherlands,"Manuscript: Deventer, Athenaeumbibliotheek, 101 E 11 KL; Full manuscript | Country: Netherlands | City: Diepenveen | Region: IJssel region | Dating: 1450-1525 | Century of production: 15, 16 | Material: paper | Colophon language: Dutch (NL, DUTENG) | Extent: Full manuscript | Number of folios: 335 | Decoration presence: TRUE | Musical notation presence: FALSE | Monasteries: Diepenveen Monastery, Regulars of St. Mary and St. Agnes, Augustinian, Diepenveen, Netherlands | Scribes: Ms. Deventer 101 E 11 KL Unidentified nun-scribe A, Diepenveen, Female (Female, Religious); Thomas à Kempis, Male (Male) | Texts copied: Thomas à Kempis, Male, A meditation on the most holy life of our Lord Jesus Christ and his holy Passion, Latin (LA, LAT) [Religious Texts]","Original: Biddet voer diegene die dit gescreuen heeft want sie in voelen gebreken gebleuen is Een Aue Maria. Translation: Pray for the one who has written this, for she has remained in many faults. A Hail Mary."
pu_24959,"Deventer, Athenaeumbibliotheek, 101 E 26 KL; Full manuscript",Netherlands,"Manuscript: Deventer, Athenaeumbibliotheek, 101 E 26 KL; Full manuscript | Country: Netherlands | City: Diepenveen | Region: IJssel region | Dating: 1524 | Century of production: 16 | Material: paper | Colophon language: Dutch (NL, DUTENG) | Extent: Full manuscript | Number of folios: 418 | Decoration presence: TRUE | Musical notation presence: FALSE | Monasteries: Diepenveen Monastery, Regulars of St. Mary and St. Agnes, Augustinian, Diepenveen, Netherlands | Scribes: Griet Essinchghes, Diepenveen, Female (Female, Religious); Anonymous, TBC (TBC, Religious) | Texts copied: Anonymous, TBC, Sister Book of Diepenveen [Religious Texts]",Original: Dit bock heeft ghescreuen suster griet essinchghes ende gheendet op des hillighen cruces dach Exaltacio Anno domini M vc xxiiij. Translation: This book was written by Sister Griet Essinchghes and completed on the day of the Exaltation of the Holy Cross in the Year of our Lord 1524.
pu_24961,"Deventer, Athenaeumbibliotheek, 101 F 15 KL; Full manuscript",Netherlands,"Manuscript: Deventer, Athenaeumbibliotheek, 101 F 15 KL; Full manuscript | Country: Netherlands | City: Deventer | Region: IJssel region | Dating: 1459 | Century of production: 15 | Material: paper | Colophon language: Dutch (NL, DUTENG) | Extent: Full manuscript | Number of folios: 182 | Decoration presence: TRUE | Musical notation presence: FALSE | Monasteries: Brandeshuis Sisters of the Common Life in Deventer, None, Deventer, Netherlands | Scribes: Deventer woman 1, Female (Female)",Original: Dit boeck hoert tho den susteren van sunte vrsulen huys. Anders gheheiten brandes huys bynnen deuenter Dit is ghescreuen Int iaer ons heren M.cccclix. Translation: This book belongs to the sisters of Saint Ursula's house. Otherwise called Brandes house within Deventer. This was written in the year of our Lord 1459.
pu_24962,"Deventer, Athenaeumbibliotheek, 101 F 16 KL; Full manuscript",Netherlands,"Manuscript: Deventer, Athenaeumbibliotheek, 101 F 16 KL; Full manuscript | Country: Netherlands | City: Diepenveen | Region: IJssel region | Dating: 1454 | Century of production: 15 | Material: paper | Colophon language: Dutch (NL, DUTENG) | Extent: Full manuscript | Number of folios: 248 | Monasteries: Diepenveen Monastery, Regulars of St. Mary and St. Agnes, Augustinian, Diepenveen, Netherlands | Scribes: Bernt Arboestier, Male (Male); Adriaen Mant, Diepenveen, Female (Female, Religious) | Texts copied: Bernt Arboestier, Male, Sermons, Latin (LA, LAT) [Religious Texts]","Original: Hier eyndet dat vierde stucke der sermoenen. des eerweerdigen deuoete prior van thabor. ghenoemt brueder beernt arboestier. Ende is gescreuen m cccc liiij Deo gracias Bidet vmmer voer suster adriaen mant. die dit gescreuen heeft om gods wil want si seer behoeftich is. In hoeren leuen die gracie gods, na hoerre doot sine bermherticheit. Translation: Here ends the fourth part of the sermons of the venerable and devout prior of Thabor, called Brother Beern Arboestier. And it is written in the year 1454. Thanks be to God. Pray always for Sister Adriaen Mant, who has written this for the sake of God because she is very needy. May she receive the grace of God in her life, and after her death, His mercy."
pu_24963,"Deventer, Athenaeumbibliotheek, 101 F 17 KL; Full manuscript",Netherlands,"Manuscript: Deventer, Athenaeumbibliotheek, 101 F 17 KL; Full manuscript | Country: Netherlands | City: Deventer | Region: IJssel region | Dating: 1460 | Century of production: 15 | Material: paper | Colophon language: Dutch (NL, DUTENG) | Extent: Full manuscript | Number of folios: 200 | Decoration presence: TRUE | Musical notation presence: FALSE | Monasteries: Brandeshuis Sisters of the Common Life in Deventer, None, Deventer, Netherlands | Scribes: Ms. Deventer 101 F 17 KL Unidentified nun-scribe A, Deventer, Female (Female, Religious)","Original: Dit waert gescreuen int iaer ons heren. m cccc l x. Dit boeck hoert toe den susteren bynnen deuenter van brandes huus den eluen m megeden. Translation: This was written in the year of our Lord 1450. This book belongs to the sisters within Deventer of Brandes house, commemorated on the 11th of May."
pu_24964,"Deventer, Athenaeumbibliotheek, 101 F 2 KL; Full manuscript",Netherlands,"Manuscript: Deventer, Athenaeumbibliotheek, 101 F 2 KL; Full manuscript | Country: Netherlands | City: Deventer | Region: IJssel region | Dating: 1426 | Century of production: 15 | Material: paper | Colophon language: Dutch (NL, DUTENG) | Extent: Full manuscript | Number of folios: 121 | Decoration presence: TRUE | Musical notation presence: FALSE | Monasteries: Diepenveen Monastery, Regulars of St. Mary and St. Agnes, Augustinian, Diepenveen, Netherlands | Scribes: Ms. Deventer 101 F 2 KL Unidentified hand A, Deventer, Female (Female, Religious); Anonymous, TBC (TBC, Religious) | Texts copied: Anonymous, TBC, Bible [Religious Texts]; Anonymous, TBC, Commentary on Song of Songs [Religious Texts]","Original: Hier eyndet een stuck der bedudinghe op cantica canticorum coninc salomons. Gghescreven int jaer ons heren dusent vierhondert ende xxvi op der X[m] martalaren dach Deo laus Translation: Here ends a section of the interpretation of the Song of Songs of King Solomon. Written in the year of our Lord one thousand four hundred and twenty-six, on the tenth day of the martyrs. Thanks be to God."
pu_24966,"Deventer, Athenaeumbibliotheek, 101 F 3 KL; Full manuscript",Netherlands,"Manuscript: Deventer, Athenaeumbibliotheek, 101 F 3 KL; Full manuscript | Country: Netherlands | City: Deventer | Region: IJssel region | Dating: 1462-1464 | Century of production: 15 | Material: paper | Colophon language: Dutch (NL, DUTENG) | Extent: Full manuscript | Number of folios: 171 | Decoration presence: TRUE | Musical notation presence: FALSE | Monasteries: Brandeshuis Sisters of the Common Life in Deventer, None, Deventer, Netherlands | Scribes: Marquard of Lindau, Male (Male); Humbert of Romans, Male (Male); Deventer woman 1, Female (Female) | Texts copied: Humbert of Romans, Male, On the Three Vows, Latin (LA, LAT) [Religious Texts]; Marquard of Lindau, Male, Guide to the Heavenly Jerusalem, German (DE, GER) [Religious Texts]",Original: Dit is ghescreuen inden iaer ons heren m cccc.lxij bynnen die octaue van paesschen ist gey [doorgehaald] geyndet. Biddet om die mynne godes voer die arme scryfster die dit scref want sie in voelen gebreken bleef. Translation: This was written in the year of our Lord 1462 within the octave of Easter it was finished. Pray for the love of God for the poor scribe who wrote this because she remained in severe ill condition.
pu_24967,"Deventer, Athenaeumbibliotheek, 101 F 5 KL; Full manuscript",Netherlands,"Manuscript: Deventer, Athenaeumbibliotheek, 101 F 5 KL; Full manuscript | Country: Netherlands | City: Diepenveen | Region: IJssel region | Dating: 1425-1450 | Century of production: 15 | Material: paper | Colophon language: Dutch (NL, DUTENG) | Extent: Full manuscript | Number of folios: 119 | Monasteries: Diepenveen Monastery, Regulars of St. Mary and St. Agnes, Augustinian, Diepenveen, Netherlands | Scribes: Grete van Houdaen, Diepenveen, Female (Female, Religious)","Original: 118v-119r: ""Bidt omme godes willen voer mii arme sundersche die dit boec ghescreuen heeft dat si hoer bekieren moet tot onsen lieuen heren [met andere hand:] suster grete van houdaen"". Translation: 118 verso - 119 recto: ""Pray for the sake of God for me, poor sinner, who has written this book, that she must repent to our dear Lord. [With another hand:] Sister Grete van Houdaen."""
pu_24969,"Deventer, Athenaeumbibliotheek, 101 F 7 KL; Full manuscript",Netherlands,"Manuscript: Deventer, Athenaeumbibliotheek, 101 F 7 KL; Full manuscript | Country: Netherlands | City: Diepenveen | Region: IJssel region | Dating: 1466 | Century of production: 15 | Material: paper | Colophon language: Dutch (NL, DUTENG) | Extent: Full manuscript | Number of folios: 256 | Monasteries: Diepenveen Monastery, Regulars of St. Mary and St. Agnes, Augustinian, Diepenveen, Netherlands | Scribes: Ms. Deventer 101 F 7 KL Unidentified nun-scribe A, Diepenveen, Female (Female, Religious)","Original: 256r: ""Bidt om gods wil voer die arme dierne die dit screef.want sie in vele gebreken bleef.Een cort gebedeken"" en ""Ghe eindet int iaer ons heren dusent vier hondert ende lxvj"". Translation: 256 recto: ""Pray for God's sake for the poor servant who wrote this, because she remained in many faults. A short prayer."" and ""It ends in the year of our Lord one thousand four hundred and sixty-six."""
pu_24970,"Deventer, Athenaeumbibliotheek, 11 F 3 KL; Full manuscript",Netherlands,"Manuscript: Deventer, Athenaeumbibliotheek, 11 F 3 KL; Full manuscript | Country: Netherlands | City: Diepenveen | Region: IJssel region | Dating: 1450-1500 | Century of production: 15 | Material: paper | Colophon language: Latin (LA, LAT) | Extent: Full manuscript | Number of folios: 121 | Monasteries: Diepenveen Monastery, Regulars of St. Mary and St. Agnes, Augustinian, Diepenveen, Netherlands | Scribes: Dayken Derckes, Diepenveen, Female (Female, Religious)","Original: 66v: ""Iste liber scriptus est per manus soror daye Aue maria et pertinet in scolis"". Translation: 66 verso: ""This book was written by the hand of Sister Daye. Hail Mary and it belongs in the schools."""
pu_24973,"Dresden, Saechsische Landesbibliothek, M 291; Full manuscript",Netherlands,"Manuscript: Dresden, Saechsische Landesbibliothek, M 291; Full manuscript | Country: Netherlands | City: Selwerd bij Groningen | Dating: ca. 1500 | Century of production: 16 | Material: parchment and paper | Colophon language: Dutch (NL, DUTENG) | Extent: Full manuscript | Number of folios: 336 | Musical notation presence: FALSE | Scribes: Ghese ten Broeke, Selwerd bij Groningen, Female (Female); Anonymous, TBC (TBC, Religious) | Texts copied: Anonymous, TBC, Prayer Book [Religious Texts]","Original: Dit boeck is gheeyndet op sunte Magnus dach des avents toe vijff uren doer .s. Ghese ten broeke een nonne toe zelwert int cloester voer die devote suster Anne tyddinghes soe welt ghebruket die bidde om godes willen voer hem beyden Translation: This book was completed on the eve of Saint Magnus at five o'clock by Sister Gese ten Broeke, a nun herself, in the convent, for the devout Sister Anne Tyddinghes, who desires to use it; pray for both of them for God's sake."
pu_24974,"Dresden, Saechsische Landesbibliothek, M.283; Full manuscript",Germany,"Manuscript: Dresden, Saechsische Landesbibliothek, M.283; Full manuscript | Country: Germany | City: Nuremberg | Region: Bavaria | Dating: 1445 | Century of production: 15 | Material: paper | Colophon language: German (DE, GER) | Extent: Full manuscript | Number of folios: 33 | Scribes: Ursula Schanfiggin, Nuremberg, Female (Female)","Original: 30r: [ Dysß bu e chly han ich arme swo e ster Vrsul Schanfiggin v i ch allen minen minen [!] reht lieben mu e tren vnd swo e stren ze sant Katrinen ze Nu e renberg von gro u sser minn vnd tru i w geschriben han [!] , [30v] vnd beger mit ganczem herczen, das ir min alzit ernstlich vnd getrw i lich gedenkint vnd fu i r mich bittent vnd fu i r miner hertz lieben mu o ter selgen sel vnd fu i r v i nsers erwirdigen getru i wen vatter meister Hansen selgen sel. Vnd vernement ir minen to u d, ach so lo u nd v i ch min armen ellenden sel durch got getru i lich alzit beuolhen sin.] Translation: On f.30r: ""This little book, I, poor Sister Ursula Schanfiggin, have written with great love and faithfulness for all my dear sisters and sisters at Saint Catherine's in Nuremberg. I beg with all my heart that you always remember me earnestly and faithfully and pray for me and for my dear departed mother's soul, and for our revered faithful father, Master Hans, who has passed away. And if you hear of my death, oh then, I commend my poor wretched soul faithfully to God."""
pu_24975,"Dublin, Trinity College, Ms.81; Full manuscript",Netherlands,"Manuscript: Dublin, Trinity College, Ms.81; Full manuscript | Country: Netherlands | City: Delft | Dating: 1459-1460 | Century of production: 15 | Material: parchment | Colophon language: Latin (LA, LAT) | Extent: Full manuscript | Number of folios: 271 | Decoration presence: TRUE | Musical notation presence: FALSE | Monasteries: Saint Agnes convent, Augustinian, Delft, Netherlands | Scribes: Margaret, Delft, Female (Female, Religious); Anonymous, TBC (TBC, Religious) | Texts copied: Anonymous, TBC, Missal, Latin (LA, LAT) [Religious Texts]","Original: anno domini m’o cccc’o lix’o Octobris ydibus est liber iste finitus, uirgo que scripsit nomen huius habens: Margaret Translation: In the year of Our Lord 1459 on the ides of October this book was finished: Margaret"
pu_24977,"Düsseldorf, Universitäts- und Landesbibliothek, B 38; Full manuscript",Germany,"Manuscript: Düsseldorf, Universitäts- und Landesbibliothek, B 38; Full manuscript | Country: Germany | City: Hamm (Westfalen) | Region: North Rhine-Westphalia | Dating: 1473 | Century of production: 15 | Material: parchment | Colophon language: Latin (LA, LAT) | Extent: Full manuscript | Number of folios: 233 | Decoration presence: TRUE | Musical notation presence: FALSE | Monasteries: Kentrop Priory, Cistercian, Hamm, Germany, 1 Jan 1290-
1 Jan 1802 | Scribes: Bernard of Clairvaux, Male (Male); Katharina Konnygs (Regis), Hamm, Female (Female); Isidore of Seville, Male (Male); Anna Kyttelers, Hamm, Female (Female, Religious); Katherina de Westhoven, Hamm, Female (Female, Religious) | Texts copied: Bernard of Clairvaux, Male, Sermons, Latin (LA, LAT) [Religious Texts]; Isidore of Seville, Male, Sentences, Latin (LA, LAT) [Religious Texts]","Original: Finitus et completus est liber iste per nos sorores Katterinam de Westhoven priorissam et Annam Kyttelers et Katrinam Regis. Anno Domini M° CCCC° LXXIII° circa tempus illud, quando regnavit pestis epidemii Translation: This book was finished and completed by us, Sisters Katherine de Westhoven, prioress, Anna Kyttelers, and Katherine Regis, in the year of our Lord 1473, around the time when the epidemic plague reigned."
pu_24978,"Düsseldorf, Universitäts- und Landesbibliothek, B 42; Full manuscript",Germany,"Manuscript: Düsseldorf, Universitäts- und Landesbibliothek, B 42; Full manuscript | Country: Germany | City: Hamm (Westfalen) | Region: North Rhine-Westphalia | Dating: 1475 | Century of production: 15 | Material: paper | Colophon language: Latin (LA, LAT) | Extent: Full manuscript | Number of folios: 163 | Decoration presence: TRUE | Musical notation presence: FALSE | Monasteries: Kentrop Priory, Cistercian, Hamm, Germany, 1 Jan 1290-
1 Jan 1802 | Scribes: Bernard of Clairvaux, Male (Male); Katerina Koenigs, Kentrop, Female (Female) | Texts copied: Bernard of Clairvaux, Male, Sermons, Latin (LA, LAT) [Religious Texts]","Original: Finitus et completus est liber iste anno Domini M° CCCC° LXXV° in Vigilia gloriosi apostoli mei sancti Jacobi [24. Juli 1475] per me Katerynam Konyngs. Orate pro ea. Translation: This book was finished and completed in the year of our Lord 1475, on the eve of my glorious apostle Saint James [24 July 1475], by me, Katerynam Konyngs. Pray for her."
pu_24980,"Düsseldorf, Universitäts- und Landesbibliothek, B 44; Full manuscript",Germany,"Manuscript: Düsseldorf, Universitäts- und Landesbibliothek, B 44; Full manuscript | Country: Germany | City: Burtscheid (Aachen) | Region: North Rhine-Westphalia | Dating: 15th century, 2nd half | Century of production: 15 | Material: parchment | Extent: Full manuscript | Number of folios: 127 | Scribes: Elisabeth of Strabach, Burtscheid, Female (Female)","Original: Explicit Vita sancti Bernardi abbatis.‹ Scripta per manus sororis Elyzabeth de Strabach ordinis Cisterciensis, monialis professe in Rubo divi Georgii martiris Translation: ""Here ends the Life of Saint Bernard, Abbot. Written by the hand of Sister Elizabeth of Strabach, Cistercian nun professed in the Monastery of Saint George the Martyr."""
pu_24983,"Eichstätt, Stiftsbibliothek St. Walburg, Cod. germ. 5; Full manuscript",Germany,"Manuscript: Eichstätt, Stiftsbibliothek St. Walburg, Cod. germ. 5; Full manuscript | Country: Germany | Dating: 1489 | Century of production: 15 | Material: paper | Colophon language: German (DE, GER) | Extent: Full manuscript | Number of folios: 236 | Musical notation presence: FALSE | Scribes: Margaretha Zürl, Female (Female); Anonymous, TBC (TBC, Religious) | Texts copied: Anonymous, TBC, Contemplation of the Passion The Highness of Heaven, German (DE, GER) [Religious Texts]","Original: Item das puch ist voldent worden da man zalt 1400 und in dem 89. jar und hat gescrhiben Swester Margaret Zürlin und begert durch got ein Ave Maria. Translation: Also, this book was completed in the year 1489, and it was written by Sister Margaret Zürlin. She asks, for God’s sake, for an Ave Maria."
pu_24984,"Eichstätt, Universitätsbibliothek, Ms. st 111; Full manuscript",Germany,"Manuscript: Eichstätt, Universitätsbibliothek, Ms. st 111; Full manuscript | Country: Germany | Dating: 1524 | Century of production: 16 | Material: paper | Colophon language: German (DE, GER) | Extent: Full manuscript | Number of folios: 248 | Musical notation presence: FALSE | Scribes: Margaretha Stoß, Female (Female); Anonymous, TBC (TBC, Religious) | Texts copied: Anonymous, TBC, Spiritual Vine [Religious Texts]","Original: Disser passion ist auss geschriben worden am abent sanct Veit des heiligen marters, durch schwester Margretha Stossin. DIe begert vmb gottes willen ein aue Maria. Translation: This Passion was written on the eve of Saint Vitus, the holy martyr, by Sister Margretha Stossin. For God’s sake, she asks for an Ave Maria."
pu_24985,"Eichstätt, Universitätsbibliothek, Ms. st 760; Full manuscript",Germany,"Manuscript: Eichstätt, Universitätsbibliothek, Ms. st 760; Full manuscript | Country: Germany | City: Wildberg | Region: Baden-Württemberg | Dating: 1507 | Century of production: 15 | Material: paper | Colophon language: German (DE, GER) | Extent: Full manuscript | Number of folios: 279 | Scribes: Barbara von Rottenburg, Reuthin, Female (Female, Religious)","Original: (228v) Darby auch gedencken schryberin dis büchlins in dem ein jetlicher mensche lere vnd vnderwysung gnug findt alles des er begert vff welchen sinn oder wege ers will alles bewert von den heilligen götlichen lerern besunder vnsers heilligen vnd engelschen lerers sant Thoma von Aquin vs dem es aller meist genumen ist Translation: (228v): “Here the scribe of this little book should also be remembered. In it, every person can find enough instruction and teaching, according to whatever purpose or path they desire, all based on the teachings of the holy divine doctors, especially our holy and angelic teacher, Saint Thomas Aquinas, from whom most of the content is taken. It was written by a scribe from Reutin, in the hand of Barbara von Rottenburg, and completed on June 29, 1507"
pu_24987,"Einsiedeln, Stiftsbibliothek, Ms. 652; Full manuscript",Germany,"Manuscript: Einsiedeln, Stiftsbibliothek, Ms. 652; Full manuscript | Country: Germany | City: Villingen | Region: Baden-Württemberg | Century of production: 16 | Material: paper | Colophon language: German (DE, GER) | Extent: Full manuscript | Number of folios: 151 | Scribes: Katharina von Karpfen, Villingen, Female (Female)","Original: f.150r: Bitten got fur die bössen schriberinen sch. Katherina von Karpfen, amen. Translation: f.150r: Pray to God for the sinful scribe Sister Katherina von Karpfen. Amen."
pu_24989,"Einsiedeln, Stiftsbibliothek, Ms. 654; Full manuscript",Germany,"Manuscript: Einsiedeln, Stiftsbibliothek, Ms. 654; Full manuscript | Country: Germany | Century of production: 16 | Colophon language: German (DE, GER) | Extent: Full manuscript | Scribes: Katharina von Karpfen, Villingen, Female (Female)","Original: Bitten got fu""r die bo""ssen schriberinen sch. Katherina von Karpfen, amen. (CMO) bitten got fu""r die bo""sen schriberinen sch(wester) Katharina von Karpfen, amen (SMAH V/153) Translation: Pray to God for the sinful women scribes, Sister Katherina von Karpfen. Amen."
pu_24991,"Einsiedeln, Stiftsbibliothek, Ms. 657; Full manuscript",Unknown,"Manuscript: Einsiedeln, Stiftsbibliothek, Ms. 657; Full manuscript | Colophon language: German (DE, GER) | Extent: Full manuscript | Scribes: Schriberin, Unknown, Female (Female)",Original: Bitt Gott für die arme Schriberin Translation: Pray to God for the poor woman scribe
pu_24992,"Einsiedeln, Stiftsbibliothek, Ms. 661; Full manuscript",Germany,"Manuscript: Einsiedeln, Stiftsbibliothek, Ms. 661; Full manuscript | Country: Germany | City: Villingen | Region: Baden-Württemberg | Colophon language: German (DE, GER) | Extent: Full manuscript | Scribes: Efrosina Som, Villingen, Female (Female)","Original: Diss buechle gehörtt minen in gott geliebten trüwn frommen andächtigen gaistlichen tochttren üwer unwürdigen fro Elisabett Filingerin suppriorin und fro Künigund Zumermenin von mir üwer unwürdigen emvotter zuo s. Claren in Vilingen schw. Efrosina Som (?) scripsit. Translation: “This little book belongs to my beloved in God, true, pious, and devout spiritual sisters, under the unworthy hand of Sister Elisabett Filingerin, Subprioress and Sister Küningund Zumermenin from my unworthy mother at S. Claren in Villingen, Swabia. Efrosina (?!) wrote it.”"
pu_24993,"Einsiedeln, Stiftsbibliothek, Ms. 671 (655); Full manuscript",Switzerland,"Manuscript: Einsiedeln, Stiftsbibliothek, Ms. 671 (655); Full manuscript | Country: Switzerland | City: Zurich | Region: Zurich | Dating: 1449-1449 | Century of production: 15 | Material: paper | Colophon language: German (DE, GER) | Extent: Full manuscript | Number of folios: 164 | Decoration presence: TRUE | Musical notation presence: FALSE | Monasteries: Convent of Dominican Sisters of St. Verena, Zurich, Dominican | Scribes: Anonymous, TBC (TBC, Religious); Gregory the Great, Male (Male); Dietrich of Apolda, Male (Male); Agnes Föisin, Zurich, Female (Female, Religious) | Texts copied: Gregory the Great, Male, Dialogues, Latin (LA, LAT) [Religious Texts]; Anonymous, TBC, Prose Legend of Peter of Milan [Religious Texts]; Dietrich of Apolda, Male, Life of Saint Dominic, Latin (LA, LAT) [Religious Texts]","Original: Hoͤr fil vnd wenig sag / antwort nüt vf all frag / lüg scheident früntschaft fil / da man den lügen gloͮben wil. - Dis wart vs geschriben an sant johans baptisten abent do man zalt M cccc vnd xlviiij yar (1449, Juni 23) von schwester angnes foͤisinen. 1449. 164v: gedenkent min durch got schwester angnes (foͤisin zuͦ sant frennen. zürich). Translation: Listen much and say little, answer nothing to every question, trust a lie, sever friendship greatly, where one believes the lie. - This was written on the eve of Saint John the Baptist, in the year 1449, by Sister Agnes Foͤisinen. 1449. 164v: Remember me in God's grace, Sister Agnes (Foͤisin) in Saint Frennen, Zurich."""
pu_24994,"Einsiedeln, Stiftsbibliothek, Ms. 751 (745); Full manuscript",Germany,"Manuscript: Einsiedeln, Stiftsbibliothek, Ms. 751 (745); Full manuscript | Country: Germany | Dating: 15th century | Century of production: 15 | Material: paper | Colophon language: German (DE, GER) | Extent: Full manuscript | Number of folios: 494 | Musical notation presence: FALSE | Scribes: Frenlin (Verena), Female (Female); Anonymous, TBC (TBC, Religious) | Texts copied: Anonymous, TBC, Sermons [Religious Texts]",Original: dis bůch geschriben het vnder der růtte genant frenlin
pu_24995,"Einsiedeln, Stiftsbibliothek, Ms. 752 (746); Full manuscript",Germany,"Manuscript: Einsiedeln, Stiftsbibliothek, Ms. 752 (746); Full manuscript | Country: Germany | City: Konstanz (Constance) | Dating: 1483-1483 | Century of production: 15 | Material: paper | Colophon language: German (DE, GER) | Extent: Full manuscript | Number of folios: 383 | Musical notation presence: FALSE | Scribes: Dorothea von Hof, Constance, Female (Female, Secular); Anonymous, TBC (TBC, Religious) | Texts copied: Anonymous, TBC, Spiritual Collection [Religious Texts]","Original: Do man zalt von der geburt unsere heren Christi 1483 an s. Silvestertag han ich Dorothe von Hof dis buoch ungeschriben und bin davor ze herbst an s. Frenentag im 1482 iar alt gesin 24 iar und ist gesin nün iar an s; Pallus bekert im 83 iar, das Jerg und ich elich zesamen kamen. Liebe überwint alle alle ding. Deo gratias. Item und do ich alt bin gesin 19 iar uf s. Verenatag, do gieng ich uf des hl. crütztag nächst darnach genden Einsideln uf ain engelwiche und Satz do den sturtz uf und let etliche weltliche claider und clainet hin, das ich yr nit me truog. Translation: In the year of our Lord’s birth 1483, on St. Sylvester’s Day, I, Dorothea von Hof, wrote out this book. And in the previous autumn, on St. Fridolin’s Day in the year 1482, I was 24 years old. And it was nine years since St. Paul’s Conversion Day in the year ’83 that Jörg and I were joined together in marriage. Love overcomes all things. Deo gratias."
pu_24997,"Erlangen, Universitätsbibliothek, B 18 Ms. 1997; Full manuscript",Germany,"Manuscript: Erlangen, Universitätsbibliothek, B 18 Ms. 1997; Full manuscript | Country: Germany | City: Nuremberg | Region: Bavaria | Dating: 1441-1441 | Century of production: 15 | Material: parchment and paper | Colophon language: German (DE, GER) | Extent: Full manuscript | Number of folios: 195 | Decoration presence: TRUE | Musical notation presence: FALSE | Monasteries: Saint Katharina, Dominican, Nuremberg, Germany, 1295 | Scribes: Ms. Erlangen Universitätsbibliothek, B 18, Unidentified Hand 1, Female (Female, Religious); Ms. Erlangen Universitätsbibliothek, B 18, Unidentified Hand 2, Female (Female, Religious); Ms. Erlangen Universitätsbibliothek, B 18, Unidentified Hand 4, Female (Female, Religious); Elisabeth Karlin, Nuremberg, Female (Female, Religious); Ms. Erlangen Universitätsbibliothek, B 18, Unidentified Hand 3, Female (Female, Religious)",Original: Diß puch wart geschriben ... 1441 ... an sant petronelle tag (= 31. V.) von swester Elspet Karlin Translation: This book was written … in the year 1441 … on Saint Petronella’s day (31 May) by Sister Elspet Karl.
pu_24998,"Escorial (El), Real Biblioteca de San Lorenzo, a. I. 13; f. 1-187",Spain,"Manuscript: Escorial (El), Real Biblioteca de San Lorenzo, a. I. 13; f. 1-187 | Country: Spain | City: Bobadilla | Region: Andalusia | Dating: 912-913 | Century of production: 10 | Material: parchment | Colophon language: Latin (LA, LAT) | Extent: f. 1-187 | Number of folios: 408 | Decoration presence: TRUE | Musical notation presence: FALSE | Monasteries: Monastery of Bobadilla, near Samos | Scribes: Leodegundia, Bobadilla, Female (Female, Religious); Anonymous, TBC (TBC, Religious) | Texts copied: Anonymous, TBC, Monastic Rules [Philosophical, and Scholarly Texts]","Original: O vos omnes qui legeritis hunc codicem mementote //// clientula et exigua Leodigundie qui hunc scripsi in monasterio Bobatelle regnante Adefonso principe in era 950 quisquis pro alium oraverit semetipsum deum (domino?) commendat. Translation: O all you who shall read this book, remember the little servant and humble one, Leodigundie, who wrote this in the monastery of Bobatelle, during the reign of Prince Alfonso, in the era 950 (1012 CE). Whoever prays for another commends himself to the Lord (or to God)."
pu_24999,"Escorial (El), Real Biblioteca de San Lorenzo, e. IV. 7; Full manuscript",Unknown,"Manuscript: Escorial (El), Real Biblioteca de San Lorenzo, e. IV. 7; Full manuscript | Dating: 1301-1400 | Century of production: 14 | Material: parchment | Colophon language: Latin (LA, LAT) | Extent: Full manuscript | Number of folios: 139 | Decoration presence: TRUE | Musical notation presence: FALSE | Scribes: Gertrude, Female (Female); Anonymous, TBC (TBC, Religious) | Texts copied: Anonymous, TBC, Civil Law [Philosophical, and Scholarly Texts]",Original: Explicit expliceat. Scriptrix deo gratias. Que me scribebat. Gertrudis nomen habebat. Translation: The explicit is completed. Thanks be to God. The female scribe who wrote me bore the name Gertrudis.
pu_25000,"Essen, Münsterarchiv and Münsterschatzkammer, Hs. 25; Full manuscript",Unknown,"Manuscript: Essen, Münsterarchiv and Münsterschatzkammer, Hs. 25; Full manuscript | Dating: 15th century | Century of production: 15 | Material: paper | Colophon language: German (DE, GER) | Extent: Full manuscript | Number of folios: 227 | Musical notation presence: FALSE | Scribes: Katharina von Wesel, Female (Female, Religious)","Original: Eyn maria om gots willen vur den schryuer Dyt heuet geschrieuen suster kathryna van wesel praecratersche eyn getruwe []enresche is geweest desen conuente Translation: A Hail Mary, for God’s sake, for the scribe. This was written by Sister Kathryna of Wesel, a Dominican nun, who was a faithful [servant/supporter] of this convent."
pu_25002,"Évora, Biblioteca Pública de Évora, BPE, Cód. Manizola 115; Full manuscript",Portugal,"Manuscript: Évora, Biblioteca Pública de Évora, BPE, Cód. Manizola 115; Full manuscript | Country: Portugal | City: Aveiro | Region: Aveiro | Dating: 1481 | Century of production: 15 | Material: parchment | Colophon language: Portuguese} (PT, POR), Latin (LA, LAT) | Extent: Full manuscript | Number of folios: 263 | Decoration presence: TRUE | Musical notation presence: TRUE | Monasteries: Convent of Jesus of Aveiro, Dominican, Aveiro, Portugal, 1462 | Scribes: Isabel Luís, Aveiro, Female (Female, Religious); Anonymous, TBC (TBC, Religious) | Texts copied: Anonymous, TBC, Missal, Latin (LA, LAT) [Religious Texts]","Original: Domino uiuo et uº u lego. Qui perfecit hoc opus non ego. Gratias sint pro eu rogo. Este liuro he do mosteiro de jhesu. E escreveu Isabel Luys. Freira do dito conuentu. Acabouse descrever fferia Vª. xv. dias de fevereiro. Era do nacimento do nosso senhor ihesu christo. De mil. iiiicentos. lxxxj:. Sit nomem domini benedictum in secula. Translation: “=To the living Lord and I, who bequeath this. He who completed this work, not I. Thanks be to Him, I ask. This book belongs to the monastery of Jesus. It was written by Isabel Luys, a nun of the said convent. It was finished being written on the fifth feria, the 15th day of February, in the era of the birth of our Lord Jesus Christ, 1481. Blessed be the name of the Lord forever."
pu_22348,"Florence, Archivio di Stato, Monastero di Santa Brigida detto del Paradiso 78; Full manuscript",Italy,"Manuscript: Florence, Archivio di Stato, Monastero di Santa Brigida detto del Paradiso 78; Full manuscript | Country: Italy | City: Florence | Region: Tuscany | Dating: early 1500s | Century of production: 16 | Material: paper | Extent: Full manuscript | Number of folios: 30 | Monasteries: Santa Brigida del Paradiso, Bridgettine, Florence, Italy | Scribes: Maria Matilde Chiavacci, Florence, Female (Female, Religious); Anonymous, TBC (TBC, Religious) | Texts copied: Anonymous, TBC, Life of Blessed Manno [Religious Texts]","Original: Possession note by copyist inside front cover: Suor Maria Matilde Chiavacci, Monaco del Paradiso chi lo accatta lo renda Translation: Possession note by copyist inside front cover: ""Suor Maria Matilde Chiavacci, Monaco del Paradiso chi lo accatta lo renda."""
pu_25006,"Florence, Biblioteca Medicea Laurenziana, Acquisti e doni 10; Full manuscript",Italy,"Manuscript: Florence, Biblioteca Medicea Laurenziana, Acquisti e doni 10; Full manuscript | Country: Italy | City: Florence | Region: Tuscany | Dating: end of 15th c. | Century of production: 15 | Material: paper | Colophon language: Italian (IT, ITA) | Extent: Full manuscript | Number of folios: 139 | Decoration presence: TRUE | Musical notation presence: FALSE | Scribes: Bernard of Clairvaux, Male (Male); Ms. Florence Acquisti e doni 10 Unidentified nun-scribe A, Florence, Female (Female, Religious) | Texts copied: Bernard of Clairvaux, Male, Sermons, Latin (LA, LAT) [Religious Texts]",Original: Questo libro è delle monache di Sancta Maria a Monte Celi fuori della porta a Sancto Piero Gattolini Translation: This book belongs to the nuns of Santa Maria a Monte Celi outside the gate at San Pietro Gattolini.
pu_25007,"Florence, Biblioteca Medicea Laurenziana, Acquisti e doni 12; Full manuscript",Italy,"Manuscript: Florence, Biblioteca Medicea Laurenziana, Acquisti e doni 12; Full manuscript | Country: Italy | City: Florence | Region: Tuscany | Dating: end of 15th c. | Century of production: 15 | Material: paper | Colophon language: Italian (IT, ITA) | Extent: Full manuscript | Number of folios: 212 | Decoration presence: TRUE | Musical notation presence: FALSE | Scribes: Ms. Florence Acquisti e doni 12 Unidentified nun-scribe A, Florence, Female (Female, Religious) | Texts copied: Bernard of Clairvaux, Male, Sermons, Latin (LA, LAT) [Religious Texts]",Original: Questo libro è delle monache di Monte Celi fuori della porta a Sam Piero Ghattholi. Translation: This book belongs to the nuns of Monte Celi outside the gate at San Pietro Gattolini.
pu_25008,"Florence, Biblioteca Medicea Laurenziana, Acquisti e doni 85; Full manuscript",Italy,"Manuscript: Florence, Biblioteca Medicea Laurenziana, Acquisti e doni 85; Full manuscript | Country: Italy | City: Florence | Region: Tuscany | Dating: 1488 September 24 / 1496 June 23 | Century of production: 15 | Material: paper | Colophon language: Italian (IT, ITA) | Extent: Full manuscript | Number of folios: 115 | Decoration presence: TRUE | Musical notation presence: FALSE | Monasteries: Santa Brigida del Paradiso, Bridgettine, Florence, Italy | Scribes: Raffaella di Arnolfo Bardi, Florence, Female (Female, Religious)","Original: Amen. Finito è a dì 23 di giugno 1496, Al nome di messer (Yesu) (Christo) [then ‘ella’ crossed out] e della gloriosa vergine Maria, madre di Dio, e di messere sancto Giovanni Batista, nel dì della cui conceptione questo libro s’ è incominciato, addì XXIIII di settembre 1488, Questo libro è delle monache del Paradiso, copiato da me suora Raffaella con assai mia faticha (et) disagii. Et è l’ottavo ch’io ò copiato, tutti a spirituale consolatione delle mie in (Christo) sorelle (et) non credo copiarne più eccetto la Corona de’monaci, la quale ò cominciato ‘n altro volume. E sse la lettera è rusticha l’auctore e lle parole son degni, et in però sia riguardato Translation: In the name of Lord (Jesus) (Christ) [then 'ella' crossed out] and of the glorious Virgin Mary, mother of God, and of Lord Saint John the Baptist, on the day of whose conception this book was begun, the 24th day of September 1488., Amen. Finished on the 23rd day of June 1496, This book belongs to the nuns of the Paradiso, copied by me Sister Raffaella with much effort and hardship. And it is the eighth that I have copied, all for the spiritual consolation of my sisters in (Christ), and I do not believe I will copy more except for the Corona of the monks, which I have started in another volume. And if the letter is rustic, the author and the words are worthy, and therefore it should be regarded."
pu_22862,"Florence, Biblioteca Medicea Laurenziana, Conv. Soppr. 235; Full manuscript",Italy,"Manuscript: Florence, Biblioteca Medicea Laurenziana, Conv. Soppr. 235; Full manuscript | Country: Italy | City: Florence | Region: Tuscany | Dating: 1447 | Century of production: 15 | Material: parchment | Colophon language: Latin (LA, LAT) | Extent: Full manuscript | Number of folios: 264 | Musical notation presence: FALSE | Monasteries: Saint Verdiana, Augustinian, Florence, Italy, 1391 | Scribes: Petra Bivigliani de Medicis, Florence, Female (Female); Anonymous, TBC (TBC, Religious) | Texts copied: Anonymous, TBC, Missal, Latin (LA, LAT) [Religious Texts]","Original: (red) Petra soror, claro (black) Medicorum sanguine nata, (red) hoc sacrum virtutis (black) opus transcripsit, habendum (red) virginibus sancto viride (black) cognomine dictis. (red) Librum hunc transcripsit Petra Bivigliani de Medicis, (black) una ex sororibus in monasterio Sancti Iohannis Gualberti et Beate Verdiane Deo devotissime servientibus (red) ordinis Vallis Umbrosae Translation: (red) ""Petra, sister, born of the illustrious blood of the Medici, (black) transcribed this sacred work of virtue, (red) to be held by the virgins named with the holy green name. (black) Petra Bivigliani de Medicis transcribed this book, (red) one of the sisters in the monastery of Saint John Gualbert and Saint Veridiana, (black) serving God most devotedly, (red) of the Vallombrosan order."
pu_22894,"Florence, Biblioteca Medicea Laurenziana, Conv.Sopp. 90; Full manuscript",Italy,"Manuscript: Florence, Biblioteca Medicea Laurenziana, Conv.Sopp. 90; Full manuscript | Country: Italy | City: Florence | Region: Tuscany | Dating: 1518 | Century of production: 16 | Material: parchment | Colophon language: Latin (LA, LAT) | Extent: Full manuscript | Number of folios: 428 | Musical notation presence: FALSE | Monasteries: Saint Ambrogio di Pietrapiana, Benedictine, Florence, Italy, 1040 | Scribes: Anonymous, TBC (TBC, Religious); Gostanza Cocchi, Florence, Female (Female) | Texts copied: Anonymous, TBC, Calendar [Practical Genres]; Anonymous, TBC, Breviary [Religious Texts]; Anonymous, TBC, Psalter [Religious Texts]","Original: Hoc Brevarium inceptium? et expletum fuit a me Domina Angela domini Antoni de Rabatti, filia monasterii Sancti Ambrogii de Florentia, digno moniale. De ordinis Sancto Benedicto, sub anno domini MCCCCCXVIII. Scripsit per manum Domina Constantia moniale decto monasterii. Deo gratias. Translation: This Breviary was begun and completed by me, Lady Angela, daughter of Lord Antonio de Rabatti, a worthy nun of the monastery of Saint Ambrose of Florence, of the Order of Saint Benedict, in the year of our Lord 1418. Written by the hand of Lady Constance, a nun of the said monastery. Thanks be to God."
pu_25009,"Florence, Biblioteca Medicea Laurenziana, Conv.Soppr.353; Full manuscript",Italy,"Manuscript: Florence, Biblioteca Medicea Laurenziana, Conv.Soppr.353; Full manuscript | Country: Italy | City: Florence | Region: Tuscany | Dating: 3 March 1482 | Century of production: 15 | Material: paper | Extent: Full manuscript | Number of folios: 151 | Monasteries: Santa Brigida del Paradiso, Bridgettine, Florence, Italy | Scribes: Cleofe, Florence, Female (Female, Religious)","Original: f.150 hand of Suor Cleofe (in red): “Finito il libro sexto (et) ultimo di beato Effrem diacono. Finito a dì 3 di marto [sic] 1481, il quale è delle monache del Paradiso. Qui scripsit scribat (et) semper cum Domino vivat. Amen.” Translation: f.150 hand of Sister Cleofe (in red): ""Finished the sixth and final book of Blessed Ephrem the Deacon. Finished on the 3rd of March 1481, which belongs to the nuns of the Paradiso. Let whoever writes hereafter write, and may they always live with the Lord. Amen."""
pu_25011,"Florence, Biblioteca Medicea Laurenziana, Conv.Soppr.466; Full manuscript",Italy,"Manuscript: Florence, Biblioteca Medicea Laurenziana, Conv.Soppr.466; Full manuscript | Country: Italy | City: Florence | Region: Tuscany | Dating: 5 June 1485 | Century of production: 15 | Material: paper | Extent: Full manuscript | Number of folios: 179 | Monasteries: Santa Brigida del Paradiso, Bridgettine, Florence, Italy | Scribes: Raffaella di Arnolfo Bardi, Florence, Female (Female, Religious); Cleofe, Florence, Female (Female, Religious)","Original: Possession note and note from scribe Cleofe f.179vA: “Questo libro è delle monache (et) convento del Paradiso, chi llo achatta lo riguardi (et) rendalo in fra sei mesi l’arà tenuto, (et) dicha una Ave Maria per l’anima di chi s’è affatichata scrivendolo. Deo gratias.” Colophon with date on f.120rA same hand of Cleofe: “Finito il libro a laude di (Yesu) (Christo) a dì cinque di giugno mille quatrocento ottanta cinque. Deo gratias.” Translation: Possession note and note from scribe Cleofe f.179vA: ""This book belongs to the nuns and convent of the Paradiso; whoever buys it should keep it for six months, and say an Ave Maria for the soul of the one who labored to write it. Thanks be to God."" Colophon with date on f.120rA, same hand as Cleofe: ""Finished the book in praise of Jesus Christ on the fifth of June, fourteen hundred and eighty-five. Thanks be to God."""
pu_25014,"Florence, Biblioteca Medicea Laurenziana, Conv.Soppr.469; Full manuscript",Italy,"Manuscript: Florence, Biblioteca Medicea Laurenziana, Conv.Soppr.469; Full manuscript | Country: Italy | City: Florence | Region: Tuscany | Dating: 25 January 1546 | Century of production: 16 | Material: paper | Colophon language: Italian (IT, ITA) | Extent: Full manuscript | Number of folios: 198 | Decoration presence: TRUE | Musical notation presence: FALSE | Monasteries: Santa Brigida del Paradiso, Bridgettine, Florence, Italy | Scribes: Bernard of Clairvaux, Male (Male); Cecilia di Francesco Cattani da Diacceto, Florence, Female (Female, Religious) | Texts copied: Bernard of Clairvaux, Male, Sermons, Latin (LA, LAT) [Religious Texts]","Original: Questo libro è del Convento delle monache del Paradiso, presso a fFirençe. Finissi addì 25 di gennaio 1545. Scripto per mano di suora Cicilia da Diacceto. Translation: This book belongs to the Convent of the nuns of Paradiso, near Florence. Finished on the 25th of January 1545. Written by the hand of Sister Cicilia from Diacceto."
pu_25015,"Florence, Biblioteca Moreniana, Moreni 219; Full manuscript",Italy,"Manuscript: Florence, Biblioteca Moreniana, Moreni 219; Full manuscript | Country: Italy | City: Florence | Region: Tuscany | Dating: 1540-1560 (Petronilla’s death, c.1560) | Century of production: 16 | Material: paper | Colophon language: Italian (IT, ITA) | Extent: Full manuscript | Number of folios: 198 | Decoration presence: TRUE | Musical notation presence: FALSE | Monasteries: Monastery of Santa Caterina da Siena in Florence, Dominican, Florence, Italy | Scribes: Petronilla Nelli, Florence, Female (Female); Pseudo-Burlamacchi, Male (Male) | Texts copied: Pseudo-Burlamacchi, Male, Life of Savonarola, Italian (IT, ITA) [Religious Texts]","Original: Finis. Finisce el libro della vita del beato Ieronimo e sua compagni scritto per me peccatrice suora Petronilla Nelli; prieghovi lettori devoti oriate pro me Translation: End. This is the end of the book about the life of the blessed Jerome and his companions, written by me, the sinner Sister Petronilla Nelli. I ask you, devout readers, to pray for me."
pu_25017,"Florence, Biblioteca Nazionale Centrale di Firenze, Banco Rari 322; Full manuscript",Italy,"Manuscript: Florence, Biblioteca Nazionale Centrale di Firenze, Banco Rari 322; Full manuscript | Country: Italy | City: Florence | Region: Tuscany | Dating: 1478 (November 27) | Century of production: 15 | Material: parchment | Colophon language: Latin (LA, LAT) | Extent: Full manuscript | Number of folios: 179 | Musical notation presence: FALSE | Monasteries: Santissima Annunziata delle Murate, Benedictine, Firenze (Florence), Italy | Scribes: Ms. Floence Banco Rari 322 Unidentified nun-scribe A, Florence, Female (Female, Religious); Anonymous, TBC (TBC, Religious) | Texts copied: Anonymous, TBC, Calendar [Practical Genres]; Anonymous, TBC, Diurnal [Religious Texts]","Original: Explicit liber iste anno Domini MoCCCCoLXXoVIIIo die XXVIIo novembris in monasterio Muratarum de Florentia ordinis sancti Benedicti. Translation: This book ends in the year of our Lord 1478, on the 27th day of November, in the monastery of Murate in Florence, of the order of Saint Benedict."
pu_14200,"Florence, Biblioteca Nazionale Centrale di Firenze, Conv.Soppr.B.IV.1503; Full manuscript",Italy,"Manuscript: Florence, Biblioteca Nazionale Centrale di Firenze, Conv.Soppr.B.IV.1503; Full manuscript | Country: Italy | City: Florence | Region: Tuscany | Dating: 1500s beginning | Century of production: 16 | Material: paper | Colophon language: Italian (IT, ITA) | Extent: Full manuscript | Number of folios: 132 | Musical notation presence: FALSE | Monasteries: Santa Brigida del Paradiso, Bridgettine, Florence, Italy | Scribes: Martin of Opava, Male (Male); Cleofe, Florence, Female (Female, Religious) | Texts copied: Martin of Opava, Male, Chronicle of the Popes and Emperors, Latin (LA, LAT) [Historical and Geographical Texts]","Original: Lui si degni intercedere per me peccatrice suora Cleophe. A llaude (et) onore del quale ò scripto questo divino libro del Dialogo. Amen. Translation: May he deign to intercede for me, sinful sister Cleofe. To the praise and honor of whom I have written this divine book of the Dialogue. Amen"
pu_25020,"Florence, Biblioteca Nazionale Centrale di Firenze, Conv.soppr.C.IV.1437; Full manuscript",Italy,"Manuscript: Florence, Biblioteca Nazionale Centrale di Firenze, Conv.soppr.C.IV.1437; Full manuscript | Country: Italy | City: Florence | Region: Tuscany | Dating: 1532 May 15 | Century of production: 16 | Material: paper | Colophon language: Italian (IT, ITA) | Extent: Full manuscript | Number of folios: 176 | Monasteries: Santa Brigida del Paradiso, Bridgettine, Florence, Italy | Scribes: Cecilia di Francesco Cattani da Diacceto, Florence, Female (Female, Religious)","Original: 168vB: “Finito le hepistole del seguente libro. Le quale à scripte una suora indegniamente monacha nel monastero del Paradiso. Et furno copiute a dì 15 di maggio 1532. Ad honore (et) laude di Dio. Deo gratias” c. 174rB: “Questo libro è del monastero (et) convento del Paradiso, fuori della porta di Sancto Niccholò, fuori di Firençe 1o miglio. Laus Deo.” Translation: f.168 verso (back): ""Having finished the epistles of the following book. Which a unworthy nun-monk in the Monastery of Paradiso wrote. And they were completed on the 15th of May 1532. To the honor and praise of God. Thanks be to God.""  f.174 recto (back): ""This book belongs to the Monastery and Convent of Paradiso, outside the gate of Saint Nicholas, outside Florence, 1 mile away. Praise be to God."""
pu_25021,"Florence, Biblioteca Nazionale Centrale di Firenze, Conv.Soppr.C.V.1489; Full manuscript",Italy,"Manuscript: Florence, Biblioteca Nazionale Centrale di Firenze, Conv.Soppr.C.V.1489; Full manuscript | Country: Italy | City: Florence | Region: Tuscany | Dating: 1484 March 18 | Century of production: 15 | Material: paper | Colophon language: Italian (IT, ITA) | Extent: Full manuscript | Number of folios: 119 | Musical notation presence: FALSE | Monasteries: Santa Brigida del Paradiso, Bridgettine, Florence, Italy | Scribes: Raffaella di Arnolfo Bardi, Florence, Female (Female, Religious); Niccolò da Osimo, Male (Male) | Texts copied: Niccolò da Osimo, Male, Garden of Prayer, Italian (IT, ITA) [Religious Texts]","Original: .119vA after explicit, written in the hand of Suor Raffaella, “Qui finisce il libro intitulato il Giardino dell’oratione. Et detto libro fu finito di scrivere a dì ventiotto di março (et) fu la quarta domenica della quaresima (et) ss’è il dì del nostro perdono, correndo gli anni del nostro signiore (Iesu) Cristo mille quartrocento ottanta quatro. Questo libro è del convento de’ frati (et) monache del monasterio di sancta Brigida detto il Paradiso, di presso a fFirençe. Deo gratias. Amen. Finis.” Translation: f.119 verso (front): After the explicit, written in the hand of Sister Raffaella: ""Here ends the book entitled Il Giardino dell'oratione. And said book was finished being written on the 28th day of March, and it was the fourth Sunday of Lent, and it is the day of our forgiveness, in the year of our Lord Jesus Christ 1484. This book belongs to the convent of the friars and nuns of the monastery of Saint Bridget, called Paradiso, near Florence. Thanks be to God. Amen. End."""
pu_18140,"Florence, Biblioteca Nazionale Centrale di Firenze, Conv.Soppr.D.I.1326; Full manuscript",Italy,"Manuscript: Florence, Biblioteca Nazionale Centrale di Firenze, Conv.Soppr.D.I.1326; Full manuscript | Country: Italy | City: Florence | Region: Tuscany | Dating: 1479 | Century of production: 15 | Material: paper | Colophon language: Italian (IT, ITA) | Extent: Full manuscript | Number of folios: 121 | Musical notation presence: FALSE | Monasteries: Santa Brigida del Paradiso, Bridgettine, Florence, Italy | Scribes: Bernard of Clairvaux, Male (Male); Raffaella di Arnolfo Bardi, Florence, Female (Female, Religious) | Texts copied: Bernard of Clairvaux, Male, Homilies in praise of the blessed virgin Mary, Latin (LA, LAT) [Religious Texts]","Original: Questo libro è delle monache (et) convento del Paradiso, scripto per mano d’una di quelle nel M. CCCC LXX9 Translation: This book belongs to the nuns and convent of Paradiso, written by the hand of one of them in the year 1479."
pu_25023,"Florence, Biblioteca Nazionale Centrale di Firenze, Conv.soppr.D.I.1631; Full manuscript",Italy,"Manuscript: Florence, Biblioteca Nazionale Centrale di Firenze, Conv.soppr.D.I.1631; Full manuscript | Country: Italy | City: Florence | Region: Tuscany | Dating: 1488-89 | Century of production: 15 | Material: paper | Colophon language: Italian (IT, ITA) | Extent: Full manuscript | Number of folios: 197 | Monasteries: Santa Brigida del Paradiso, Bridgettine, Florence, Italy | Scribes: Cleofe, Florence, Female (Female, Religious)",Original: Qui finisce il libro el quale è chiamato Oriuolo della sapientia. Cominciossi a scrive [sic] nel m cccc octanta octo (et) finissi nel mille cccc octanta nove Translation: Here ends the book which is called the Dial of Wisdom. It began to be written in 1488 and finished in 1489.
pu_25026,"Florence, Biblioteca Nazionale Centrale di Firenze, Conv.soppr.D.II.1527; Full manuscript",Italy,"Manuscript: Florence, Biblioteca Nazionale Centrale di Firenze, Conv.soppr.D.II.1527; Full manuscript | Country: Italy | City: Florence | Region: Tuscany | Dating: 1547 May 5 | Century of production: 16 | Material: paper | Colophon language: Italian (IT, ITA) | Extent: Full manuscript | Number of folios: 106 | Monasteries: Santa Brigida del Paradiso, Bridgettine, Florence, Italy | Scribes: Cecilia di Francesco Cattani da Diacceto, Florence, Female (Female, Religious)","Original: Finito è questo libro a ore dua, la sera di sancto Tomaso, veschovo di Contrubia, nel 1547. Translation: This book was finished at the second hour, in the evening of Saint Thomas, Bishop of Contrubia, in 1547."
pu_25027,"Florence, Biblioteca Nazionale Centrale di Firenze, Conv.Soppr.D.VII. 344; Full manuscript",Italy,"Manuscript: Florence, Biblioteca Nazionale Centrale di Firenze, Conv.Soppr.D.VII. 344; Full manuscript | Country: Italy | City: Florence | Region: Tuscany | Dating: c. 1500 (late 15th-early 16th c.) | Century of production: 15 | Material: parchment | Colophon language: Latin (LA, LAT) | Extent: Full manuscript | Number of folios: 211 | Monasteries: San Jacopo di Ripoli, Dominican, Florence, Italy | Scribes: Angela Miniberti, Florence, Female (Female, Religious); Anonymous, TBC (TBC, Religious) | Texts copied: Anonymous, TBC, Calendar [Practical Genres]; Anonymous, TBC, Collectar [Religious Texts]","Original: Finito libro isto. Laus et gloria sit domino Iesu Christo. Iesus. Ego soror Angela indigna serva domini nostri Iesu Christi scripsi manu propria hoc collectarium. Deus sit laudatus et pro me deprecatus. Qui scripsit scribat semper cum domino vivat. Vivat in Coelis semper cum domino felix. Facta fine pia benedicat virgo maria. Translation: This book is finished. Praise and glory to our Lord Jesus Christ. Jesus. I, Sister Angela, unworthy servant of our Lord Jesus Christ, wrote this breviary with my own hand. May God be praised and prayed for me."
pu_25028,"Florence, Biblioteca Nazionale Centrale di Firenze, Conv.soppr.E.I.1323; Full manuscript",Italy,"Manuscript: Florence, Biblioteca Nazionale Centrale di Firenze, Conv.soppr.E.I.1323; Full manuscript | Country: Italy | City: Florence | Region: Tuscany | Dating: 1501 September 5 | Century of production: 16 | Material: paper | Colophon language: Italian (IT, ITA) | Extent: Full manuscript | Number of folios: 170 | Musical notation presence: FALSE | Monasteries: Santa Brigida del Paradiso, Bridgettine, Florence, Italy | Scribes: Bernard of Clairvaux, Male (Male); Cleofe, Florence, Female (Female, Religious) | Texts copied: Bernard of Clairvaux, Male, Sermons, Latin (LA, LAT) [Religious Texts]","Original: Explicit la espositione di sancto Bernardo sopra la Cantica canticorum di Salamone, scripta per me suor Cleophe, moniali Paradisi. Finissi di scrivere a dì 5 di settenbre et negli anni della salute della incarnatione del nostro signiore (Yesu) (Christo) M.CCCCC I. A gloria (et) onore di (Yesu) (Christo) sposo della sancta madre Eclesia. Referamus gratia Christi. Amen. Translation: Here ends the exposition of Saint Bernard on the Song of Songs of Solomon, written by me, Sister Cleophe, nun of the Paradiso monastery. Finished writing on the 5th of September and in the year of the incarnation of our Lord Jesus Christ M.CCCCC I. To the glory and honor of Jesus Christ, spouse of the holy mother Church. Let us give thanks to Christ. Amen."
pu_25029,"Florence, Biblioteca Nazionale Centrale di Firenze, Conv.Soppr.E.I.1324; Full manuscript",Italy,"Manuscript: Florence, Biblioteca Nazionale Centrale di Firenze, Conv.Soppr.E.I.1324; Full manuscript | Country: Italy | City: Florence | Region: Tuscany | Dating: 1481 February 12 | Century of production: 15 | Material: paper | Colophon language: Italian (IT, ITA) | Extent: Full manuscript | Number of folios: 189 | Monasteries: Santa Brigida del Paradiso, Bridgettine, Florence, Italy | Scribes: Raffaella di Arnolfo Bardi, Florence, Female (Female, Religious)",Original: Questo libro è delle monache (et) convento del monasterio del Paradiso. Scripto negl’anni del Signore 1480 a dì 12 di febbraio. Orate pro me Translation: This book belongs to the nuns and convent of the Paradiso monastery. Written in the year of our Lord 1480 on the 12th of February. Pray for me.
pu_22162,"Florence, Biblioteca Nazionale Centrale di Firenze, Conv.soppr.G.VII.1493; Full manuscript",Italy,"Manuscript: Florence, Biblioteca Nazionale Centrale di Firenze, Conv.soppr.G.VII.1493; Full manuscript | Country: Italy | City: Florence | Region: Tuscany | Dating: late 1400s | Century of production: 15 | Material: paper | Colophon language: Italian (IT, ITA) | Extent: Full manuscript | Number of folios: 220 | Musical notation presence: FALSE | Monasteries: Santa Brigida del Paradiso, Bridgettine, Florence, Italy | Scribes: Raffaella di Arnolfo Bardi, Florence, Female (Female, Religious); Lorenzo Giustiniani, Male (Male); Giovanni Tavelli da Tossignano, Male (Male) | Texts copied: Lorenzo Giustiniani, Male, Giovanni Tavelli da Tossignano, Male, Doctrine of the Monastic Life, Latin (LA, LAT) [Religious Texts]","Original: Questo libro è delle monache del Paradiso, scripto da una di loro medesima” then by same scribe, in a different (cursive) script she adds “cioè suora Raffaella Translation: This book belongs to the nuns of Paradiso, written by one of them. Then, by the same scribe, in a different cursive script: ""that is, Sister Raffaella."
pu_25031,"Florence, Biblioteca Nazionale Centrale di Firenze, Fondo Nazionale II 130; Full manuscript",Italy,"Manuscript: Florence, Biblioteca Nazionale Centrale di Firenze, Fondo Nazionale II 130; Full manuscript | Country: Italy | City: Florence | Region: Tuscany | Dating: 1494 August 10 | Century of production: 15 | Material: paper | Colophon language: Italian (IT, ITA) | Extent: Full manuscript | Number of folios: 154 | Musical notation presence: FALSE | Monasteries: Santa Brigida del Paradiso, Bridgettine, Florence, Italy | Scribes: Bridget of Sweden, Female (Female); Birgitta of Sweden, Female (Female); Cleofe, Florence, Female (Female, Religious); Petruccio da Viterbo, Male (Male); Anonymous, TBC (TBC, Religious) | Texts copied: Birgitta of Sweden, Female, Bridget of Sweden, Female, Revelations, Latin (LA, LAT) [Literary Texts, Religious Texts]; Petruccio da Viterbo, Male, Letters to Brother Luca of Spain, Italian (IT, ITA) [Religious Texts]; Anonymous, TBC, Memorial of an Image of Saint Bridget [Religious Texts]","Original: Questo libro è delle suore e monache del Paradiso. Suor Cleofe., Finissi di scrivere il detto libro negli anni del Signore mille quattrocento novanta Quattro, addì X d’aghosto. Iscritto con gran faticha e disagio la maggior parte di nocte al lume di lucerna. Prieghovi non ghuardiate alla rusticità della lettera, ma pigliate la sana e verace doctrina data dalla bocca della verità e della sua gloriosa madre virgho Maria alla nostra madre sancta Brigida. Priegho che chi llo leggie con diligentia lo tengha e cchi ll’acatta sì lo renda Translation: I finished writing the said book in the year of the Lord one thousand four hundred ninety-four, on the 10th of August. Written with great effort and hardship, mostly at night by lamplight. I ask you not to judge the simplicity of the letter, but to take the sound and true doctrine given by the mouth of the Truth and his glorious mother, the Virgin Mary, to our holy mother, Saint Bridget. I pray that whoever reads it diligently may keep it, and whoever buys it may return it., This book belongs to the sisters and nuns of the Paradiso. Sister Cleofe."
pu_22230,"Florence, Biblioteca Nazionale Centrale di Firenze, Fondo Nazionale II II 509; Full manuscript",Italy,"Manuscript: Florence, Biblioteca Nazionale Centrale di Firenze, Fondo Nazionale II II 509; Full manuscript | Country: Italy | City: Florence | Region: Tuscany | Dating: 1597-98 | Century of production: 16 | Material: paper | Colophon language: Italian (IT, ITA) | Extent: Full manuscript | Number of folios: 227 | Musical notation presence: FALSE | Scribes: Mother Maria Benigna di Stiatta Cavalcanti, Florence, Female (Female); Anonymous, TBC (TBC, Religious) | Texts copied: Anonymous, TBC, Table of Chapters [Administrative and Educational Texts]","Original: Indeg[n]a e minima sorella nel Sig[n]ore Su[uor]a Justina Niccolini. Translation: Unworthy and humble sister in the Lord, Sister Justina Niccolini."
pu_22459,"Florence, Biblioteca Nazionale Centrale di Firenze, Fondo Nazionale II.III.270; full manuscript",Italy,"Manuscript: Florence, Biblioteca Nazionale Centrale di Firenze, Fondo Nazionale II.III.270; full manuscript | Country: Italy | City: Florence | Region: Tuscany | Dating: 26 April 1495 | Century of production: 15 | Material: paper | Colophon language: Italian (IT, ITA) | Extent: full manuscript | Number of folios: 149 | Musical notation presence: FALSE | Monasteries: Santa Brigida del Paradiso, Bridgettine, Florence, Italy | Scribes: Cleofe, Florence, Female (Female, Religious)","Original: Fu conpiuto di scrivere a dì 26 aprile nel M 495. Fu scricto con molta fatica e con molto disagio la maggior parte al lume di lucerna, et però chi ll’acacta con diligiença si lo tenga et alle monache del Paradiso sì llo renda. Amen. c. 149vB, hand of Cleofe: Questo libro è delle monache del Paradiso, decte di sancta Brigida. Chi llo leggie prieghi Idio per chi l’à scricto., Questo libro è delle monache del Paradiso, decte di sancta Brigida. Chi llo leggie prieghi Idio per chi l’à scricto. Translation: This book belongs to the nuns of Paradiso, also known as Saint Bridget's. Whoever reads it, pray to God for the one who wrote it., It was completed on the 26th of April in the year 1495. It was written with much effort and hardship, mostly by lamplight, so whoever acquires it with diligence, may keep it, and return it to the nuns of Paradiso. Amen."
pu_25034,"Florence, Biblioteca Nazionale Centrale di Firenze, Magl. XXXV 98; Full manuscript",Italy,"Manuscript: Florence, Biblioteca Nazionale Centrale di Firenze, Magl. XXXV 98; Full manuscript | Country: Italy | City: Florence | Region: Tuscany | Dating: 1484-1489 | Century of production: 15 | Material: paper | Colophon language: Italian (IT, ITA) | Extent: Full manuscript | Number of folios: 144 | Decoration presence: FALSE | Musical notation presence: FALSE | Scribes: Margherita Soderini, Florence, Female (Female, Secular)","Original: Di maestro Mariano. Al nome di Dio, a dì 4 di marzo 1488 [1489 in stile comune]. S'io dicho bene, è dono di Dio, s'io dicho [le ultime due parole riscritte] male, son io che o pocha memoria., Al nome di Dio, a dì 4 d'aprile 1484. Questo o ritrato a mia chonsolatione delle prediche di maestro Mariano romano, di quaresima, in Santa Maria del Fiore in Firenze. Se ci fusi manchamento, sarebe mio difetto: non arei tenuto bene a mente. Io Margherita figliuola di meser Tommaso Soderini o scritto questo di mia mano. Chi lo legie prieghi Idio per me. Se gli è scritto bene, è stato dono di Dio e Lui ringratio. Tutto el bene vien da Dio, tutto el male son io Translation: Of Master Mariano. In the name of God, on the 4th day of March 1488 [1489 modern style]. If I speak well, it is a gift of God; if I speak badly, it is I who have little memory., In the name of God, on the 4th day of April 1484. This I have copied for my consolation from the sermons of Master Mariano the Roman, preached during Lent in Santa Maria del Fiore in Florence. If there are errors, it would be my fault: I did not keep them well in memory. I, Margherita, daughter of Messer Tommaso Soderini, wrote this with my own hand. Whoever reads it, pray to God for me. If it is written well, it was a gift of God, and I thank Him. All good comes from God; all evil is from me."
pu_25036,"Florence, Biblioteca Nazionale Centrale di Firenze, Magl. XXXVIII.128; Full manuscript",Italy,"Manuscript: Florence, Biblioteca Nazionale Centrale di Firenze, Magl. XXXVIII.128; Full manuscript | Country: Italy | City: Florence | Region: Tuscany | Dating: 1458 November 30 | Century of production: 15 | Material: parchment | Colophon language: Italian (IT, ITA) | Extent: Full manuscript | Number of folios: 114 | Monasteries: Santa Brigida del Paradiso, Bridgettine, Florence, Italy | Scribes: Caterina di Giovanni Peruzzi, Florence, Female (Female, Religious)","Original: Finita è la vita e mircogli di sancta Brigida e alquante orationi rivelate da Dio e dalla vergine Maria a sancta Brigida, madre nostra, del reame di Svetia et del dominio del re del regno di Novergia, il quale è nelle parti di setentrione, ultimo di tutti i regni. Negli anni Domini 1458 utimo dì di novembre fu compiuto di scrivere per mano suor Katerina nel monastero del Paradiso Translation: The life and miracles of Saint Bridget, and some prayers revealed by God and the Virgin Mary to Saint Bridget, our mother, from the kingdom of Sweden and under the dominion of the king of Norway, which is in the northern parts, the last of all kingdoms. Completed in the year of our Lord 1458, on the last day of November, written by the hand of Sister Katerina in the monastery of Paradiso."
pu_25038,"Florence, Biblioteca Nazionale Centrale di Firenze, Magl.XXXVIII.93; Full manuscript",Italy,"Manuscript: Florence, Biblioteca Nazionale Centrale di Firenze, Magl.XXXVIII.93; Full manuscript | Country: Italy | City: Florence | Region: Tuscany | Dating: 1500s first half | Century of production: 16 | Material: paper | Colophon language: Italian (IT, ITA) | Extent: Full manuscript | Number of folios: 123 | Musical notation presence: FALSE | Monasteries: Santa Brigida del Paradiso, Bridgettine, Florence, Italy | Scribes: Margherita Niccolini, Florence, Female (Female, Religious)","Original: Fu finito el dì della Nattività del nostro Signore. Iscrisse suora Margherita Nicholini, indegnia religiosa del monastero di Sancta Brigida, chiamato Paradiso. Ora pro nobis beata mater Brigida et beata C(aterina) Translation: It was finished on the day of the Nativity of our Lord. Inscribed by Sister Margherita Nicholini, unworthy religious of the monastery of Saint Bridget, called Paradiso. Pray for us, blessed Mother Bridget and blessed Catherine."
pu_25040,"Florence, Biblioteca Nazionale Centrale di Firenze, Palatino 75; Full manuscript",Italy,"Manuscript: Florence, Biblioteca Nazionale Centrale di Firenze, Palatino 75; Full manuscript | Country: Italy | City: Florence | Region: Tuscany | Dating: late 1400s | Century of production: 15 | Material: paper | Colophon language: Latin (LA, LAT) | Extent: Full manuscript | Number of folios: 38 | Musical notation presence: FALSE | Monasteries: San Jacopo di Ripoli, Dominican, Florence, Italy | Scribes: Serafina, Florence, Female (Female, Religious); San Jacopo Anonymous 1, Florence, Female (Female, Religious); Vincent Ferrer, Male (Male) | Texts copied: Vincent Ferrer, Male, On the Spiritual Life, Latin (LA, LAT) [Religious Texts]","Original: Quod scripsit scribat, semper cum Domino vivat, vivat in celis soror Seraphina cum Domino felix. Finis. Laus Deo. Amen. Translation: May she who wrote, continue to write, always living with the Lord, may Sister Seraphina live happily with the Lord in heaven. The end. Praise be to God. Amen."
pu_25041,"Florence, Biblioteca Nazionale Centrale di Firenze, Palatino 77 (E.5.6.43;223); Full manuscript",Italy,"Manuscript: Florence, Biblioteca Nazionale Centrale di Firenze, Palatino 77 (E.5.6.43;223); Full manuscript | Country: Italy | City: Florence | Region: Tuscany | Dating: 1495 March 11 | Century of production: 15 | Material: paper | Colophon language: Italian (IT, ITA) | Extent: Full manuscript | Number of folios: 191 | Musical notation presence: FALSE | Monasteries: Santa Brigida del Paradiso, Bridgettine, Florence, Italy | Scribes: Cleofe, Florence, Female (Female, Religious)","Original: Fu scritto nel MCCCCLXXXX4, finisse di scrivere addì XI di março. Laus Deo. Amen. Translation: It was written in the year MCCCCLXXXX4, finished writing on the 11th day of March. Praise be to God. Amen."
pu_25042,"Florence, Biblioteca Nazionale Centrale di Firenze, Tordi 55; Full manuscript",Italy,"Manuscript: Florence, Biblioteca Nazionale Centrale di Firenze, Tordi 55; Full manuscript | Country: Italy | City: Montepulciano | Dating: 3rd quarter of 14th century | Century of production: 14 | Material: paper | Extent: Full manuscript | Number of folios: 210 | Scribes: Caterina di Cecco di Bertuccio, Montepulciano, Female (Female)","Original: Questo libro è di suora Chatarina di Ceccho di Bertuccio del monas(tero) di sancto Lucha da Montepulciano. Translation: “This book belongs to Sister Chatarina, daughter of Ceccho di Bertuccio, from the monastery of Saint Lucia of Montepulciano.”"
pu_25025,"Florence, Biblioteca Nazionale Centrale di Firenzi, Conv.soppr.D.II.1434; Full manuscript",Italy,"Manuscript: Florence, Biblioteca Nazionale Centrale di Firenzi, Conv.soppr.D.II.1434; Full manuscript | Country: Italy | City: Florence | Region: Tuscany | Dating: End 1400s, beginning 1500s | Century of production: 15 | Material: paper | Extent: Full manuscript | Number of folios: 162 | Monasteries: Santa Brigida del Paradiso, Bridgettine, Florence, Italy | Scribes: Cecilia di Francesco Cattani da Diacceto, Florence, Female (Female, Religious)","Original: f.69r: """"Finito il lobro [sic] sesto (et) ultimo di beato Efren diacono addì primo d’aprile, il quale è delle monache del Paradiso. Qui scrisit scribatta [sic] (et) seper [sic] cum domino vivat. Amen"" Translation: f.69r: ""Finished the sixth (and) last book of Blessed Ephrem the Deacon on the first of April, which belongs to the nuns of Paradiso. May whoever writes (it) write, and may (they) always live with the Lord. Amen."""
pu_25039,"Florence, Biblioteca Nazionale Centrale di Firenzi, Pal. VII 130; Full manuscript",Unknown,"Manuscript: Florence, Biblioteca Nazionale Centrale di Firenzi, Pal. VII 130; Full manuscript | Extent: Full manuscript | Scribes: Maria della Rossa da Siena, Female (Female)","Original: Fu scritto questo libro a di 20 daprile 1413 in casa di sora Maria della Rossa da Siena Translation: “This book was written on the 20th of April, 1413, in the house of Sister Maria della Rossa of Siena.”"
pu_25043,"Florence, Biblioteca Riccardiana, Ricc. 1414; Full manuscript",Italy,"Manuscript: Florence, Biblioteca Riccardiana, Ricc. 1414; Full manuscript | Country: Italy | City: Florence | Region: Tuscany | Dating: 27 September 1518 | Century of production: 16 | Material: paper | Colophon language: Italian (IT, ITA) | Extent: Full manuscript | Number of folios: 270 | Monasteries: Saint Lucia in via Saint Gallo, Valombrosian, Florence, Italy, 1292-
1435 | Scribes: Suor N., Florence, Female (Female, Religious)","Original: Finisce la solenne amonitione come si debbe a honore di Duo usar l'anima, el corpo, la roba, e figliuoli, e beato a chi la observera, copiata per me s(uor)a N. del monastero di Sancta Lucia di via di San Gallo***, compiuta a di 27 di septembre 1518. Laus Deo semper. Translation: Here ends the solemn admonition on how one should use the soul, the body, possessions, and children to the honor of God, and blessed is the one who observes it. Copied by me, Sister N., of the Monastery of Saint Lucia on Via di San Gallo, completed on the 27th of September, 1518. Praise to God always."
pu_25045,"Florence, Biblioteca Riccardiana, Ricc. 2102; Full manuscript",Italy,"Manuscript: Florence, Biblioteca Riccardiana, Ricc. 2102; Full manuscript | Country: Italy | City: Florence | Region: Tuscany | Dating: 1460 June 2 | Century of production: 16 | Material: paper | Colophon language: Latin (LA, LAT), Italian (IT, ITA) | Extent: Full manuscript | Number of folios: 126 | Decoration presence: TRUE | Musical notation presence: FALSE | Monasteries: San Jacopo di Ripoli, Dominican, Florence, Italy | Scribes: Jacopone da Todi, Male (Male); Domenico Cavalca, Male (Male); Angelica Gaddi of Ripoli, Florence, Female (Female, Religious) | Texts copied: Jacopone da Todi, Male, I am strongly drawn to love, Italian (IT, ITA); Domenico Cavalca, Male, Mirror of the Cross, Italian (IT, ITA) [Religious Texts]; Domenico Cavalca, Male, Sonnets, Italian (IT, ITA)","Original: Qui scrissit scribat semper cum domino vivat vivat in ce// lis semper cum domino felix. Facto fine pia laudetus Virgo Maria.// Questo libro fu finito di scrivere nel 1460 addì 2 di Iunio., Incomincia el divoto libro chiamato Specchio di Croce// facto e compilato pel venerabile religioso in christo yesu Reverendo// padre frate Domenico Cavalca da vico pisano dell or// dine de fra predicatori scricto da me indegna serva e schi// ava di yesu christo suor Angelica del decto ordine. Translation: Let whoever writes here live always with the Lord, may they live in heaven always with the Lord, happy. With pious praise, Blessed Virgin Mary. This book was finished writing on the 2nd of June, 1460., Here begins the devout book called 'Specchio di Croce,' made and compiled by the venerable religious in Christ, Reverend Father Frate Domenico Cavalca from Vico Pisano of the Order of Friars Preachers, written by me, unworthy servant and slave of Jesus Christ, Sister Angelica of the said order."
pu_25047,"Florence, Biblioteca Riccardiana, Ricc.1267; Full manuscript",Italy,"Manuscript: Florence, Biblioteca Riccardiana, Ricc.1267; Full manuscript | Country: Italy | City: Florence | Region: Tuscany | Dating: 1485 December 22 | Century of production: 15 | Material: paper | Colophon language: Italian (IT, ITA) | Extent: Full manuscript | Number of folios: 205 | Monasteries: Santa Brigida del Paradiso, Bridgettine, Florence, Italy | Scribes: Catherine of Siena, Female (Female); Raffaella di Arnolfo Bardi, Florence, Female (Female, Religious); Anonymous, TBC (TBC, Religious) | Texts copied: Anonymous, TBC, Miracles of Saint Catherine of Siena (with Death) [Religious Texts]; Catherine of Siena, Female, Dialogue on Divine Providence, Italian (IT, ITA) [Literary Texts]","Original: Deo gratias. Sit laus Deo patri. Finito è il [libro crossed out] libro detto Dialogo di sancta Caterina da sSiena. Fu finito di scrivere a dì ventidue dicembre correndo gli anni del nostro (Iesu) (Christo) M quatrocento ottanta cinque. (Et) è il detto libro del monasterio di Santa Brigida chiamato il Paradiso, di presso a fFirençe. Translation: Thanks be to God. Let praise be to God the Father. Finished is the [book crossed out] book called 'Dialogue of Saint Catherine of Siena.' It was finished writing on the twenty-second of December, in the year of our (Jesus) (Christ) M four hundred eighty-five. And the said book is from the monastery of Santa Brigida called the Paradiso, near Florence."
pu_25048,"Florence, Biblioteca Riccardiana, Ricc.1291; Full manuscript",Italy,"Manuscript: Florence, Biblioteca Riccardiana, Ricc.1291; Full manuscript | Country: Italy | City: Florence | Region: Tuscany | Dating: 26 April 1468 | Century of production: 15 | Material: paper | Colophon language: Latin (LA, LAT) | Extent: Full manuscript | Number of folios: 166 | Musical notation presence: FALSE | Monasteries: San Jacopo di Ripoli, Dominican, Florence, Italy | Scribes: Francesca ""Checca"", Florence, Female (Female, Religious); Anonymous, TBC (TBC, Religious) | Texts copied: Anonymous, TBC, Life of Saint Catherine of Siena [Religious Texts]","Original: Gloria laus et honor tibi Christe, simulque Senensi virgini Caterine benedicite. Qui scripsit scribat semper cum Domino vivat, vivat in celis soror Checha serva fidelis. Factum est anno Domini M° CCCC°LXVIII° die XXVI mensis aprilis Translation: Glory, praise, and honor to you, O Christ, and likewise, blessings to the virgin Catherine of Siena. May she who wrote this, write forever with the Lord, may she live forever in heaven, faithful servant Sister Checha. Done in the year of the Lord M° CCCC°LXVIII°, on the twenty-sixth day of the month of April."
pu_25050,"Florence, Biblioteca Riccardiana, Ricc.1381 [N.IV.33]; Full manuscript",Italy,"Manuscript: Florence, Biblioteca Riccardiana, Ricc.1381 [N.IV.33]; Full manuscript | Country: Italy | City: Florence? | Region: Tuscany | Dating: 1450-1500 | Century of production: 15 | Material: paper | Colophon language: Italian (IT, ITA) | Extent: Full manuscript | Number of folios: 134 | Musical notation presence: FALSE | Scribes: Sara, Florence, Female (Female); Ms. Florence Ricc.1381 [N.IV.33] Unidentified hand B, Florence, Female (Female); Ms. Florence Ricc.1381 [N.IV.33] Unidentified hand A, Florence, Female (Female); Henry Suso, Male (Male) | Texts copied: Henry Suso, Male, Clock of Eternal Wisdom, Latin (LA, LAT) [Religious Texts]","Original: Qualunque persona leggerà [then a crossed out ""qu""] questa divota [""divota"" repeated twice, the first crossed out] leggenda prieghi Iddio per me soror Sara povera [then two crossed out words] che sse voi nol farete quando sarò morta vi strangholerò [last phrase difficult to read; later hand rewrote text underneath]. Translation: Whoever reads this devout legend, pray to God for me, Sister Sara, poor. If you don't do it when I'm dead, I'll haunt you."
pu_25051,"Florence, Biblioteca Riccardiana, Ricc.1391 [P.II.19]; Full manuscript",Italy,"Manuscript: Florence, Biblioteca Riccardiana, Ricc.1391 [P.II.19]; Full manuscript | Country: Italy | City: Florence | Region: Tuscany | Dating: 1474 | Century of production: 15 | Material: paper | Colophon language: Latin (LA, LAT) | Extent: Full manuscript | Number of folios: 203 | Decoration presence: TRUE | Musical notation presence: FALSE | Monasteries: San Jacopo di Ripoli, Dominican, Florence, Italy | Scribes: Francesca ""Checca"", Florence, Female (Female, Religious); Anonymous, TBC (TBC, Religious); Catherine of Siena, Female (Female) | Texts copied: Anonymous, TBC, Table of Chapters [Administrative and Educational Texts]; Anonymous, TBC, Prayer to Saint Catherine [Religious Texts]; Catherine of Siena, Female, Dialogue on Divine Providence, Italian (IT, ITA) [Literary Texts]","Original: Anno Domini MºCCCCLXXIIII die X mensis octubris. Translation: In the year of our Lord 1474, on the 10th day of the month of October."
pu_25052,"Florence, Biblioteca Riccardiana, Ricc.1401 (Q.II.8); Full manuscript",Italy,"Manuscript: Florence, Biblioteca Riccardiana, Ricc.1401 (Q.II.8); Full manuscript | Country: Italy | City: Florence | Region: Tuscany | Dating: Mid 1500s | Century of production: 16 | Material: paper | Colophon language: Italian (IT, ITA) | Extent: Full manuscript | Number of folios: 246 | Monasteries: San Jacopo di Ripoli, Dominican, Florence, Italy | Scribes: Felice, Florence, Female (Female, Religious); Anonymous, TBC (TBC, Religious) | Texts copied: Anonymous, TBC, Lives of Saints of the Order of Preachers [Religious Texts]","Original: Laus deo finito é questo libro el quale si chiama vita fratrum ..... di Dio et della gloriosa Vergine Maria e della patriarcha San Domenico., Questo libro è delle suore di San Jacopo di Ripoli, el quale ho scritto io suora Felice per consolatione di chi lo vorrà leggiere. E con licentia della madre priora suora Angela l’ò dato a suora Purità Buonarrighi Translation: This book belongs to the sisters of San Jacopo di Ripoli, which I, Sister Felice, have written for the consolation of those who will read it. And with the permission of Mother Prioress Sister Angela, I have given it to Sister Purità Buonarrighi."", Praise be to God, this book is finished, which is called the life of the brothers ... of God and of the glorious Virgin Mary and of the patriarch Saint Dominic."
pu_25054,"Florence, Biblioteca Riccardiana, Ricc.1429; Full manuscript",Italy,"Manuscript: Florence, Biblioteca Riccardiana, Ricc.1429; Full manuscript | Country: Italy | City: Florence | Region: Tuscany | Dating: 20/03/1465 | Century of production: 15 | Material: paper | Colophon language: Italian (IT, ITA) | Extent: Full manuscript | Number of folios: 136 | Decoration presence: TRUE | Musical notation presence: FALSE | Scribes: Benedetta Niccoli, Florence, Female (Female)","Original: Finiti i venti sermoni del prefato santo Aghostino, molto a nostro ammaestramento. Sritti (sic) e chopiati per mano della Benedetta donna di Piero d'Antonio Nicholi, fatti nel 1464 a dì venti di marzo. Translation: The twenty sermons of the aforementioned Saint Augustine are finished, very instructive for us. Written and copied by the Blessed lady, daughter of Piero d'Antonio Nicholi, made on the 20th of March 1464."
pu_25058,"Florence, Biblioteca Riccardiana, Ricc.1709; Full manuscript",Italy,"Manuscript: Florence, Biblioteca Riccardiana, Ricc.1709; Full manuscript | Country: Italy | City: Florence | Region: Tuscany | Dating: end 15th c. | Century of production: 15 | Material: paper | Colophon language: Italian (IT, ITA) | Extent: Full manuscript | Number of folios: 35 | Monasteries: San Jacopo di Ripoli, Dominican, Florence, Italy | Scribes: Felice, Florence, Female (Female, Religious)",Original: Orate per lo scriptore f.B Translation: Pray for the scribe f.B.
pu_25060,"Florence, Biblioteca Riccardiana, Ricc.1794; Full manuscript",Italy,"Manuscript: Florence, Biblioteca Riccardiana, Ricc.1794; Full manuscript | Country: Italy | City: Florence | Region: Tuscany | Dating: 1590 September 10 | Century of production: 16 | Material: paper | Extent: Full manuscript | Number of folios: 370 | Scribes: Paola, Florence, Female (Female)","Original: in red or reddish-sepia ink, much faded, f.369 bottom of column of text: “[O]* llaude e gloria dello omnipotente Dio e della gloriosa vergine Maria et di sancto Benedetto, P.N. è finito parte di questo libro, cioè capitoli 40, per mano di suora Paula, indengna serva di Yesu Christo, a consolatione di chi lo leggerà, e a chi piacerà, farà prece a dio con quello affetto di carità col quale essa l’à scripto con licentia della sua superiora.”  f.370 colophon continues at top of column of text: “Nell’anno della salutifera incarnatione del Nostro Signore Yesu Christo Mccccc90 e a dì X del mese di settenbre. Finis.” Translation: ""f.369 bottom of column of text: ""To the praise and glory of the Almighty God and of the glorious Virgin Mary and of Saint Benedict, P.N., part of this book is finished, namely chapters 40, by the hand of Sister Paula, unworthy servant of Jesus Christ, for the consolation of those who will read it, and to whom it may please, she will pray to God with that affection of charity with which she wrote it, with the permission of her superior."" f.370 colophon continues at top of column of text: ""In the year of the salutary incarnation of Our Lord Jesus Christ MCCCCXC, and on the 10th day of the month of September. End."""
pu_25062,"Florence, Biblioteca Riccardiana, Ricc.2627; Full manuscript",Italy,"Manuscript: Florence, Biblioteca Riccardiana, Ricc.2627; Full manuscript | Country: Italy | City: Florence | Region: Tuscany | Dating: 1500s early | Century of production: 16 | Material: paper | Colophon language: Italian (IT, ITA) | Extent: Full manuscript | Number of folios: 158 | Monasteries: Santa Brigida del Paradiso, Bridgettine, Florence, Italy | Scribes: Raffaella di Arnolfo Bardi, Florence, Female (Female, Religious); Cecilia, Florence, Female (Female, Religious)","Original: Questo libro è di suora Cicilia da Diacceto, indegna badessa del Paradiso, chi l’acchata lo renda Translation: This book belongs to Sister Cicilia from Diacceto, unworthy abbess of the Paradiso. Whoever buys it, return it."
pu_22841,"Florence, Museo di San Marco, Ms.561 Graduale F; Full manuscript",Italy,"Manuscript: Florence, Museo di San Marco, Ms.561 Graduale F; Full manuscript | Country: Italy | City: Florence | Region: Tuscany | Dating: first half 15th c. (first f.) | Century of production: 15 | Material: parchment | Colophon language: Latin (LA, LAT) | Extent: Full manuscript | Monasteries: San Jacopo di Ripoli, Dominican, Florence, Italy | Scribes: San Jacopo Anonymous 2, Florence, Female (Female, Religious); Anonymous, TBC (TBC, Religious) | Texts copied: Anonymous, TBC, Gradual [Religious Texts]","Original: Possession note on the front controguardia: Iste liber est monialium moniasteri Sancti Iaccobi de Ripolis de Florentia ordinis predicatorum. attribution through identification of hand to other liturgical manuscripts attributed to 16th-c. Ripoli nuns. Translation: Possession note on the front endpaper: ""This book belongs to the nuns of the monastery of San Jacopo de Ripoli in Florence, of the Dominican order."""
pu_22233,"Florence, Museo di San Marco, Ms.630; Full manuscript",Italy,"Manuscript: Florence, Museo di San Marco, Ms.630; Full manuscript | Country: Italy | City: Florence | Region: Tuscany | Dating: first half of 16th-c., (c. 1500 based on dates of nuns) | Century of production: 16 | Material: parchment | Colophon language: Latin (LA, LAT) | Extent: Full manuscript | Number of folios: 259 | Monasteries: San Jacopo di Ripoli, Dominican, Florence, Italy | Scribes: Angela Rucellai, Florence, Female (Female, Religious); Lucrezia Panciatichi, Florence, Female (Female, Religious); Anonymous, TBC (TBC, Religious) | Texts copied: Anonymous, TBC, Temporale Gradual [Religious Texts]","Original: Colophon on f.259v: 'Iste liber scriptus fuit a duabus so/ roribus monasterii sancti Iacobi de/ Ripolis ad honorem domini nostri yesu Christi/ Nomina carorum fuit Suor Angela et Suor/ Lucretia quas deus scribat in li/ bro vite' Translation: Colophon on f.259v: ""This book was written by two sisters of the monastery of San Jacopo de Ripoli in honor of our Lord Jesus Christ. The names of the dear ones were Sister Angela and Sister Lucretia. May God write them in the book of life."""
pu_22290,"Florence, Museo di San Marco, Ms.634 Corale P; Full manuscript",Italy,"Manuscript: Florence, Museo di San Marco, Ms.634 Corale P; Full manuscript | Country: Italy | City: Florence | Region: Tuscany | Dating: 16th-c. | Century of production: 16 | Colophon language: Latin (LA, LAT) | Extent: Full manuscript | Number of folios: 168 | Monasteries: San Jacopo di Ripoli, Dominican, Florence, Italy | Scribes: Angela Rucellai, Florence, Female (Female, Religious); Lucrezia Panciatichi, Florence, Female (Female, Religious); Anonymous, TBC (TBC, Religious) | Texts copied: Anonymous, TBC, Choir book [Religious Texts]","Original: Colophon on the back of the controguardia: 'Iste liber scripsit Suor Angela de Rucella/ rus et Lucretia de Panciaticis eum/ notavit et fuit moniales Sancti Iacobi de/ Ripolis. Laus deo et virgini gloriose' Translation: Colophon on the back of the front endpaper: ""This book was written by Sister Angela de Rucellai and Lucretia de Panciatichi noted it, and they were nuns of San Jacopo de Ripoli. Praise be to God and the glorious Virgin."""
pu_25070,"Frankfurt am Main, Staats- und Universitäts-bibliothek, MS Barth. 42; Full manuscript",Germany,"Manuscript: Frankfurt am Main, Staats- und Universitäts-bibliothek, MS Barth. 42; Full manuscript | Country: Germany | Region: Middle Rhine | Dating: 12th century, 2nd half | Century of production: 12 | Material: parchment | Colophon language: Latin (LA, LAT) | Extent: Full manuscript | Number of folios: 285 | Scribes: Guda, Germany, Female (Female); Anonymous, TBC (TBC, Religious) | Texts copied: Anonymous, TBC, Homiliary [Religious Texts]","Original: 110vb Octave after Pentecost = Portrait of the nun Guda with scroll: GVDA peccatrix mulier scripsit et pinxit hunc librum Translation: Guda, a sinful woman, wrote and painted this book."
pu_25075,"Freiburg im Breisgau, Stadtarchiv, 152 (IX. KH. e. i. 2) (partim); Full manuscript",Germany,"Manuscript: Freiburg im Breisgau, Stadtarchiv, 152 (IX. KH. e. i. 2) (partim); Full manuscript | Country: Germany | City: Freiburg im Breisgau | Region: Baden-Württemberg | Dating: 1354 | Century of production: 14 | Colophon language: German (DE, GER) | Extent: Full manuscript | Scribes: Agnes Kemph (Kemphinen), Freiburg, Female (Female); Adelheit von Maengen, Freiburg, Female (Female); Katharina von Chumenheim, Freiburg, Female (Female)","Original: Anno domini M.CCC. L.IIII. in Aprili wart diz selebu/o/ch gemachet dem closter ze sante Katherinen bi Friburg von suester Adelheit von Ma/e/ngen der scaffenerin und von suester Agnesen Kemphinen der priolinen und von suester Katherinen von Chu/o/nnehein der selmeisterin... [es folgt ein ausradierter Text, dann:} Anno domini M.CCC.L.IIII.IIII. idus Aprilis scriptus est liber testamentorum nostrorum a Johanne de Constancia sacerdote. Omnes orate pro eo amen. HKOLHagenmaeier 1988 p. 180-181 Translation: “In the year of our Lord 1354, in April, this book of wills was created for the monastery of St. Catherine near Freiburg by Sister Adelheit von Maengen, the steward, Sister Agnes Kemphin, the prioress, and Sister Katharina von Chounnehein, the cellarer. [A section of the text is erased.]  In the year of our Lord 1354, on the fourth Ides of April [April 10], this book of wills was written by John of Konstanz, a priest. Pray for him, all of you. Amen.”"
pu_25077,"Freiburg im Breisgau, Stadtarchiv, B 4 101; Full manuscript",Germany,"Manuscript: Freiburg im Breisgau, Stadtarchiv, B 4 101; Full manuscript | Country: Germany | City: Freiburg im Breisgau | Region: Baden-Württemberg | Dating: 1309 | Century of production: 14 | Colophon language: German (DE, GER) | Extent: Full manuscript | Scribes: Fena Tulenhaupt, Freiburg, Female (Female)","Original: Dis buch wart gescriben in dem jare do man zalte von gottes geburte drizehen hundert jar und 9 jar. An sant Johannes tag baptisten. in dem ogsten. Und wart gescriben under einre priolin du hies swester Anna Trullmennin und screib es Fena Tulenhoptin. Die bittent das ir ir gedenkent zu unserem herren ihu cristo. Amerum."" (no info on Fena's status) AQI Lindgren 2001 p. 81-2 and 186 Translation: “This book was written in the year of the Lord 1309, on the feast day of St. John the Baptist, in the East. And it was written under a prioress named Sister Anna Trullmennin, and it was written by Fena Tulenhoptin. They ask that you remember them before our Lord Jesus Christ. Amen.”"
pu_25081,"Freiburg im Breisgau, Universitätsbibliothek, 149; Full manuscript",France,"Manuscript: Freiburg im Breisgau, Universitätsbibliothek, 149; Full manuscript | Country: France | City: Strasbourg | Region: Grand Est | Dating: 15th century | Century of production: 15 | Material: parchment | Colophon language: German (DE, GER) | Extent: Full manuscript | Number of folios: 230 | Decoration presence: TRUE | Musical notation presence: TRUE | Monasteries: Saint-Nicolas in undis, Strasbourg, Dominican | Scribes: Margred Hoffelden, Strasbourg, Female (Female); Anonymous, TBC (TBC, Religious) | Texts copied: Anonymous, TBC, On the passing/death of a brother [Religious Texts]; Anonymous, TBC, Prayers [Religious Texts]; Anonymous, TBC, Passion of Our Lord [Religious Texts]; Anonymous, TBC, Additions [Practical Genres]; Anonymous, TBC, On the burial office [Religious Texts]; Anonymous, TBC, Processional [Religious Texts]; Anonymous, TBC, Ordo for the Sick and Dead [Religious Texts]","Original: Diz buoch het geten schriben margared hoffelden / bittent got fu""r mich Translation: This book has been written by Margared Hoffelden / she asks God for me."
pu_25082,"Freiburg im Breisgau, Universitätsbibliothek, 253; Full manuscript",Switzerland,"Manuscript: Freiburg im Breisgau, Universitätsbibliothek, 253; Full manuscript | Country: Switzerland | City: Basel | Region: Basel-Stadt | Dating: 1487 | Century of production: 15 | Material: paper | Colophon language: German (DE, GER) | Extent: Full manuscript | Number of folios: 370 | Decoration presence: TRUE | Musical notation presence: FALSE | Monasteries: Gnadental Monastery, Basel, Poor Clares, Basel, Switzerland | Scribes: Anonymous, TBC (TBC, Religious); Schreiberinnen, Gnadental, Female (Female) | Texts copied: Anonymous, TBC, Mystical Compilation [Literary Texts]","Original: Diß büch ward ußgeschriben uff sanct Michels oben von einer armen Schwester in Gnodental do man zalt von Christus gebürt dusig ßerhundert achtzig und siben jor Translation: This book was copied on the feast of Saint Michael by a poor sister in Gnadental, in the year counted from Christ’s birth one thousand four hundred eighty-seven."
pu_25089,"Fulda, Landesbibliothek, Ms. Aa 125; Full manuscript",Germany,"Manuscript: Fulda, Landesbibliothek, Ms. Aa 125; Full manuscript | Country: Germany | City: Boppard | Dating: around or after 1531 | Century of production: 16 | Material: paper | Colophon language: Latin (LA, LAT) | Extent: Full manuscript | Number of folios: 435 | Musical notation presence: FALSE | Scribes: Maria Horn, Boppard, Female (Female); Anonymous, TBC (TBC, Religious) | Texts copied: Anonymous, TBC, Prayer Book [Religious Texts]","Original: Ora deum pro me peccatrice soror Maria Horns. Translation: Pray to God for me, a sinner, Sister Maria Horns."
pu_14215,Full manuscript,France,"Manuscript: Full manuscript | Country: France | Dating: 1486 | Century of production: 15 | Material: paper | Colophon language: French (FR, FRE) | Extent: Full manuscript | Number of folios: 250 | Scribes: Jean Gerson, Male (Male) | Texts copied: Jean Gerson, Male, Sermons, French (FR, FRE) [Religious Texts]","Original: Pries Nostre Seigneur, si vous plaîs, pour la povre seur Bernardine Dunant, qui a escript ce livre l’an de grace mille CCCC LXXXVI. Deo gracias. Translation: Pray to Our Lord, if you please, for the poor sister Bernardine Dunant, who wrote this book in the year of grace 1486. Thanks be to God."
pu_25091,"Gaesdonck, Collegium Augustinianum, 17; Full manuscript",Germany,"Manuscript: Gaesdonck, Collegium Augustinianum, 17; Full manuscript | Country: Germany | City: Geldern | Region: North Rhine-Westphalia | Dating: Ca. 1520 | Century of production: 16 | Material: parchment and paper | Colophon language: Latin (LA, LAT) | Extent: Full manuscript | Number of folios: 288 | Musical notation presence: FALSE | Scribes: Johanna de Schild, Geldern, Female (Female)",Original: Orate pro me scryptore Ave Maria ... Amen Soror [...] johanna de schild Orate pro eo Translation: Pray for me the scribe. Hail Mary ... Amen. Sister [...] Johanna de Schild. Pray for him.
pu_25092,"Genoa, Biblioteca Civica Berio, Ms.m.r.Cf.2.16; Full manuscript",Italy,"Manuscript: Genoa, Biblioteca Civica Berio, Ms.m.r.Cf.2.16; Full manuscript | Country: Italy | City: Verona | Region: Veneto | Dating: 28 August 1472 | Century of production: 15 | Material: parchment | Colophon language: Latin (LA, LAT) | Extent: Full manuscript | Number of folios: 283 | Musical notation presence: FALSE | Monasteries: Sancto Spirito of Verona, convent, canonesses, Verona, Italy | Scribes: Augustine of Hippo, Male (Male); Veronica, Verona, Female (Female, Religious) | Texts copied: Augustine of Hippo, Male, City of God, Latin (LA, LAT) [Religious Texts]","Original: Hunc veneranda soror scripsit Veronica librum Veronae in Sacro Spiritus alme tuo, M°CCCCLXXII die XXVIII augusti. Translation: This venerable sister Veronica wrote this book in Verona in your Sacred Spirit, 1472, August 28th."
pu_25093,"Gent, Kon VI. Acad., Ms.10; Full manuscript",Netherlands,"Manuscript: Gent, Kon VI. Acad., Ms.10; Full manuscript | Country: Netherlands | City: Maastricht | Region: Limburg | Dating: 1487 | Century of production: 15 | Colophon language: Dutch (NL, DUTENG) | Extent: Full manuscript | Scribes: Katrijn van Rade, Maastricht, Female (Female, Religious)","Original: Item dit boeck is gescreven te maestricht int besloeten suster huis opter meechden dries. Ende voleindet Op sancte Cristina dach Ende het heeft gescreven ein arme susterken arm van doechden suster katrijn van rade int jaer ons heeren doe men screiff M°CCCC ende lxxxvii Bidt om gods wil voer die scrivers einen Ave marien van mynnen dat ich alle mijn gebreken moet verwynnen ende mijnen god getrouwelicken mynnen Ende men in mach dijt boeck niet vercoupen want daer op sonnendage ende heilige dage in gescreven is Translation: Also, this book was written in Maastricht in the enclosed sisters' house at Meerssener Dries. And it was completed on Saint Christina's day. And it was written by a poor sister, poor in virtues, Sister Katrijn van Rade, in the year of our Lord when it was written, 1487. Pray for God's will for the scribes. An Ave Maria in love, that I may overcome all my shortcomings and love my God faithfully. And this book cannot be sold because it contains writing done on Sundays and holy days."
pu_25094,"Gent, Universiteitsbibliotheek, Ms.663; Full manuscript",Netherlands,"Manuscript: Gent, Universiteitsbibliotheek, Ms.663; Full manuscript | Country: Netherlands | City: Delft | Dating: 13.6.1474 | Century of production: 15 | Material: paper | Colophon language: Dutch (NL, DUTENG) | Extent: Full manuscript | Number of folios: 199 | Decoration presence: TRUE | Musical notation presence: FALSE | Scribes: Machteld Gerijtsdochter, Delft, Female (Female, Religious)","Original: ghescreven suster Machteld Gherijts dochter. Translation: Written by Sister Machteld, daughter of Gherijt"
pu_25095,"Gent, Universiteitsbibliotheek, Ms.693; Full manuscript",Netherlands,"Manuscript: Gent, Universiteitsbibliotheek, Ms.693; Full manuscript | Country: Netherlands | City: Bergen op Zoom | Region: North Brabant | Dating: 20.4.1480 | Century of production: 15 | Material: parchment and paper | Colophon language: Dutch (NL, DUTENG) | Extent: Full manuscript | Number of folios: 397 | Scribes: Martine van Woelputte, Bergen op Zoom, Female (Female, Religious); Ms. Gent, Universiteitsbibliotheek 693, Unidentified Hand 1, Bergen op Zoom, Female (Female)","Original: f.396r: ""Dit boec was vol eynt Int jaer ons heeren dusent vier hondert ende .lxxx. opten xxsten dach in april van suster martine van woelputte procuratarsse te berghen int besloeten cloester sinte margrieten int dal van josaphat"" Translation: f.396r: ""This book was fully completed in the year of our Lord one thousand four hundred and eighty, on the twenty-first day of April, by Sister Martine van Woelputte, procurator at the enclosed convent of Saint Margaret in the Valley of Josaphat in Bergen."""
pu_25096,"Gent, Universiteitsbibliotheek, Ms.902; Full manuscript",Belgium,"Manuscript: Gent, Universiteitsbibliotheek, Ms.902; Full manuscript | Country: Belgium | City: Brussels | Region: Brussels-Capital | Dating: 1479 | Century of production: 15 | Colophon language: Dutch (NL, DUTENG) | Extent: Full manuscript | Monasteries: Cloister Notre-Dame of the Rose of Jericho, Augustinian, Brussels, Belgium, 1247 | Scribes: Elizabeth van Poelke, Brussels, Female (Female, Religious); Baerbara Cuyermans, Brussels, Female (Female, Religious); Margaretha van Steenbergen, Brussels, Female (Female, Religious)","Original: f.1v: ""Men sal oec weten dat alle dese sermoene sijn ghescreven uut der predicaren monde alsoe na ende ghelijck als men can van twee onse religiose susteren ... Der eender name es suster baerbara cuyermans ..."" f.2r: ""Die ander es ghenaemt suster elizabeth van poelke ...""  f.2r: ""... Nu com ic suster mergriete van steenberghen ... Ende hebbe ... desen boeck ghescreven ende vergadert met aerbeyde ...""  f.255v: ""Desen boeck es volscreven opden heileghen trinityt avent inden jaer ons heren dusent .cccc. ende lxxix. God sij gheloeft ende ghemint ewijlijck Amen"" Translation: f.1v: ""It should also be known that all these sermons are written from the preaching of our Dominican sisters, as accurately and faithfully as possible, by two of our religious sisters ... One of them is named Sister Barbara Cuyermans ..."" f.2r: ""The other is named Sister Elizabeth van Poelke ... Now I, Sister Margriete van Steenberghen, come ... And I have ... written and compiled this book with labor ..."" f.255v: ""This book is fully written on the Holy Trinity Eve in the year of our Lord one thousand four hundred and seventy-nine. God be praised and loved eternally. Amen."""
pu_25097,"Gent, Universiteitsbibliotheek, Ms.904; Full manuscript",Belgium,"Manuscript: Gent, Universiteitsbibliotheek, Ms.904; Full manuscript | Country: Belgium | City: Brussels | Region: Brussels-Capital | Dating: 9/4/1460 | Century of production: 15 | Material: paper | Colophon language: Dutch (NL, DUTENG) | Extent: Full manuscript | Number of folios: 184 | Monasteries: Cloister Notre-Dame of the Rose of Jericho, Augustinian, Brussels, Belgium, 1247 | Scribes: Lijsbeth Vlieghe, Brussels, Female (Female, Religious)","Original: f.173r: ""Dit boeck van sinte Jheronimus es vol screven int jaer ons heren .m. iiii[c]. ende .lx. op onser liever vrouwen avont nativitas op den sondach van suster lijsken vlieghe Ghedinct harer"" Translation: f.173r: ""This book of Saint Jerome is fully written in the year of our Lord 1460 on the Feast of the Nativity of Our Lady, on the Sunday, by Sister Lijsken Vlieghe. Remember her."""
pu_25098,"Gent, Universiteitsbibliotheek, Ms.966; Full manuscript",Belgium,"Manuscript: Gent, Universiteitsbibliotheek, Ms.966; Full manuscript | Country: Belgium | City: Oostmalle | Region: Flemish Region | Dating: ca. 1500 | Century of production: 16 | Colophon language: Dutch (NL, DUTENG) | Extent: Full manuscript | Scribes: Heilken Jacops, Oostmalle, Female (Female)","Original: f.236r: ""Dit boec is ghescreven inden besloten regularersen cloester dat ghelegen is bynnen oestmal in dat mercgrefscap van hantwerpen Ende ghesticht is inder eeren der precentacien der saligher maghet ende ghebenedider moeder gods Maria Ende is gheeynt op die vigilie pasione petri et pauli der glorioser ende heiligher apostelen: van mi suster heilken jacops Een vanden vieren die dit cloester hebben helpen begynnen ter eeren gods: mer die mynste in duechden Enen Ave maria uut mynnen / Men en maech dit boec niet vercopen. want tis veel op heilighe dage ghescreven"" Translation: f.236r: ""This book is written in the enclosed regular cloister located in Oostmalle in the county of Antwerp and established in honor of the Presentation of the Blessed Virgin Mary. It was completed on the vigil of the Passion of the Glorious and Holy Apostles Peter and Paul by me, Sister Heilken Jacobs, one of the four who helped establish this cloister to the glory of God, albeit the least in virtues. An Ave Maria from me. It is not permitted to sell this book, for it has been written on many holy days."""
pu_29529,"Göttingen University Library, 8° Cod.Ms. theol. 200; f. 1r-355v",Germany,"Manuscript: Göttingen University Library, 8° Cod.Ms. theol. 200; f. 1r-355v | Country: Germany | City: Boppard | Dating: September 11, 1456 | Century of production: 15 | Material: paper | Colophon language: German (DE, GER) | Extent: f. 1r-355v | Number of folios: 355 | Decoration presence: FALSE | Musical notation presence: FALSE | Monasteries: Augustinian Hermit Nunnery of St. Mary in Kamp, Beguine, Boppard, Germany, 1378 | Scribes: Göttingen, Staats- und Universitätsbibliothek, 8° Cod.Ms. theol. 200, Unidentified hand 1, Female (Female, Religious)","Original: zo wellicher rasten die gutheit godes vns brengen wulle durch dat gebeth syns aller heilichsten knechtes vnsers gloriosen vaders Augustyni, amen. Scriptus et finitus est liber presens anno domini mille quadringentesymo quinquagesimo sexto ipso die beatorum martyrum Prothi et Jacincti. Sit laus et honor inde omnipotenti deo. Amen. Translation: “so that God’s goodness may grant us such rest, through the prayer of his most holy servant, our glorious father Augustine, amen. This present book was written and finished in the year of our Lord 1456, on the very day of the holy martyrs Protus and Hyacinthus. May praise and honor for this be given to Almighty God. Amen.”"
pu_32197,"Göttingen University Library, 8° Cod. Ms. theol. 241a; Full manuscript",Germany,"Manuscript: Göttingen University Library, 8° Cod. Ms. theol. 241a; Full manuscript | Country: Germany | City: Bonn | Dating: 1580 | Century of production: 16 | Material: paper | Colophon language: German (DE, GER) | Extent: Full manuscript | Number of folios: 372 | Decoration presence: TRUE | Musical notation presence: FALSE | Monasteries: Marienforst Abbey (near Bonn), Cistercian, Bonn, Germany | Scribes: Maria Stockem, Female (Female, Religious); Anonymous, TBC (TBC, Religious) | Texts copied: Anonymous, TBC, Prayer Book [Religious Texts]","Original: Dysz boijch hait geschreuen S. Maria Stockem zo loff vnd eren der h. Dryueldijcht, Marien der moder gotz vnd aller lieffer hijlgen vnd zo andacht S. Cecilia Nee zo Marijenforst, laus deo. Translation: This book was written by Sister Maria Stockem to the praise and honor of the Holy Trinity, Mary the Mother of God, and all dear saints, and for the devotion of Saint Cecilia, nun at Marienforst. Praise be to God."
pu_25104,"Gouda, Streekarchief Midden-Holland, Librije 159; Full manuscript",Netherlands,"Manuscript: Gouda, Streekarchief Midden-Holland, Librije 159; Full manuscript | Country: Netherlands | City: Gouda | Region: South Holland | Dating: 1454 | Century of production: 15 | Material: parchment | Colophon language: Latin (LA, LAT) | Extent: Full manuscript | Number of folios: 239 | Musical notation presence: FALSE | Monasteries: Canonesses Regular of St. Margaret, Gouda, Augustinian, Gouda, Netherlands | Scribes: Maria Gherijtsdr, Gouda, Female (Female, Religious); Geza Yzenoudi, Gouda, Female (Female); Maria Martijnsdr, Gouda, Female (Female, Religious); Jacob Gherijtsdr, Gouda, Female (Female, Religious); Aef Dircsdr, Gouda, Female (Female, Religious); Petrus de Herentals, Male (Male); Aechte Claesdr, Gouda, Female (Female, Religious); Maria Johannis, Gouda, Female (Female) | Texts copied: Petrus de Herentals, Male, Collectarium on the Psalms, Latin (LA, LAT) [Religious Texts]","Original: Explicit collectarius scriptus per manus septem monialium scilicet marie johannis geze yzenoudi. ave tricijacobe gerardi agathe nycolai. marie martini et marie gerardi. finitus anno domini millesimo quadringentesimo quinquagesimo quarto ipso die sancti odulphi confessons (textualis formata). Isti sunt libri latinipertinentes ad librariam conventus sancte Margarete in gouda Translation: Here ends the collectary written by the hands of seven nuns, namely Marie, Johannis, Geze, Yzenoudi, Ave, Tricijacobe, Gerardi, Agathe, Nycolai, Marie, Martini, and Marie, Gerardi. Finished in the year of our Lord one thousand four hundred fifty-four, on the very day of Saint Odulph, confessor. These are the Latin books belonging to the library of the convent of Saint Margaret in Gouda"
pu_25105,"Graz, Universitaetsbibliothek, 36; Full manuscript",Unknown,"Manuscript: Graz, Universitaetsbibliothek, 36; Full manuscript | Dating: 14th century | Century of production: 14 | Material: parchment | Colophon language: Latin (LA, LAT) | Extent: Full manuscript | Number of folios: 263 | Decoration presence: TRUE | Musical notation presence: TRUE | Scribes: Anonymous, TBC (TBC, Religious); Margarete Vincherina, Female (Female) | Texts copied: Anonymous, TBC, Gradual [Religious Texts]",Original: Que me scribebat Margarete Vincherina nomen habebat. Orate pro me. Translation: She who wrote me was named Margarete Vincherina. Pray for me.
pu_25106,"Haarlem, Stadsbibliotheek, Ms.187 D 15; Full manuscript",Netherlands,"Manuscript: Haarlem, Stadsbibliotheek, Ms.187 D 15; Full manuscript | Country: Netherlands | City: Beverwijk | Region: North Holland | Dating: 1446 | Century of production: 15 | Material: parchment | Colophon language: Dutch (NL, DUTENG) | Extent: Full manuscript | Number of folios: 121 | Scribes: Sybrich Willem Enghelsdochter, Beverwijk, Female (Female)","Original: f.120: Hier is nu dat eynde (...) Ende heeft ghescreven ende gheeyndet bider hulpen ons heren jhesu christi sybrich willem enghels dochter een arm susterkijn wonende in beverwijc mitten regulierissen Intjaer ons heren Mcccc xlvi bid voer haer om goeds willen. Des si god ghelovet nu ende in ewicheit Amen. F.121: Dit boec hoert totten regulierissen in beverwijc (copiste) Translation: f.120: Here is now the end (...) And it was written and finished with the help of our Lord Jesus Christ by Sybrich Willem, daughter of an Englishman, a poor little sister living in Beverwijk with the regular sisters, in the year of our Lord 1446. Pray for her for God's sake. Thus she praised God now and forever. Amen. f.121: This book belongs to the regular sisters in Beverwijk. (Scribe)"
pu_25107,"Halle, Universitäts- und Landesbibliothek, Qu. Ms. 105; Full manuscript",Germany,"Manuscript: Halle, Universitäts- und Landesbibliothek, Qu. Ms. 105; Full manuscript | Country: Germany | City: Wöltingerode | Dating: 1486 | Century of production: 15 | Material: parchment and paper | Colophon language: German (DE, GER) | Extent: Full manuscript | Number of folios: 205 | Scribes: Ilze Muttercken, Wöltingerode, Female (Female)","Original: f.202v; Geschrieben 1486 von einer Ilzs muttercken für ihre Irluchtede gnedighe vnnd eddele vorstinne vnnd lyebe dochterke. Translation: “Written in 1486 by a certain Ilz’s mother for her illustrious, gracious, and noble princess and dear daughter.”"
pu_25109,"Hamburg, Staats-und Universitätsbibliothek, Ms. 105 in scrin.; Full manuscript",Unknown,"Manuscript: Hamburg, Staats-und Universitätsbibliothek, Ms. 105 in scrin.; Full manuscript | Region: Speyer region | Dating: 1504? | Century of production: 16 | Material: paper | Colophon language: German (DE, GER) | Extent: Full manuscript | Number of folios: 295 | Scribes: Gertrud von Buren, Germany, Female (Female)","Original: f.295r: Hie endet sich daz buch der wirckunge der apostelen in dem iar vnsers heren XIV vnde iiij iare sint sie gesch[rieben]. (Es folgt von einer anderen Hand der Zusatz:) von suster Gertrut von buren. Translation: Here ends the book of the Acts of the Apostles in the year of our Lord 1404, and these were written. by Sister Gertrut von Buren."
pu_25111,"Hamburg, Staats-und Universitätsbibliothek, Ms. 207 in scrin.; Full manuscript",Germany,"Manuscript: Hamburg, Staats-und Universitätsbibliothek, Ms. 207 in scrin.; Full manuscript | Country: Germany | City: Medingen | Region: Lower Saxony | Dating: 1490 | Century of production: 15 | Material: parchment | Colophon language: Latin (LA, LAT) | Extent: Full manuscript | Number of folios: 247 | Decoration presence: TRUE | Musical notation presence: FALSE | Monasteries: Medingen, nunnery, Cistercian, Bad Bevensen, Germany | Scribes: Mechthild of Dassel, Medingen, Female (Female); Anonymous, TBC (TBC, Religious) | Texts copied: Anonymous, TBC, Prayer Book [Religious Texts]","Original: Mechthild von Dassel [O sanctissime Jacobe ego indigna famula tua M[echthild von] das[sel] confugio ad te ] Translation: O most holy James, I, your unworthy servant Mechthild von Dassel, take refuge in you."
pu_25113,"Hamburg, Staats-und Universitätsbibliothek, Ms. 209 in scrin.; Full manuscript",Germany,"Manuscript: Hamburg, Staats-und Universitätsbibliothek, Ms. 209 in scrin.; Full manuscript | Country: Germany | City: Medingen | Region: Lower Saxony | Dating: [1475-1500] | Century of production: 15 | Material: parchment | Colophon language: Latin (LA, LAT) | Extent: Full manuscript | Number of folios: 213 | Scribes: Elizabeth Elebeke, Medingen, Female (Female)","Original: 77v: Elisabeth Elebeke [ pro me misera peccatrix Elyzabeth ele[beck] ] Translation: f.77v “Pray for me, miserable sinner Elisabeth Elebeke.”"
pu_25116,"Hamburg, Staats-und Universitätsbibliothek, Ms. theol. 2065; Full manuscript",Germany,"Manuscript: Hamburg, Staats-und Universitätsbibliothek, Ms. theol. 2065; Full manuscript | Country: Germany | Dating: First half of the 16th century (after 1527) | Century of production: 16 | Material: paper | Colophon language: German (DE, GER) | Extent: Full manuscript | Number of folios: 442 | Musical notation presence: FALSE | Scribes: Katharina Gurdelers, Female (Female); Anonymous, TBC (TBC, Religious) | Texts copied: Anonymous, TBC, Spiritual Collection [Religious Texts]","Original: Dit boich hait vnse l. suster Kathrina Gurdelers zo samen copuliert vß den Collacien vnd predigaten der wirdiger veder vnd hait iß geben dem gemeynen conuent] Translation: This book was compiled by our dear sister Katharina Gurdeler from the collations and sermons of the venerable fathers, and she gave it to the common convent."
pu_25117,"Hannover, Landesbibliothek, Ms. 190; Full manuscript",Germany,"Manuscript: Hannover, Landesbibliothek, Ms. 190; Full manuscript | Country: Germany | City: Fischbeck | Dating: 1509 | Century of production: 16 | Material: parchment | Colophon language: Latin (LA, LAT) | Extent: Full manuscript | Number of folios: 160 | Decoration presence: TRUE | Musical notation presence: FALSE | Monasteries: Fischbeck, Benedictine(needs verification); Augustinian by 1484, near Hameln, Germany, 955-
invalid temporal object | Scribes: Agnes Klencke, Visebeke, Female (Female); Anonymous, TBC (TBC, Religious) | Texts copied: Anonymous, TBC, Chapter Office [Religious Texts]","Original: Completus est liber praesens a. d. 1509 ipso die Crisogoni m. quem scripsit Agnes Klencke monialis in Visbeke ad laudem dei ac s. mariae v. sanctique Iohannis bapt. patroni nostri. Oretur igitur pro scriptrice ut post hanc vitam perducatur ad eterna gaudia. Translation: The present book was completed in the year 1509 on the very day of St. Chrysogonus’ feast, written by the nun Agnes Klencke in Vischbeck, for the praise of God, of the Virgin Mary, and of St. John the Baptist, our patron. Therefore, let prayers be said for the scribe, that after this life she may be led to eternal joy."
pu_25119,"Hannover, Stadtbibliothek, Ms. Mag. 149; Full manuscript",Germany,"Manuscript: Hannover, Stadtbibliothek, Ms. Mag. 149; Full manuscript | Country: Germany | Region: Swabia | Dating: November 14, 1494 | Century of production: 15 | Material: paper | Extent: Full manuscript | Number of folios: 156 | Decoration presence: TRUE | Musical notation presence: FALSE | Scribes: Saint Anne, Female (Female); Katharina von Deizisau, Female (Female); Anonymous, TBC (TBC, Religious) | Texts copied: Saint Anne, Female, Sermon, Latin (LA, LAT) [Religious Texts]; Anonymous, TBC, Life of Saint Catherine of Alexandria [Religious Texts]",Translation: Sister Katherina of Deytzisaw
pu_25120,"Harvard University, Houghton Library, Ms.Riant 91; Full manuscript",Netherlands,"Manuscript: Harvard University, Houghton Library, Ms.Riant 91; Full manuscript | Country: Netherlands | Region: Holland | Dating: 1522 | Century of production: 16 | Material: parchment and paper | Colophon language: Dutch (NL, DUTENG) | Extent: Full manuscript | Number of folios: 229 | Scribes: Katharina of Sweden, Female (Female)","Original: f.1r, ""gescreuen door Catarina in Sveden den xxi in somer maen van den jare MDxxii Translation: f.1r: Written by Catarina in Sweden, on the 21st day of the summer month, in the year 1522"
pu_25121,"Hasselt, Bibliotheek Hasselt Limburg, s.o.; Full manuscript",Belgium,"Manuscript: Hasselt, Bibliotheek Hasselt Limburg, s.o.; Full manuscript | Country: Belgium | City: Hasselt | Region: Flanders | Dating: ca. 1480 | Century of production: 15 | Material: paper | Colophon language: Dutch (NL, DUTENG) | Extent: Full manuscript | Number of folios: 286 | Decoration presence: TRUE | Musical notation presence: FALSE | Monasteries: St Catharinadal Convent, Hasselt, Franciscan, Hasselt, Belgium | Scribes: Anna Swilden, Hasselt, Female (Female, Religious); Anonymous, TBC (TBC, Religious) | Texts copied: Anonymous, TBC, Breviary [Religious Texts]","Original: Leest een pater noster voer die siele van suster anna swilden, die dit boec gescreven heeft om gods wil. Requiescant [!] in pace. amen. Op sondage ende heilich dach gescreven Translation: Read a Our Father for the soul of sister Anna Swilden, who has written this book for God's sake. May they rest in peace. Amen. Written on Sunday and holy day."
pu_25122,"Heidelberg, Universitätsbibliothek, 257; Full manuscript",Unknown,"Manuscript: Heidelberg, Universitätsbibliothek, 257; Full manuscript | Dating: 15 | Century of production: 15 | Colophon language: German (DE, GER) | Extent: Full manuscript | Scribes: Clara Hätzlerin, Augsburg, Female (Female, Secular)","Original: f.78: An der pen und straff die solichen zaubrern und verfurern zugehort die will ich nennen und erzelen an dem ende diss puchs und daby durch die geschrift bewaren wa es geschriben stat. Clara Hatzlerin. Translation: “At the end and with punishment, those who belong to such witches and sorcerers, I will name and tell at the end of this book, and by means of the writing, preserve where it was written. Clara Hatzlerin.”"
pu_25125,"Heidelberg, Universitätsbibliothek, 310; Full manuscript",Unknown,"Manuscript: Heidelberg, Universitätsbibliothek, 310; Full manuscript | Dating: 15 | Century of production: 15 | Extent: Full manuscript | Scribes: Clara Hätzlerin, Augsburg, Female (Female, Secular)",Original: f.45: Clara Hatzlerin Translation: f.45: Clara Hatzlerin
pu_25126,"Heidelberg, Universitätsbibliothek, Cpg 214; Full manuscript",Germany,"Manuscript: Heidelberg, Universitätsbibliothek, Cpg 214; Full manuscript | Country: Germany | City: Speyer | Dating: 1321 | Century of production: 14 | Material: parchment | Colophon language: German (DE, GER) | Extent: Full manuscript | Number of folios: 59 | Decoration presence: FALSE | Musical notation presence: FALSE | Scribes: Guteline von Esselingen, Female (Female); Anonymous, TBC (TBC, Religious) | Texts copied: Anonymous, TBC, Pharmacopoeia [Philosophical, and Scholarly Texts]","Original: a.d. 1321 iar do wart dis buoch volle schriben Iunefrow Guoteline von Esselingen die da wonet ze Spire. -- Amen. Translation: “In the year 1321, this book was completely written by Iunefrow Guoteline of Esslingen, who lives in Speyer. – Amen.”"
pu_25128,"Heidelberg, Universitätsbibliothek, Ms.Salem IX 66; Full manuscript",Germany,"Manuscript: Heidelberg, Universitätsbibliothek, Ms.Salem IX 66; Full manuscript | Country: Germany | City: Rottweil | Region: Baden-Württemberg | Dating: 1366 | Century of production: 14 | Material: parchment | Colophon language: Latin (LA, LAT) | Extent: Full manuscript | Number of folios: 151 | Scribes: Katharina von Brugg, Rottweil, Female (Female)","Original: f.151v Istum librum procuravit fr. Iacobus ad honorem S. Marie Virg. et eius filio et ordinavit eundem in chorum prioris qui secus fecerit anathema coram summo deo sit et scriptus est a venerabili sorore Katherina de Brugg moniali in rubeo monasterio sub a.d. 1366 Quicunque cantat vel legat in eo habeat nostri memoriam aput deum. Ego kathe dicta zebrugg in rubeo monasterio. Translation: “This book was procured by Brother Jacob in honor of the Virgin Mary and her Son, and he placed it in the prior’s choir. Whoever does otherwise [with this book] may be anathema before the Almighty God. It was written by the venerable Sister Katherine of Brugg, a nun in the Red Monastery, in the year of our Lord 1366. Whoever sings or reads from it, may they keep us in memory before God. I, Katherine, called ‘Zebrugg,’ in the Red Monastery.”"
pu_25129,"Heidelberg, Universitätsbibliothek, Pal. germ. 478; Full manuscript",Germany,"Manuscript: Heidelberg, Universitätsbibliothek, Pal. germ. 478; Full manuscript | Country: Germany | City: Augsburg | Region: Bavaria | Dating: 1465 | Century of production: 15 | Material: paper | Extent: Full manuscript | Number of folios: 82 | Scribes: Johannes Hartlieb, Male (Male); Clara Hätzlerin, Augsburg, Female (Female, Secular) | Texts copied: Johannes Hartlieb, Male, Book of All Forbidden Arts, German (DE, GER) [Philosophical, and Scholarly Texts]",Original: 78v: Clara Hätzlerin Translation: 78v: Clara Hätzlerin
pu_25130,"Heidelberg, Universitätsbibliothek, Pal. germ. 677; Full manuscript",Germany,"Manuscript: Heidelberg, Universitätsbibliothek, Pal. germ. 677; Full manuscript | Country: Germany | City: Augsburg | Region: Bavaria | Dating: 1464-1467 | Century of production: 15 | Material: paper | Extent: Full manuscript | Number of folios: 49 | Scribes: Clara Hätzlerin, Augsburg, Female (Female, Secular)",Original: 45r: Clara Hätzlerin Translation: 45r: Clara Hätzlerin
pu_25131,"Heidelberg, Universitätsbibliothek, Pal. germ. 807; Full manuscript",Unknown,"Manuscript: Heidelberg, Universitätsbibliothek, Pal. germ. 807; Full manuscript | Dating: 1571 | Century of production: 16 | Colophon language: Latin (LA, LAT) | Extent: Full manuscript | Scribes: Iustina a lupffen, Female (Female)","Original: [Hunc librum mihi donavit reverenda et generosa dna Iustina a Lupffen abbatissa ecclesie XI milium virginum eumque propria sua manu conscripsit mihique Stephano Isaaco praedictae ecclesiae canonico eium perp. memoriae signum tradidit. Sit ei deus propitius. a. 1571.] Translation: “This book was given to me by the reverend and noble Lady Iustina a Lupffen, abbess of the Church of the Eleven Thousand Virgins, and she wrote it with her own hand, giving it to me, Stephen Isaac, a canon of the same church, as a sign of perpetual remembrance. May God be merciful to her. In the year 1571.”"
pu_25132,"Hermetschwil, Benedictine monastery, Ms. chart. 124; Full manuscript",Germany,"Manuscript: Hermetschwil, Benedictine monastery, Ms. chart. 124; Full manuscript | Country: Germany | Dating: 1495 | Century of production: 15 | Material: paper | Colophon language: German (DE, GER) | Extent: Full manuscript | Number of folios: 143 | Decoration presence: TRUE | Musical notation presence: FALSE | Scribes: Barbara Grünenbächin, Hermetschwil, Female (Female); Anonymous, TBC (TBC, Religious) | Texts copied: Anonymous, TBC, Passion Treatise [Religious Texts]","Original: 1495 Barbera Grünenbächin schriberyn dis bůchs i Ave Maria. Translation: 1495. Barbara Grünenbächin, the scribe of this book. One Ave Maria."
pu_25634,"Hermetschwil, Benedictine monastery, Ms. membr. 65; Full manuscript",Switzerland,"Manuscript: Hermetschwil, Benedictine monastery, Ms. membr. 65; Full manuscript | Country: Switzerland | City: Basel | Region: Basel-Stadt | Dating: July 1 1515 | Century of production: 16 | Material: parchment | Colophon language: German (DE, GER) | Extent: Full manuscript | Number of folios: 156 | Decoration presence: TRUE | Musical notation presence: FALSE | Scribes: Dorothea Schermann, Gnadental, Female (Female); Anonymous, TBC (TBC, Religious) | Texts copied: Anonymous, TBC, Marian Psalter [Religious Texts]","Original: Dis büchlin wart geendet durch mich schwester Dorothea Schermanyn in dem closter Gnodental in der stat Baszel sant Claren ordens der observantz uff vigilia visitacionis Marie virginis anno im xvc xv und gehört der geistlichen und andechtigen schwester Anna Lowlin ouch in Gnodental und begert dz sy got für sy well bitten umm ein gůt selig end. Translation: This little book was completed by me, Sister Dorothea Schermanyn, in the Cloister of Gnodental in the city of Basel, of the Order of St. Clare of the Observance, on the Vigil of the Visitation of the Virgin Mary in the year 1515. It belongs to the spiritual and devout Sister Anna Lowlin, also in Gnodental, and she desires that you pray to God for her for a good and blessed end."
pu_25134,"Hildesheim, Cathedral Library, Hs. J 27; Full manuscript",Germany,"Manuscript: Hildesheim, Cathedral Library, Hs. J 27; Full manuscript | Country: Germany | City: Medingen | Region: Lower Saxony | Dating: 1478 | Century of production: 15 | Material: parchment | Colophon language: Latin (LA, LAT) | Extent: Full manuscript | Number of folios: 146 | Scribes: Elizabeth von Winsen, Medingen, Female (Female)","Original: f.146v: Explicit exp/iciunt / que cordis intima promunt / scriptando manu /totoque corporis usu / ut clare patebit I oculo quas [ ?) cuncta rimabit / Scripta cum floribus / picturam sie sociamus / omnia hec fecit / et famula sola peregit / in Meding claustro / Luneborch prope situato / ordinis ut fateor / Cisterciensis et utor / Sed si queratur / quod nomen mihi debetur / omnibus et cognita / de Winsen sie vocitata / Elyzabeth proprio / de quo et gloria Christo / anno milleno quadruplex centum addito deno / sexaginta tribus cum quinario sociatus / corporis in festo Christi die venerando / Iubente venerabili domino preposito Tylemanno / de Bauenstede et necessaria ministrando I ob amorem dilecte stte amice Elyzabeth / de Bauenstede Translation: f.146v: ""Here ends what the deepest thoughts of the heart reveal, written by hand and with the full use of the body, as will be clearly seen by the eye that examines all. Written with flowers, so let us join illustration with text. All this was done and completed by the servant alone in the cloister of Meding, situated near Luneburg. I confess that I belong to the Cistercian order and use the name known to all, called Elisabeth of Winsen. To my own glory and to the glory of Christ, in the year one thousand, four hundred, and ten, with ten added and sixty-three with five combined, on the venerable feast day of Christ, by the command of the venerable Lord Provost Tylemann of Bavensted, and for the sake of ministering to the needs, for the love of my beloved friend, Elisabeth of Bavensted."""
pu_25136,"Hildesheim, Cathedral Library, Hs. J 29; Full manuscript",Germany,"Manuscript: Hildesheim, Cathedral Library, Hs. J 29; Full manuscript | Country: Germany | City: Medingen | Region: Lower Saxony | Dating: 1478 | Century of production: 15 | Material: parchment | Colophon language: Latin (LA, LAT) | Extent: Full manuscript | Number of folios: 214 | Scribes: Winheid of Winsen, Medingen, Female (Female)","Original: f.212r: Anno domini M°CCCC° LXXVIII° conpletus est liber iste ... Translation: f.212r: ""In the year of our Lord 1478, this book was completed ..."""
pu_25139,"Jena, Thüringer Universitäts und Landesbibliothek, Ms. GB f.3; Full manuscript",Germany,"Manuscript: Jena, Thüringer Universitäts und Landesbibliothek, Ms. GB f.3; Full manuscript | Country: Germany | City: Medlingen | Dating: 1502 | Century of production: 16 | Material: paper | Colophon language: German (DE, GER) | Extent: Full manuscript | Number of folios: 337 | Decoration presence: TRUE | Musical notation presence: FALSE | Monasteries: Medlingen, convent, Dominican, Medlingen, Germany | Scribes: Felicitas Lieberin, Medingen, Female (Female, Religious); Anonymous, TBC (TBC, Religious) | Texts copied: Anonymous, TBC, Alphabetum divinum [Philosophical, and Scholarly Texts]","Original: Anno domini M° VC und im andern iar an sant Gregorius aubent des wirdigen lerers in der hailigen vasten ist das bůch us geschriben worden von S[oror] Felicitas Lieberin und gehört in das closter zů Medlingen predier [!] ordens Translation: In the year of the Lord 1500, and in the following year, on the eve of Saint Gregory, the venerable teacher, during Holy Lent, this book was written out by Sister Felicitas Lieberin, and it belongs to the convent at Medlingen of the Order of Preachers."
pu_24972,"Karlsruhe, Badische Landesbibliothek, Donaueschingen 365, Karlsruhe, Badische Landesbibliothek, Donaueschingen 425; Full manuscript",Germany,"Manuscript: Karlsruhe, Badische Landesbibliothek, Donaueschingen 365, Karlsruhe, Badische Landesbibliothek, Donaueschingen 425; Full manuscript | Country: Germany | City: Medingen | Dating: 1473 | Century of production: 15 | Material: paper | Colophon language: German (DE, GER) | Extent: Full manuscript | Number of folios: 182 | Decoration presence: TRUE | Musical notation presence: FALSE | Monasteries: Maria Medingen, Dominican, Mödingen, Germany, 1246-
1542 | Scribes: Ms. Karlsruhe, Badische Landesbibliothek, Donaueschingen 365, Unidentified Hand 2, Female (Female, Religious); Ms. Karlsruhe, Badische Landesbibliothek, Donaueschingen 365, Unidentified Hand 1, Female (Female, Religious); Dorothea Reichingen, Medingen, Female (Female)","Original: a.d. 1473 iar ist disz puch auszgeschriben worden von s. Durothea Reichingen und gehort in daz closter zu Medingen prediger ord Translation: In the year of our Lord 1473, this book was written by Sister Dorothea Reichingen and belongs to the Dominican monastery at Medingen."
pu_25141,"Karlsruhe, Badische Landesbibliothek, Donaueschingen 422; f. 1r-69v",Germany,"Manuscript: Karlsruhe, Badische Landesbibliothek, Donaueschingen 422; f. 1r-69v | Country: Germany | City: Inzigkofen | Region: Baden-Württemberg | Century of production: 15 | Extent: f. 1r-69v",Original: [scribal hand: Elisabeth Muntpratin d.J.]
pu_22824,"Karlsruhe, Badische Landesbibliothek, Donaueschingen 830; Full manuscript",Germany,"Manuscript: Karlsruhe, Badische Landesbibliothek, Donaueschingen 830; Full manuscript | Country: Germany | City: Augsburg | Region: Bavaria | Dating: 1468 | Century of production: 15 | Material: paper | Extent: Full manuscript | Number of folios: 48 | Scribes: Clara Hätzlerin, Augsburg, Female (Female, Secular)",Original: f.39: Clara Hatzlerin lxviij. Translation: f.39: Clara Hatzlerin lxviij.
pu_25149,"Karlsruhe, Badische Landesbibliothek, L 89; Full manuscript",Germany,"Manuscript: Karlsruhe, Badische Landesbibliothek, L 89; Full manuscript | Country: Germany | City: Lichtenthal | Region: Baden-Baden | Dating: 1566 | Century of production: 16 | Material: paper | Colophon language: German (DE, GER) | Extent: Full manuscript | Number of folios: 760 | Decoration presence: TRUE | Musical notation presence: FALSE | Monasteries: Lichtenthal, Cistercian, Baden-Baden, Germany, 1 Jan 1245-
1789 | Scribes: Ms. Karlsruhe, Badische Landesbibliothek, L 89, Unidentified Hand 1, Female (Female, Religious); Salome Beck, Lichthenthal, Female (Female, Religious); Gertrud of Helfta, Female (Female); Barbara Veus, Lichtenthal, Female (Female, Religious) | Texts copied: Gertrud of Helfta, Female, A Messenger of Divine Gentleness, Latin (LA, LAT) [Literary Texts]","Original: Charissime filie. Dyß buoch habent ich und euwer liebe mitschwester euch geschryben auß mütterlicher liebe und auß hertzlicher begird zu dem heyl euwer seien ... - Dar zu helff uns allen gott der vatter, gott der Son und gott der heilig geist. AMEN. S.foror] Äfarbara] K[eus] unwürdige Z£r.[issin] Z[e] /.[iechtental]. Translation: Dearest daughters. This book have I and your dear fellow sister written for you out of motherly love and out of heartfelt desire for the salvation of your souls … May God the Father, God the Son, and God the Holy Spirit help us all in this. AMEN. S[ister] B[arbara] V[eus], unworthy abbess of Lichtenthal."
pu_25148,"Karlsruhe, Badische Landesbibliothek, Lichtent. 15; Full manuscript",Germany,"Manuscript: Karlsruhe, Badische Landesbibliothek, Lichtent. 15; Full manuscript | Country: Germany | City: Baden-Baden | Region: Baden-Württemberg | Dating: 1.H.14.Jh. | Century of production: 14 | Colophon language: German (DE, GER) | Extent: Full manuscript | Monasteries: Lichtenthal, Cistercian, Baden-Baden, Germany, 1 Jan 1245-
1789 | Scribes: Mechthildis von Ingenheim, Lichtenthal, Female (Female, Religious)","Original: Alle die an disseme bo""che wollent singen eder (!) lesen, die solent gedenken alle der die dis bu/o/ch hant gemachet. Anegenges der von INgenheim, darnach Manegoldes selgen. Requiescant in pace in vitam eternam. (72r, AQI HKOL Heinzer and Stamm, 1987, p. 95); a ""Methildis de Ingenheim"" is in the oldes layer of the Lichtenthaler Nekrology (ibid) Translation: “All who want to sing or read from this book should remember all those who made this book. First of all, those from Ingenheim, and then Manegold’s late (soul). May they rest in peace and in eternal life.”"
pu_25152,"Karlsruhe, Badische Landesbibliothek, Lichtent. 47; Full manuscript",Germany,"Manuscript: Karlsruhe, Badische Landesbibliothek, Lichtent. 47; Full manuscript | Country: Germany | City: Baden-Baden | Region: Baden-Württemberg | Dating: 1480 (NOT THE DATE) | Century of production: 15 | Extent: Full manuscript | Monasteries: Lichtenthal, Cistercian, Baden-Baden, Germany, 1 Jan 1245-
1789 | Scribes: Elisabeth Entzberg, Lichtenthal, Female (Female, Religious); Margaretha dicta Regula, Lichtenthal, Female (Female, Religious)",Original: f.312v: Liber iste schripsit (!) soror mea Elisabeth von Entzberg Translation: f.312v: “This book was written by my sister Elisabeth von Entzberg.”
pu_25153,"Karlsruhe, Badische Landesbibliothek, Lichtent. 65; Full manuscript",Germany,"Manuscript: Karlsruhe, Badische Landesbibliothek, Lichtent. 65; Full manuscript | Country: Germany | City: Baden-Baden | Region: Baden-Württemberg | Dating: 1460 | Century of production: 15 | Material: paper | Colophon language: Latin (LA, LAT) | Extent: Full manuscript | Number of folios: 150 | Monasteries: Lichtenthal, Cistercian, Baden-Baden, Germany, 1 Jan 1245-
1789 | Scribes: Margaretha dicta Regula, Lichtenthal, Female (Female, Religious)","Original: f.125r: Finita et completa est hec glosa super psalterio Sabbato infra Octavam Corporis Cristi (14. Juni) Anno eiusdem 1460. Translation: f.125r: This gloss on the Psalter was finished and completed on the Saturday within the Octave of Corpus Christi (14 June), in the year 1460."
pu_25158,"Karlsruhe, Badische Landesbibliothek, Ms. Donaueschingen 145; Full manuscript",Unknown,"Manuscript: Karlsruhe, Badische Landesbibliothek, Ms. Donaueschingen 145; Full manuscript | Extent: Full manuscript | Scribes: Anna von Stoffeln, Female (Female, Secular)","Original: f.2r: Anna von Stoffeln [ anna frie zv stoffel ] Translation: ""f.2r: Anna von Stoffeln [ anna frie zv stoffel ] """
pu_25161,"Karlsruhe, Badische Landesbibliothek, Perg. germ. (St. Georgen) 103; Full manuscript",Germany,"Manuscript: Karlsruhe, Badische Landesbibliothek, Perg. germ. (St. Georgen) 103; Full manuscript | Country: Germany | Dating: 1572 | Century of production: 16 | Colophon language: Latin (LA, LAT) | Extent: Full manuscript | Scribes: Ottilia Schede, Female (Female)","Original: Sit laus deo et finitus est libellum in octava s. Francisci a. antivitate (sic) d. 1572 per iuvenem sororres (sic) nomine S. Ottilia Schede in Maria Rosarium O. scissime virg. Clare. Orate deum pro me. Translation: “Let praise be to God, and the little book is finished on the octave of Saint Francis in the year of antiquity (sic) 1572 by the young sister named Saint Ottilia Schede in the Maria Rosarium, most holy virgin of Clare. Pray to God for me.”"
pu_22237,"Karlsruhe, Badische Landesbibliothek, Schwarzach 19; Full manuscript",France,"Manuscript: Karlsruhe, Badische Landesbibliothek, Schwarzach 19; Full manuscript | Country: France | City: Strasbourg | Region: Grand Est | Dating: 1480-1480 | Century of production: 15 | Material: paper | Colophon language: German (DE, GER) | Extent: Full manuscript | Number of folios: 265 | Decoration presence: TRUE | Musical notation presence: FALSE | Scribes: Anna Schott, Strasbourg, Female (Female, Religious); Anonymous, TBC (TBC, Religious) | Texts copied: Anonymous, TBC, Mystical Compilation [Literary Texts]","Original: Subskriptionen Anna Schotin hat diß buechelgeschriben anno domini 1480 (lr; s. Abb. 28) und Diß wart ußgeschriben anno domini MIIIFLXXX beten ein Ave Maria der Ann Schötin (265v) Translation: ""Subscriptions: Anna Schotin has written this booklet in the year of our Lord 1480 (on the left margin; see Figure 28), and This was completed in the year of our Lord 1480. Say an Ave Maria for Ann Schötin (on 265v)."""
pu_25162,"Karlsruhe, Badische Landesbibliothek, St. Georgen 68; Full manuscript",Germany,"Manuscript: Karlsruhe, Badische Landesbibliothek, St. Georgen 68; Full manuscript | Country: Germany | City: Villingen | Region: Baden-Württemberg | Dating: 1497 | Century of production: 15 | Extent: Full manuscript | Scribes: Agnes Butzlin, Villingen, Female (Female)","Original: Finitus est iste liber per me soror Agnes Butzlin O. S. Clare in Vilingen a. d. 1297 (lege 1497) in octava corporis Ihesu xpi. Benedicamus domno deo gratias., Finitus est iste liber per me soror Agnes bu""tzlin O.S. Clare in Vilingen a.d. 1297 (lege 1497) in octava corporis Ihesu xpi. Benedicamus domno deo gratias. (f.147) Translation: “This book was completed by me, Sister Agnes Butzlin, of the Order of Saint Clare in Villingen, in the year of our Lord 1297 (read: 1497), on the octave of the Feast of the Body of Jesus Christ. Let us bless the Lord — thanks be to God., f.147: “This book was completed by me, Sister Agnes Bützlin, of the Order of St. Clare in Villingen, in the year of our Lord 1297 (read: 1497), on the octave of the feast of Corpus Christi. Let us bless the Lord — thanks be to God.”"
pu_22295,"Karlsruhe, Badische Landesbibliothek, St. Georgen 8a; Full manuscript",Germany,"Manuscript: Karlsruhe, Badische Landesbibliothek, St. Georgen 8a; Full manuscript | Country: Germany | City: Nuremberg | Region: Bavaria | Dating: 1459 | Century of production: 15 | Material: parchment | Extent: Full manuscript | Number of folios: 153 | Monasteries: Saint Katharina, Dominican, Nuremberg, Germany, 1295 | Scribes: Kunigund Holzschuherin, Nuremberg, Female (Female, Religious); Anonymous, TBC (TBC, Religious) | Texts copied: Anonymous, TBC, Missal, Latin (LA, LAT) [Religious Texts]","Original: f.1v: “[N]ach xÞi gepurt mxxxx vnd yn dem lix iar. Hatgebeßert diß boch vnd vil dar czu geschriben. Schwesterkunegund holzschuherin des closters czu sant katherin in Nürnberg þdiger orden. Czu nutz dem closter czu demheiligen grab in Bamberg pitt got für sye.” Translation: f.1v: ""After Christ's birth in 1490 and in the 66th year, this book was amended and much added thereto. Sister Kunegund Holzschuherin of the convent of Saint Catherine in Nuremberg, a devout order. For the benefit of the convent, pray to God for her."""
pu_25163,"Karlsruhe, Badische Landesbibliothek, St. Georgen Pap. 8b; Full manuscript",Germany,"Manuscript: Karlsruhe, Badische Landesbibliothek, St. Georgen Pap. 8b; Full manuscript | Country: Germany | City: Nuremberg | Region: Bavaria | Dating: 1459 | Century of production: 15 | Extent: Full manuscript | Monasteries: Saint Katharina, Dominican, Nuremberg, Germany, 1295 | Scribes: Kunigund Holzschuherin, Nuremberg, Female (Female, Religious)",Original: corr. Kunigund Holzschuherin Translation: corr. Kunigund Holzschuherin
pu_25167,"Karlsruhe, Badische Landesbibliothek, St. Peter pap. 1; Full manuscript",Germany,"Manuscript: Karlsruhe, Badische Landesbibliothek, St. Peter pap. 1; Full manuscript | Country: Germany | Dating: Early 16th century | Century of production: 16 | Material: paper | Colophon language: German (DE, GER) | Extent: Full manuscript | Number of folios: 202 | Decoration presence: TRUE | Musical notation presence: FALSE | Scribes: Ms. Karlsruhe, Badische Landesbibliothek, St. Peter pap. 1, Unidentified Hand 1, Female (Female, Religious); Katharina Repplyn von Hamber, Female (Female); Anonymous, TBC (TBC, Religious) | Texts copied: Anonymous, TBC, Prayers and Meditations [Religious Texts]","Original: Lob sye gott geendet an sant Maria Magdalena obent bittent gott vnd Marie syn wirdige mutter für mich Schwester Katherine Repplyn von Hamberg Translation: Praise be to God. Completed on St. Mary Magdalene’s Day. Pray God and Mary his worthy mother for me, Sister Katherine Repplyn of Hamberg (district Pforzheim)."
pu_22356,"Karlsruhe, Badische Landesbibliothek, St. Peter pap. 4; Full manuscript",France,"Manuscript: Karlsruhe, Badische Landesbibliothek, St. Peter pap. 4; Full manuscript | Country: France | City: Strasbourg | Region: Grand Est | Dating: Early 16th century | Century of production: 16 | Material: paper | Colophon language: German (DE, GER) | Extent: Full manuscript | Number of folios: 274 | Scribes: Elisabeth Bissner, Strasbourg, Female (Female); Anonymous, TBC (TBC, Religious) | Texts copied: Anonymous, TBC, Prayers and Meditations [Religious Texts]","Original: f.146: Dasbüch ist swesler Elysabeth Bißnerin zü sanct Katherinen zü Strosburg vnd het sy es selbs geschriben Translation: f.146: ""This book belongs to Sister Elizabeth Bisnerin of Saint Catherine's in Strasbourg, and she herself has written it."""
pu_25171,"Karlsruhe, Badische Landesbibliothek, St. Peter Perg. 101; Full manuscript",Germany,"Manuscript: Karlsruhe, Badische Landesbibliothek, St. Peter Perg. 101; Full manuscript | Country: Germany | City: Adelhausen | Region: Baden-Württemberg | Dating: 15th century (second half) | Century of production: 15 | Material: parchment | Colophon language: Latin (LA, LAT) | Extent: Full manuscript | Number of folios: 113 | Decoration presence: TRUE | Musical notation presence: FALSE | Scribes: Agnes Huberin, Adelhausen, Female (Female, Religious); Anonymous, TBC (TBC, Religious) | Texts copied: Anonymous, TBC, Book of hours [Religious Texts]",Original: S. Agnes Huberin scripsit hoc libr(um). Habeatis iste eius memoriam in oracionibus vestris. Translation: Sister Agnes Huber wrote this book. Keep her in your prayers.
pu_22396,"Karlsruhe, Badische Landesbibliothek, St. Peter perg. 109; Full manuscript",France,"Manuscript: Karlsruhe, Badische Landesbibliothek, St. Peter perg. 109; Full manuscript | Country: France | City: Strasbourg | Region: Grand Est | Dating: 1439-1439 | Century of production: 15 | Material: paper | Extent: Full manuscript | Number of folios: 172 | Scribes: Agnes Roessin, Strasbourg, Female (Female); Anonymous, TBC (TBC, Religious) | Texts copied: Anonymous, TBC, Processional [Religious Texts]; Anonymous, TBC, Ritual [Religious Texts]","Original: 172v Got mache selig zu aller zit Swester Agnes Rössin sei und lip, die dis büchelin bet geschriben und ir zit do mit vertriben. von Christus gebürt zalte sy do MCCCCXXXIX ior Translation: ""172v May God bless Sister Agnes Rössin in soul and body, who both wrote and spent her time with this booklet. She was born in the year of Christ's birth, counting from the year 1439."""
pu_25172,"Karlsruhe, Badische Landesbibliothek, St. Peter Perg. 44; Full manuscript",Germany,"Manuscript: Karlsruhe, Badische Landesbibliothek, St. Peter Perg. 44; Full manuscript | Country: Germany | City: Erfurt | Dating: First half of the 14th century | Century of production: 14 | Material: parchment | Colophon language: Latin (LA, LAT) | Extent: Full manuscript | Number of folios: 190 | Decoration presence: TRUE | Musical notation presence: TRUE | Monasteries: Augustinian Canonesse of Neuwerk, Erfurt, Augustinian, Erfurt, Germany | Scribes: Wunnaborgis, Erfurt, Female (Female, Religious); Anonymous, TBC (TBC, Religious) | Texts copied: Anonymous, TBC, Gradual [Religious Texts]","Original: Professionformula: Ego soror Wunnaborgis offerens trado me ipsam ecclesie sancte Marie...promitto eciam obedenciam in Christo domino Theodorico, prefate ecclesie patri... Translation: I, Sister Wunnaborgis, offering myself, entrust myself to the Church of Saint Mary… I also promise obedience in Christ to Lord Theodoric, father of the aforesaid church…"
pu_25174,"Karlsruhe, Badische Landesbibliothek, St. Peter Perg. 72; f. 1-94v",Germany,"Manuscript: Karlsruhe, Badische Landesbibliothek, St. Peter Perg. 72; f. 1-94v | Country: Germany | City: Dillingen an der Donau (B) | Region: Bavaria | Dating: 1515 | Century of production: 16 | Material: parchment | Colophon language: German (DE, GER) | Extent: f. 1-94v | Number of folios: 94 | Decoration presence: TRUE | Musical notation presence: TRUE | Monasteries: Saint Ulrich, Dominican, Dillingen on the Danube, Germany, 1318-
1792 | Scribes: Agnes Rytzmenin, Dillingen, Female (Female, Religious); Anonymous, TBC (TBC, Religious) | Texts copied: Anonymous, TBC, Collectar [Religious Texts]","Original: Geschriben und geendet durch soror Agnes Rytzmeni von Ulm, closterfraw in dem closter sant Ulrichs zu Dillingen predicatorum ordinis. In die sancte Cristina Virginis. Nach Christus (!) gebürt M.CCCCC und XV Jahr Translation: Written and completed by Sister Agnes Rytzmeni of Ulm, nun in the monastery of St Ulrich at Dillingen of the Order of Preachers, on the feast of St Christina, virgin. After the birth of Christ (!) in the year 1515 (24 August 1515)."
pu_25175,"Karlsruhe, Badische Landesbibliothek, Thennenbach 4; Full manuscript",France,"Manuscript: Karlsruhe, Badische Landesbibliothek, Thennenbach 4; Full manuscript | Country: France | City: Strasbourg | Region: Grand Est | Dating: 1490-1492 | Century of production: 15 | Material: parchment | Colophon language: German (DE, GER) | Extent: Full manuscript | Number of folios: 258 | Decoration presence: TRUE | Musical notation presence: FALSE | Monasteries: Strasbourg, St. Clare's Monastery on the Wörth, Poor Clares, Strasbourg, France | Scribes: Magdalena Steimerin, Strasbourg, Female (Female); Anonymous, TBC (TBC, Religious) | Texts copied: Anonymous, TBC, Klarenbuch (Writings on Saint Clare) [Religious Texts]","Original: hie bi gedenken durch gott Swester Magdalena Steimerin ein unwirdige Swester Sant Clären Ordens die diß buoch geschriben hett mit einem Ave Maria Translation: Hereby, in remembrance, by the grace of God, Sister Magdalena Steimerin, an unworthy Sister of the Order of Saint Clare, who wrote this book, with an Ave Maria."
pu_22479,"Laon, Bibliothèque municipale, Ms. 362; full manuscript",France,"Manuscript: Laon, Bibliothèque municipale, Ms. 362; full manuscript | Country: France | Dating: 24 June 1284 | Century of production: 13 | Material: parchment | Colophon language: Latin (LA, LAT) | Extent: full manuscript | Number of folios: 242 | Scribes: Paula Scolaris, France, Female (Female); Henricus de Segusio (Hostiensis), Male (Male) | Texts copied: Henricus de Segusio (Hostiensis), Male, Golden Summa, Latin (LA, LAT) [Philosophical, and Scholarly Texts]","Original: ""Id est ego Paula Scolaris scripsi istam sommam domino officiali Turonensi"" (f.242v) Translation: ""That is, I, Paula Scolaris, have written this summary for the Lord Official of Tours."" (f.242 verso)"
pu_25177,"Laon, Bibliothèque municipale, Ms.423; Full manuscript",France,"Manuscript: Laon, Bibliothèque municipale, Ms.423; Full manuscript | Country: France | City: Laon | Region: Hauts-de-France | Dating: 701-800 | Century of production: 8 | Material: parchment | Colophon language: Latin (LA, LAT) | Extent: Full manuscript | Number of folios: 80 | Musical notation presence: FALSE | Scribes: Dulcia, Laon, Female (Female); Isidore of Seville, Male (Male) | Texts copied: Isidore of Seville, Male, On the Nature of Things, Latin (LA, LAT) [Philosophical, and Scholarly Texts]","Original: Ego Dulcia scripsi et susscripsi istu[m] libru[m] Translation: I, Dulcia, wrote and undersigned this book of the planetary orbits/ liber rotarum"
pu_29106,"Leiden, Universiteitsbibliotheek, BPL 2541; Full manuscript",Netherlands,"Manuscript: Leiden, Universiteitsbibliotheek, BPL 2541; Full manuscript | Country: Netherlands | City: Maaseik | Dating: 1484 | Century of production: 15 | Material: paper | Colophon language: Dutch (NL, DUTENG) | Extent: Full manuscript | Number of folios: 347 | Decoration presence: TRUE | Musical notation presence: FALSE | Monasteries: Maaseik Saint Agnes, Benedictine, Maaseik, Belgium, 1429 | Scribes: The ""fourth"" copist, Maaseik, Female (Female, Religious); Otto von Passau, Male (Male) | Texts copied: Otto von Passau, Male, The Golden Throne, German (DE, GER) [Religious Texts]","Original: Bidt om gods wil een ave maria voer die scrijverse Dat sy mit gode ewelic moet leven. Item dit boeck is gescreven Int jaer ons heren M C C C C ende lxxxiiii Ende geeynt op [last three words on erasure] sancte mauricius dach. in der stat van susteren daer wi schulende waren al te samen doen ons cloester verbrant was. Translation: Pray, for God’s sake, an Ave Maria for the scribe, that she may live eternally with God. Item: this book was written in the year of Our Lord 1484 and finished on [last three words erased] St Maurice’s Day, in the town of Susteren, where we were all living together as boarders when our cloister had burned down."
pu_25180,"Leiden, Universiteitsbibliotheek, BPL 2879; Full manuscript",Netherlands,"Manuscript: Leiden, Universiteitsbibliotheek, BPL 2879; Full manuscript | Country: Netherlands | City: Oegstgeest | Region: South Holland | Dating: 1438-1438 | Century of production: 15 | Material: parchment | Colophon language: Latin (LA, LAT) | Extent: Full manuscript | Number of folios: 17 | Decoration presence: TRUE | Musical notation presence: FALSE | Scribes: Elizabeth de Gorinchem, Oegstgeest, Female (Female); Anonymous, TBC (TBC, Religious) | Texts copied: Anonymous, TBC, Missal, Latin (LA, LAT) [Religious Texts]","Original: Anno domini Millesimo quadringentesimo Tricessimo octavo. Scriptus et finitus fuit liber iste. In profesto sancti victoris. in monasterio sancte marie ten poel prope leidis ordinis regularium per manus sororis elizabeth de gorinchem. Orate pro ea. Translation: In the year of our Lord one thousand four hundred and thirty-eight, this book was written and completed. On the feast of Saint Victor, in the monastery of Saint Mary ten Poel near Leiden, of the Regular Order, by the hand of Sister Elizabeth de Gorinchem. Pray for her."
pu_25181,"Leiden, Universiteitsbibliotheek, BPL 46 A; Full manuscript",Belgium,"Manuscript: Leiden, Universiteitsbibliotheek, BPL 46 A; Full manuscript | Country: Belgium | City: Huy | Region: Liège | Dating: 1477-1477 | Century of production: 15 | Material: paper | Colophon language: French (FR, FRE) | Extent: Full manuscript | Number of folios: 194 | Decoration presence: TRUE | Musical notation presence: FALSE | Monasteries: Saint Victor-a-Huy, Benedictine, Huy, Belgium, 1144 | Scribes: Johanne de Malone, Huy, Female (Female, Religious)","Original: Lan Ixxvii fut fait et accomplis par sour Johanne de Malone cest legent dore manant a sains victore. Dit pour son ame Requiescant in pace Amen. Translation: In the year 77 of the reign of Louis, this was made and completed by Sister Johanne de Malone, this reading gift to Saint Victor. Said for her soul. May they rest in peace. Amen."
pu_22872,"Leiden, Universiteitsbibliotheek, BPL 48 E; Full manuscript",Belgium,"Manuscript: Leiden, Universiteitsbibliotheek, BPL 48 E; Full manuscript | Country: Belgium | City: Mechelen/Malines | Region: Flemish Region | Dating: 16th century, c. 1563 | Century of production: 16 | Material: paper | Colophon language: Dutch (NL, DUTENG) | Extent: Full manuscript | Number of folios: 277 | Decoration presence: TRUE | Musical notation presence: FALSE | Monasteries: Great Beguinage in Malines, None, Mechelen/Malines, Belgium | Scribes: Marijken Wouters of Breda, Mechelen, Female (Female, Religious); Frans Vervoort, Male (Male) | Texts copied: Frans Vervoort, Male, Sermons on the Song of Songs, Dutch (NL, DUTENG) [Religious Texts]; Frans Vervoort, Male, Sermons and treatises, Dutch (NL, DUTENG) [Religious Texts]","Original: Biidt om godts willen voer den scriiver die dit heeft ghescreven want sii is eerm van duechden blesen. Dit sii goede bequaem Suster Mariiken Wouters van breda is heren naem Translation: Pray for the writer, for God’s sake, who has written this, for she is blessed with virtues. This being the good and capable Sister Mariiken Wouters of Breda, in the name of the Lord."
pu_22903,"Leiden, Universiteitsbibliotheek, Letterk. 219; Full manuscript",Netherlands,"Manuscript: Leiden, Universiteitsbibliotheek, Letterk. 219; Full manuscript | Country: Netherlands | City: Amsterdam | Region: North Holland | Dating: 1476 | Century of production: 15 | Material: paper | Colophon language: Dutch (NL, DUTENG) | Extent: Full manuscript | Number of folios: 195 | Decoration presence: TRUE | Musical notation presence: FALSE | Monasteries: Saint Ursula's Tertiaries, Franciscan, Amsterdam, Netherlands | Scribes: Alijt Lamberts, Amsterdam, Female (Female, Religious)",Original: f.195: Dit boec heeft ghescreven Suster alijt lambert dochter op sommighefeest daghen intjaer ons heren M iiiic ende lxxvia Bidt voer haer om gods willen. Translation: This book was written by Sister Alijt Lambert's daughter on certain feast days in the year of our Lord 1466. Pray for her for God's sake.
pu_29178,"Leiden, Universiteitsbibliotheek, Letterk. 235; Full manuscript",Netherlands,"Manuscript: Leiden, Universiteitsbibliotheek, Letterk. 235; Full manuscript | Country: Netherlands | City: Thesinge | Dating: 1527 | Century of production: 16 | Material: paper | Colophon language: Dutch (NL, DUTENG) | Extent: Full manuscript | Number of folios: 212 | Decoration presence: TRUE | Musical notation presence: FALSE | Monasteries: Monastery of Germania, Thesinge, Benedictine, Thesinge, Netherlands | Scribes: Stine Dutmers, Female (Female, Religious); Ms. Leiden, Universiteitsbibliotheek, Letterk. 235, Unidentified Hand 1, Female (Female, Religious)","Original: Dit boeck ende solter is gheeyndiget in dat jaer ons heren dusent vijfhundert ende sovenendetwintich des vridaghes voor jubilate, s.d. Translation: This book and psalter were completed in the year of Our Lord one thousand five hundred and twenty-seven, on the Friday before Jubilate, etc."
pu_25183,"Leiden, Universiteitsbibliotheek, Letterk. 240; Full manuscript",Netherlands,"Manuscript: Leiden, Universiteitsbibliotheek, Letterk. 240; Full manuscript | Country: Netherlands | City: Delft | Region: South Holland | Dating: 1426-1475 | Century of production: 15 | Material: parchment | Colophon language: Dutch (NL, DUTENG) | Extent: Full manuscript | Number of folios: 151 | Decoration presence: TRUE | Musical notation presence: FALSE | Monasteries: Saint Agnes convent, Augustinian, Delft, Netherlands | Scribes: Ms. Leiden Letterk. 240 Unidentified scribe A, Delft, Female (Female, Religious); Margriete Jan Beleynsdr, Delft, Female (Female, Religious); Anonymous, TBC (TBC, Religious) | Texts copied: Anonymous, TBC, Commentary on Song of Songs [Religious Texts]","Original: Dit boec is wt Gog si geloeft Bid om gods willen een pater noster ende een Ave Maria voer Margriete van Beleyn(s) dochter diet gescreven heeft. Translation: This book is with God, His will. Pray to God, for God’s sake, one Our Father and one Hail Mary for Margriete van Beleyn(s) daughter who has written this."
pu_25185,"Leiden, Universiteitsbibliotheek, Letterk. 306; f. 1-120",Netherlands,"Manuscript: Leiden, Universiteitsbibliotheek, Letterk. 306; f. 1-120 | Country: Netherlands | City: Warmond | Dating: 16th century, first half | Century of production: 16 | Material: paper | Colophon language: Dutch (NL, DUTENG) | Extent: f. 1-120 | Number of folios: 120 | Decoration presence: FALSE | Musical notation presence: FALSE | Monasteries: Elfduizend Maagden, Warmond, Warmond, Netherlands | Scribes: Peter Cantor, Male (Male); Margriete Iheronimus, Female (Female, Religious); Anonymous, TBC (TBC, Religious) | Texts copied: Anonymous, TBC, Gospel Book [Religious Texts]; Peter Cantor, Male, Collations, Latin (LA, LAT) [Religious Texts]; Anonymous, TBC, Prayers [Religious Texts]","Original: Dit boeck heeft ghescreven Margriete Iheronimus dochter ter eeren gods ende sijn lievever moeder bidt voer haer om gods wil een Ave Maria. Translation: This book was written by Margriete, daughter of Iheronimus, in honor of God and His dear mother. Pray for her, for God’s sake, with an Ave Maria."
pu_25186,"Leiden, Universiteitsbibliotheek, Letterk. 354; Full manuscript",Netherlands,"Manuscript: Leiden, Universiteitsbibliotheek, Letterk. 354; Full manuscript | Country: Netherlands | Region: North Brabant | Dating: 16th century, first half | Century of production: 16 | Material: paper | Colophon language: Dutch (NL, DUTENG) | Extent: Full manuscript | Number of folios: 294 | Decoration presence: TRUE | Musical notation presence: FALSE | Scribes: Maritgen Ijans, Female (Female)","Original: Die heeft ghescreven Maritgen Ijans dochter stom ende doef gheboren bit voer haer om gods villen Translation: This was written by Maritgen, daughter of Ijan, born mute and deaf; pray for her for God’s sake."
pu_25187,"Leiden, Universiteitsbibliotheek, Letterk. 604; Full manuscript",Netherlands,"Manuscript: Leiden, Universiteitsbibliotheek, Letterk. 604; Full manuscript | Country: Netherlands | City: s-Hertogenbosch | Region: North Brabant | Dating: 1531 | Century of production: 16 | Material: paper | Colophon language: Dutch (NL, DUTENG) | Extent: Full manuscript | Number of folios: 372 | Decoration presence: TRUE | Musical notation presence: FALSE | Monasteries: Ten Orten, the house of the Brothers and Sisters of the Common Life, ’s-Hertogenbosch, None, s-Hertogenbosch, Netherlands | Scribes: Conrad of Eberbach, Male (Male); Mary Groters, s-Hertogenbosch, Female (Female, Religious); Anonymous, TBC (TBC, Religious) | Texts copied: Conrad of Eberbach, Male, Book of the Illustrious Men of the Cistercian Order, Latin (LA, LAT) [Historical and Geographical Texts]; Anonymous, TBC, Office for St. Andrew [Religious Texts]","Original: Gescreve, int jaer ons heren M vc en XXXI des enderen dages geernt na des heiligen cruys verheffinge bidt om gods wil voer die scryffester een ave maria. Suster mary groters Translation: Written in the year of our Lord 1531 on the evening of the day after the exaltation of the Holy Cross. Pray for the scribe's soul, an Ave Maria. Sister Mary Groters."
pu_25188,"Leiden, Universiteitsbibliotheek, VOL 8; Full manuscript",France,"Manuscript: Leiden, Universiteitsbibliotheek, VOL 8; Full manuscript | Country: France | City: Limoges | Dating: 13th century | Century of production: 13 | Material: parchment | Colophon language: Latin (LA, LAT) | Extent: Full manuscript | Number of folios: 40 | Decoration presence: TRUE | Musical notation presence: FALSE | Scribes: Helene, Female (Female); Peter the Venerable, Male (Male) | Texts copied: Peter the Venerable, Male, On Miracles, Latin (LA, LAT) [Religious Texts]",Original: Hic liber est scriptus: qui scripserit Helene dictus. Translation: This book is written by: the one called Helene.
pu_25189,"Leipzig, Deutsches Buch- und Schriftmuseum
derDeutschen Bücherei, Klemm-Sammlung, Ms.Klemm-Sammlung I, 104; Full manuscript",Germany,"Manuscript: Leipzig, Deutsches Buch- und Schriftmuseum
derDeutschen Bücherei, Klemm-Sammlung, Ms.Klemm-Sammlung I, 104; Full manuscript | Country: Germany | City: Freiburg im Breisgau | Region: Baden-Württemberg | Dating: 1481 | Century of production: 15 | Material: parchment and paper | Colophon language: German (DE, GER) | Extent: Full manuscript | Number of folios: 270 | Decoration presence: TRUE | Musical notation presence: FALSE | Monasteries: Saint Clara, Poor Clares, Freiburg, Germany, 1272-
1782 | Scribes: Elisabeth von Kirchberg, Female (Female, Religious); Kunigund Niklasin, Nuremberg, Female (Female, Religious); Dietrich of Apolda, Male (Male); Anonymous, TBC (TBC, Religious) | Texts copied: Dietrich of Apolda, Male, Life of Saint Elisabeth, Latin (LA, LAT) [Religious Texts]; Anonymous, TBC, Collection of Texts on Saint Elisabeth [Religious Texts]","Original: Item In dem M cccc vnd lxxxj. ior wart geschriben vnd vsbereit dis büchli vor dem hochgezit Annunciacione marie von schwester Elysabeth schriberin [Randnachtrag: oder voͤgtin] der gedenckent durch gott Translation: Also in the year 1481 this booklet was written and prepared for the wedding of the Annunciation of Mary by Sister Elisabeth, scribe [margin note: or prioress], remembering through God"
pu_25193,"Leipzig, Universitätsbibliothek, Rep. II. 157b; Full manuscript",Unknown,"Manuscript: Leipzig, Universitätsbibliothek, Rep. II. 157b; Full manuscript | Dating: 1511 | Century of production: 16 | Material: paper | Colophon language: German (DE, GER) | Extent: Full manuscript | Number of folios: 176 | Musical notation presence: FALSE | Scribes: Ursula Heck, Female (Female); Ms. Leipzig, Universitätsbibliothek, Rep. II. 157b, Unidentified Hand 1, Female (Female); Katharina Ramstein, Female (Female)","Original: Von xpi gepurt 1511 jar han ich Ursula Heckin diss biechlin geschriben. Translation: “Since the birth of Christ, in the year 1511, I, Ursula Heckin, have written this little book."
pu_25194,"Linköping City Library, T 229; Full manuscript",Sweden,"Manuscript: Linköping City Library, T 229; Full manuscript | Country: Sweden | City: Vadstena | Dating: 1517 | Century of production: 16 | Material: parchment | Colophon language: Swedish (SV, SWE) | Extent: Full manuscript | Number of folios: 37 | Musical notation presence: FALSE | Monasteries: Vadstena Abbey, Bridgettine, Vadstena, Sweden, 1346-
1595 | Scribes: Katarina Gudmundsdotter (Gudmundi), Vadstena, Female (Female, Religious)","Original: Thässen bok aer skriffuet uppå thz perman som systr birgitta iohannis gudmundi aategudh alzwallogher the siälena miskwnne bidhin kära systra för henne oc glömen ey mik sum skreff oc wrt thenna bok lyktat oppa sancte michaells affton anno domino MDXVII gudh till hedher oc edher almaent oppa badha chora till hugnat. Translation: This book is written on the parchment owned by Sister Birgitta Johannis Gudhmundi. May God, all-merciful, have mercy on her soul. Dear sisters, pray for her and do not forget me, who wrote this book, which was completed on the eve of Saint Michael, in the year of our Lord 1517, to the honor of God and for the spiritual benefit of you all, both in the choir and beyond."
pu_25195,"Lisbon, Biblioteca Nacional de Portugal, LC 117; Full manuscript",Portugal,"Manuscript: Lisbon, Biblioteca Nacional de Portugal, LC 117; Full manuscript | Country: Portugal | City: Lisbon | Region: Estremadura | Dating: c. 1539 -1561 | Century of production: 16 | Material: parchment | Colophon language: Portuguese} (PT, POR) | Extent: Full manuscript | Number of folios: 72 | Decoration presence: TRUE | Musical notation presence: TRUE | Monasteries: Convent of Anunciada in Lisbon, Dominican, Lisbon, Portugal | Scribes: Soror Antónia, Lisbon, Female (Female, Religious); Anonymous, TBC (TBC, Religious) | Texts copied: Anonymous, TBC, Antiphonary [Religious Texts]","Original: Este livro he do moesteiro de nossa sñra da anunciada de Lixboa e mãdou fazer a Madre dona britiz de meneses segũda p[ri]oressa e p[ri]meira deste moesteiro foi scripto he acabado no ano de < > por soror antonia indi[g]na serva das servas de deus Translation: This book belongs to the monastery of Our Lady of the Annunciation of Lisbon and was commissioned by Mother Dona Britiz de Meneses, second prioress and first of this monastery. It was written and completed in the year of < > by Sister Antonia Indi[g]na, servant of the servants of God."
pu_25196,"Lisbon, Biblioteca Nacional de Portugal, LC 123; Full manuscript",Portugal,"Manuscript: Lisbon, Biblioteca Nacional de Portugal, LC 123; Full manuscript | Country: Portugal | City: Lisbon | Region: Estremadura | Dating: 1550 | Century of production: 16 | Material: parchment | Colophon language: Portuguese} (PT, POR) | Extent: Full manuscript | Number of folios: 177 | Decoration presence: TRUE | Musical notation presence: TRUE | Monasteries: Convent of Anunciada in Lisbon, Dominican, Lisbon, Portugal | Scribes: Soror Antónia, Lisbon, Female (Female, Religious); Anonymous, TBC (TBC, Religious) | Texts copied: Anonymous, TBC, Diurnal [Religious Texts]; Anonymous, TBC, Hymnal [Religious Texts]","Original: Este livro he do moisteiro de nossa senhora da nũncida de Lisboa. Mãdou escrever A Madre dona britiz de meneses segũda priuresa E_p[r]imey[ra] deste moistey[ro] foi acabado na era de. M. [et] b [et] l p. Soror antonia escrava das servas de deus Translation: This book belongs to the monastery of Our Lady of the Annunciation of Lisbon. It was commissioned by Mother Dona Britiz de Meneses, second prioress and first of this monastery, and was completed in the year of M. [and] B. [and] L. p. Sister Antonia, servant of the servants of God. ... it was finished in the year 1550 by sister Antónia, slave of the Lord's servants?"
pu_25199,"Lisbon, Biblioteca Nacional de Portugal, LC 133; Full manuscript",Portugal,"Manuscript: Lisbon, Biblioteca Nacional de Portugal, LC 133; Full manuscript | Country: Portugal | City: Lisbon | Region: Estremadura | Dating: 1551 | Century of production: 16 | Material: parchment | Colophon language: Portuguese} (PT, POR) | Extent: Full manuscript | Number of folios: 105 | Decoration presence: TRUE | Musical notation presence: TRUE | Monasteries: Convent of Anunciada in Lisbon, Dominican, Lisbon, Portugal | Scribes: Soror Antónia, Lisbon, Female (Female, Religious); Anonymous, TBC (TBC, Religious) | Texts copied: Anonymous, TBC, Proper Offices of Saints (July–August) [Religious Texts]","Original: Este livro he do moisteiro de nossa senhora da anunciada mandou escrever a madre dona britiz de menezes segũda p[ri]oreza e p[ri]meira deste moisteiro a honra e louvor do Senhor foi acabado nesta era de mil e b lj p. Soror antonia indigna serva do Senhor mandou encadernar ho muito v[ir]tuoso bastiã dias Translation: This book belongs to the monastery of Our Lady of the Annunciation. It was commissioned by Mother Dona Britiz de Menezes, second prioress and first of this monastery, for the honor and praise of the Lord. It was completed in the era of 1500 and something. Sister Antonia, unworthy servant of the Lord, ordered it to be bound by the very virtuous Bastiã Dias."
pu_25203,"London, British Library, Add. 11847; Full manuscript",Germany,"Manuscript: London, British Library, Add. 11847; Full manuscript | Country: Germany | Region: Thuringia | Dating: 4th quarter of the 12th century-1st quarter of the 13th century | Century of production: 13, 12 | Material: parchment | Colophon language: German (DE, GER) | Extent: Full manuscript | Number of folios: 186 | Musical notation presence: FALSE | Scribes: Anonymous, TBC (TBC, Religious); Alheide, Thuringia, Female (Female) | Texts copied: Anonymous, TBC, Psalter [Religious Texts]","Original: Hie niemet diz ende nv lobe dines lieben kindes Alheide hende. Translation: Here we come to an end, so commend the hands of you dear child Alheide."
pu_25204,"London, British Library, Add. 15103; Full manuscript",Germany,"Manuscript: London, British Library, Add. 15103; Full manuscript | Country: Germany | City: Mödingen | Region: Bavaria | Dating: 1488 | Century of production: 15 | Material: parchment and paper | Colophon language: German (DE, GER) | Extent: Full manuscript | Number of folios: 228 | Monasteries: Maria Medingen, Dominican, Mödingen, Germany, 1246-
1542 | Scribes: Martha Felderin, Mödingen, Female (Female, Religious); Anonymous, TBC (TBC, Religious) | Texts copied: Anonymous, TBC, Homilies [Religious Texts]; Anonymous, TBC, Lives of the Saints [Religious Texts]","Original: Item Das buch Jst usz geschriben worden an der octa[vo] omnium Sanctorum do man zalt Nach unsers lieben herren geburt Mcccco und Jn dem lxxxviij Jar vnd hat es geschriben Schwester Martha felderin zu nutz gem gotz husz zu Madlingen bregier orden. Translation: Also, this book was written on the octave of All Saints, in the year 1488 after the birth of our dear Lord. And it was written by Sister Martha Felderin for the benefit of God's house in Madlingen, Brigittine order."
pu_25207,"London, British Library, Add. 16950; Full manuscript",Germany,"Manuscript: London, British Library, Add. 16950; Full manuscript | Country: Germany | City: Seligenthal or Regensburg? | Region: South | Dating: 1260 | Century of production: 13 | Material: parchment | Colophon language: Latin (LA, LAT) | Extent: Full manuscript | Number of folios: 279 | Decoration presence: TRUE | Musical notation presence: TRUE | Scribes: Elysabeth, Seligenthal or Regensburg, Female (Female, Religious); Anonymous, TBC (TBC, Religious) | Texts copied: Anonymous, TBC, Gradual [Religious Texts]","Original: Finito libro laus sit Christo. Orate pro scriba que scripsit hunc librum. Nomen eius Elysabeth Translation: Finished the book, praise be to Christ. Pray for the scribe who wrote this book. Her name is Elizabeth."
pu_25209,"London, British Library, Add. 1847; Full manuscript",Unknown,"Manuscript: London, British Library, Add. 1847; Full manuscript | Extent: Full manuscript | Scribes: Elisabetha Hyttlen, Female (Female); Elisabetha, Female (Female)","Original: p. 329: Finito libro laus sit xpo. Orate pro scriba que scripsit hunc librum nomen eius Elizabeth. 1260 Bey erster frau abbatissin Agnes graddin Preyssing dis grosse ambt buech geschriben worden von kloster frau Elizabetha. 1462 Hat auch eine closter frau Elisabetha Hyttlen das Gradual Buech verfertiget war 35 jahr cantorin. Translation: “With the book finished, praise be to Christ. Pray for the scribe who wrote this book; her name is Elizabeth. In 1260, under the first abbess, Agnes Graddin von Preyssing, this great office book was written by the nun Elizabeth. In 1462, another nun, Elizabeth Hyttlen, also completed the Gradual Book. She served as cantor for 35 years.”"
pu_25213,"London, British Library, Add. 21984; Full manuscript",Italy,"Manuscript: London, British Library, Add. 21984; Full manuscript | Country: Italy | City: Milan? | Region: Lombardy | Dating: 8 July 1458 | Century of production: 15 | Material: paper | Colophon language: Latin (LA, LAT) | Extent: Full manuscript | Number of folios: 74 | Decoration presence: TRUE | Musical notation presence: FALSE | Scribes: Ippolita Maria Visconti Sforza, Milan, Female (Female, Secular); Cicero, Male (Male) | Texts copied: Cicero, Male, On Old Age, Latin (LA, LAT) [Philosophical, and Scholarly Texts]","Original: Ego Hippolyta Maria Vicecomes filia Ill[ustrissi]mi principis Francisci Sforciae ducis Mediolani exscripsi mea manu hunc libellum sub tempus pueritiae meae et sub Baldo praeceptore anno a natali christiano MCCCCLVIII octavo idus iulias Translation: I, Ippolita Maria Visconti, daughter of the most illustrious prince Francesco Sforza, Duke of Milan, wrote this little book in my hand around the time of my childhood and under my tutor Baldo, 8 July 1458"
pu_25215,"London, British Library, Add. 22562; Full manuscript",Netherlands,"Manuscript: London, British Library, Add. 22562; Full manuscript | Country: Netherlands | City: Gouda | Region: South Holland | Dating: 1449 | Century of production: 15 | Material: parchment | Colophon language: Latin (LA, LAT) | Extent: Full manuscript | Number of folios: 158 | Musical notation presence: FALSE | Monasteries: Canonesses Regular of St. Margaret, Gouda, Augustinian, Gouda, Netherlands | Scribes: Aef Dircsdr, Gouda, Female (Female, Religious); Geza Yzenoudi, Gouda, Female (Female); Anonymous, TBC (TBC, Religious) | Texts copied: Anonymous, TBC, Vitae patrum [Religious Texts]","Original: Expliciunt Deo laus omnipotenti-quinque libri de vita et conuersatione sanctorum patrum scripti per manus sororum Aue Trici et Gheeze Ysenoudi in festiuis diebus suis consororibus dilectis in memoriam earum. Finiti anno domini MoCCCCo XLIXo in festo decollationis sancti Johannis Baptiste ante summam missam. Et habebat ad hoc pergamenum sibi ex caritate prouisum de venerabili presbitero domino nycolao Wyt tunc temporis earundem patre spirituali et sibi ipsius spirtualiter ac in domino sat reuerenter dilectio... Translation: Here ends. To God be praise Almighty – the five books about the life and conduct of the holy fathers, written by the hands of sisters Aue Trici and Gheeze Ysenoudi, on their feast days, for their beloved fellow sisters, in their memory. Finished in the year of our Lord 1449, on the feast of the beheading of Saint John the Baptist before High Mass. And for this purpose, she had parchment provided for her out of charity by the venerable priest Lord Nicholas Wyt, at that time their spiritual father and, with great reverence, her spiritual father in the Lord..."
pu_25216,"London, British Library, Add. 25904; Full manuscript",Netherlands,"Manuscript: London, British Library, Add. 25904; Full manuscript | Country: Netherlands | City: Nijmegen | Region: Gelderland | Dating: 1530 | Century of production: 16 | Material: parchment and paper | Colophon language: Dutch (NL, DUTENG) | Extent: Full manuscript | Number of folios: 211 | Musical notation presence: FALSE | Monasteries: Franciscan tertiaries of Hessenberg in Nijmegen, Franciscan, Nijmegen, Netherlands | Scribes: Ms. London, British Library, Add. 25904, Unidentified Hand 1, Female (Female, Religious); Foels Hoeymans, Nijmegen, Female (Female); Anonymous, TBC (TBC, Religious) | Texts copied: Anonymous, TBC, Prayer Book [Religious Texts]","Original: Item diit boeck is volscreven int jaer ons heren vijftien hondert ende xxx ende heeft geeynt op sante antonys avont ende heeft gescreven suster foelsken hoeymans diet uut mynnen om gods wil int sieck huys gescreven heeft in hoeren enen tachtichsten jaren een Ave maria uut mynnen om gods wil. Translation: Also, this book was fully written in the year of our Lord fifteen hundred and thirty, and was completed on the eve of Saint Anthony, and it was written by Sister Foelsken Hoeymans, who wrote it out of love for God, in the infirmary, in her eighty-first year. An Ave Maria out of love for God."
pu_25217,"London, British Library, Egerton 675; Full manuscript",Netherlands,"Manuscript: London, British Library, Egerton 675; Full manuscript | Country: Netherlands | City: Delft | Region: South Holland | Dating: 1461 | Century of production: 15 | Material: paper | Colophon language: Dutch (NL, DUTENG) | Extent: Full manuscript | Number of folios: 205 | Musical notation presence: FALSE | Scribes: Machteld Gerijtsdochter, Delft, Female (Female, Religious); Anonymous, TBC (TBC, Religious) | Texts copied: Anonymous, TBC, Sermons [Religious Texts]","Original: Dit booc heeft gescreven suster Machtelt Gherijts dochter tot eenre memorie ende ic bidde u om gods willen dat ghi voer mi wilt lesen een ave maria ende als ic doot ben een ave maria mit requiem, Dit booc is gescreven int iaer ons heren MCCCC ende lxi op sinte leonaerdus dach gheeyndet Translation: This book was written in the year of Our Lord 1461, completed on the feast day of Saint Leonard., This book was written by Sister Machtelt, daughter of Gherijt, as a memorial; and I beg you, for God’s sake, that you will read an Ave Maria for me, and when I am dead, an Ave Maria with a Requiem."
pu_22460,"London, British Library, Harley 2975; Full manuscript",Germany,"Manuscript: London, British Library, Harley 2975; Full manuscript | Country: Germany | Region: Northern | Dating: 2nd half of the 15th century | Century of production: 15 | Material: parchment and paper | Colophon language: Latin (LA, LAT) | Extent: Full manuscript | Number of folios: 243 | Decoration presence: TRUE | Musical notation presence: FALSE | Scribes: Soror Modesta, Germany, Female (Female, Religious); Ms. London Harley 2975 Unidentified hand A, London, British Library, Female (Female); Anonymous, TBC (TBC, Religious) | Texts copied: Anonymous, TBC, Breviary [Religious Texts]",Original: Soror Modesta me scripsit Deo gracias. Translation: Sister Modesta wrote me. Thanks be to God.
pu_25218,"London, British Library, Harley 3099; Full manuscript",Belgium,"Manuscript: London, British Library, Harley 3099; Full manuscript | Country: Belgium | City: Munsterbilzen | Region: Limburg | Dating: c 1130-1174 | Century of production: 12 | Material: parchment | Colophon language: Latin (LA, LAT) | Extent: Full manuscript | Number of folios: 168 | Decoration presence: TRUE | Musical notation presence: FALSE | Scribes: Sibilia, Munsterbilzen, Female (Female); Lugart, Munsterbilzen, Female (Female); Walderat, Munsterbilzen, Female (Female, Religious); Derta (or Ota), Munsterbilzen, Female (Female); Hadewic, Munsterbilzen, Female (Female); Gerdrut, Munsterbilzen, Female (Female); Dierwic, Munsterbilzen, Female (Female); Kunigund, Munsterbilzen, Female (Female)","Original: Hec sunt nomina illarum quae scripserunt librum istum. / Gerdrut. Sibilia. Dierwic. Walderat. Hadewic. / Lugart. Derta (or Ota). Cunigunt. Ipse namque scripserunt mo/nasteriensibus dominis quatinus deum pro eis rogent ut a pe/nis eas liberet & in paradyso collocet. Quisquis eis ab/stulerit anatematizatus sit' Translation: These are the names of those who wrote this book: Gerdrut, Sibilia, Dierwic, Walderat, Hadewic, Lugart, Derta (or Ota), Cunigunt. They wrote it for the lords of the monastery so that they may pray to God for them to be liberated from punishment and placed in paradise. Whoever takes it away from them shall be cursed."
pu_25221,"London, Lambeth Palace Library, Ms. 546; Full manuscript",England,"Manuscript: London, Lambeth Palace Library, Ms. 546; Full manuscript | Country: England | City: Isleworth | Region: Middlesex | Colophon language: English (EN, ENG) | Extent: Full manuscript | Monasteries: Syon abbey, Bridgettine, Isleworth, United Kingdom, 1414-
1539 | Scribes: Ms. London Ms.546 Unidentified nun-scribe A, Syon, Female (Female, Religious)","Original: f.55r: Good Syster of your charyte I you pray remember the scrybeler when that ye may wit/i on aue maria or els thys swete word ihesu have marcy on my wreched syster whose name by the marcy of god rj trust""1 shall be wrytyn In the boke of lyfe Good deuote Syster I pray you to lerne thys lesson well of your master our sauyour cryst ihesu that sayth lerne of me for I am mylde and meke in hart and pray for me that I may do and haue the same Translation: ""f.55r: Good sister, in your charity, I pray you to remember the scribe when you may, with an Ave Maria or else this sweet word: 'Jhesu, have mercy on my wretched sister, whose name, by the mercy of God, I trust shall be written in the book of life.' Good devout sister, I pray you to learn this lesson well from your master, our Savior Christ Jhesu, who says, 'Learn of me, for I am mild and meek in heart,' and pray for me that I may do and have the same."""
pu_25224,"London, Victoria and Albert Museum, National Art Libr., MSL/1886/2629; Full manuscript",Germany,"Manuscript: London, Victoria and Albert Museum, National Art Libr., MSL/1886/2629; Full manuscript | Country: Germany | City: Medingen | Dating: Second hald of the 15th century | Century of production: 15 | Material: parchment | Colophon language: Latin (LA, LAT) | Extent: Full manuscript | Number of folios: 102 | Decoration presence: TRUE | Musical notation presence: FALSE | Monasteries: Maria Medingen, Dominican, Mödingen, Germany, 1246-
1542 | Scribes: Barbara Vischkule, Female (Female); Anonymous, TBC (TBC, Religious) | Texts copied: Anonymous, TBC, Prayer Book [Religious Texts]",Original: famula tua Barbara vis[kule] Translation: Your handmaid Barbara Vischkule
pu_25226,"Lübeck, Stadtbibliothek, Ms. theol. lat. 2° 33; Full manuscript",Germany,"Manuscript: Lübeck, Stadtbibliothek, Ms. theol. lat. 2° 33; Full manuscript | Country: Germany | City: Lübeck | Dating: 1522 | Century of production: 16 | Material: parchment | Colophon language: Latin (LA, LAT) | Extent: Full manuscript | Number of folios: 306 | Decoration presence: TRUE | Musical notation presence: TRUE | Monasteries: St. Anne's Priory, Augustinian, Lübeck, Germany, 1502-
1532 | Scribes: Magdalena Buxtehude, Lübeck, Female (Female, Religious); Anonymous, TBC (TBC, Religious) | Texts copied: Anonymous, TBC, Antiphonary [Religious Texts]","Original: Cum ageretur a partu virginis annus vicesimus secundus post mille quingentos scripsit librum hunc soror Magdalena Buxtehuden hic regulari professione Christo dicata. Sumptus provenere ex diversis fidelium elemosinis. Exoretur deus pro omnibus qui manus hoc porrexere adiutrices. Translation: When the 22nd year after the birth of the Virgin’s Son was being counted (i.e., in the year 1522), this book was written by Sister Magdalena Buxtehuden, here consecrated to Christ by religious profession. The costs were covered by various offerings from the faithful. May God be entreated on behalf of all who extended helping hands in this work."
pu_25227,"Lübeck, Stadtbibliothek, Ms. theol. lat. 2° 34; Full manuscript",Germany,"Manuscript: Lübeck, Stadtbibliothek, Ms. theol. lat. 2° 34; Full manuscript | Country: Germany | City: Lübeck | Dating: 1520 | Century of production: 16 | Material: parchment | Colophon language: Latin (LA, LAT) | Extent: Full manuscript | Number of folios: 208 | Decoration presence: TRUE | Musical notation presence: TRUE | Monasteries: St. Anne's Priory, Augustinian, Lübeck, Germany, 1502-
1532 | Scribes: Magdalena Buxtehude, Lübeck, Female (Female, Religious); Anonymous, TBC (TBC, Religious) | Texts copied: Anonymous, TBC, Antiphonary [Religious Texts]",Original: Anno verbi incarnati supra millesimum quingentesimum vicesimo donatus est liber hic monasterio beatissime Anne ex pia largitione honesti viri et civis Lubicani cui nomen Hans Grothe
pu_25228,"Lucerne, Provincial Archives of the Swiss Capuchins, PAL B1; Full manuscript",Germany,"Manuscript: Lucerne, Provincial Archives of the Swiss Capuchins, PAL B1; Full manuscript | Country: Germany | Region: Bavaria | Dating: 1337 | Century of production: 14 | Material: parchment | Colophon language: German (DE, GER) | Extent: Full manuscript | Number of folios: 175 | Decoration presence: TRUE | Scribes: Elisabeth of Amberk, Female (Female); Bonaventure of Bagnoregio, Male (Male); Katerina of Burghausen, Female (Female) | Texts copied: Bonaventure of Bagnoregio, Male, Major Legend of Saint Francis, Latin (LA, LAT) [Religious Texts]","Original: Hie ist volendet di legend von sand Franciscen. Die hat geschriben Elspet von Amberk in dem iar, do man zalt von Christes geburt tausent und driͦu hundert unn in dem xxxvii iar. So hat Katerina von Purchhausen geschriben di legend von sancto Antonio unn diu was in dem lxvii iar alt, da si di legend schreip. Unn di legend wurden peid geschriben unn erleuht unn vol praht nah sand Bartholomeus des naehtes tages. Swer di legend les, der pit got fur si, unn ůch fur di, di daz permeid unn daz pinten habent verrihte, daz uns got allen helfe zu den erlichen scharen des lieben herren sand Franciscen unn der werden fr owen sand Chlaren. Amen. Translation: Here is completed the legend of Saint Francis. It was written by Elspet of Amberg in the year when one counted from Christ’s birth one thousand three hundred and in the thirty-seventh year [i.e. 1337]. And Katerina of Burghausen wrote the legend of Saint Anthony, and she was sixty-seven years old when she wrote the legend. And the legends were both written and illuminated and fully completed on the day after the feast of Saint Bartholomew. Whoever reads the legends, let him pray to God for them, and also for those who carried out the parchment-making and the binding, that God may help us all to the honourable company of the beloved lord Saint Francis and the worthy lady Saint Clare. Amen."
pu_25229,"Lucerne, Provincial Archives of the Swiss Capuchins, PAL L; Full manuscript",Switzerland,"Manuscript: Lucerne, Provincial Archives of the Swiss Capuchins, PAL L; Full manuscript | Country: Switzerland | City: Diessenhofen | Region: Thurgau | Dating: 1337-1337 | Century of production: 14 | Material: parchment | Extent: Full manuscript | Number of folios: 175 | Scribes: Bonaventure of Bagnoregio, Male (Male); Elisabeth von Amberg, Diessenhofen, Female (Female); Katherina von Purchausen, Diessenhofen, Female (Female) | Texts copied: Bonaventure of Bagnoregio, Male, Major Legend of Saint Francis, Latin (LA, LAT) [Religious Texts]","Original: (f.126r) Hie ist volendet di legend von sand Franciscen. Die hat geschriben Elspet von Amberk in den iar, do man zalt von Chistes geburt tausent und driuhundert und in dem xxxvij iar. So hat Katerina von Purchhausen geschriben di legend von sancto Antonio. Und diu was in den lxvij iar alt, da si di legend schreip. Und di legend wurden peid geschriben vnd erleuht und volpraht nah sand Bartholomeus des na’htes tages. Swer di legend les, der pit got fur si, und fur [durchgestrichen] vᵒch fur di, di daz permeid und daz pinten habent verrihte, daz uns Got allen helfe zu den erlichen scharen des lieben herren sand Franciscen und der werden frowen sand Chlaren. Amen. Translation: (f.126r) Here ends the legend of Saint Francis. This was written by Elspet von Amberk in the year counted from Christ's birth as one thousand three hundred and thirty-seven. Then Katerina von Purchhausen wrote the legend of Saint Anthony. She was sixty-seven years old when she wrote the legend. The legends were completed, illuminated, and perfected after Saint Bartholomew's day at night. Whoever reads the legend, pray to God for her, and for [crossed out] also for those who have sponsored and arranged it, may God help us all to the honorable company of the beloved Saint Francis and the venerable lady Saint Clare. Amen."
pu_25230,"Luik, Gent, Universiteitsbibliotheek, 2328; Full manuscript",Belgium,"Manuscript: Luik, Gent, Universiteitsbibliotheek, 2328; Full manuscript | Country: Belgium | City: Maaseik | Region: Flemish Region | Dating: 1504 | Century of production: 16 | Colophon language: Dutch (NL, DUTENG) | Extent: Full manuscript | Scribes: Magdalena Moys de Colonia, Maaseik, Female (Female); Johanna Moys de Ruremunda, Maaseik, Female (Female)","Original: f.301v = tweede schutblad achterin verso: “Suster Johanna moys de ruremunda Des selichen meyster Joahn moys van breda doctoer dochter Geeynt Int Jaer ons heren MV[c] ende iiii in die maent Marcius Mit ons selfss hand Deo gracias semper”  f.301v = tweede schutblad achterin verso (doorgestreept): “Magdalena moys de colonia, Des selichen meyster Johan moys van breda doctoer dochter” Translation: ""f.301v = second endpaper at the back, verso: ""Sister Johanna Moys from Roermond, daughter of the blessed Master Johan Moys from Breda, doctor. Completed in the year of our Lord 1504, in the month of March. With our own hand. Thanks be to God forever.""  f.301v = second endpaper at the back, verso (crossed out): ""Magdalena Moys from Cologne, daughter of the blessed Master Johan Moys from Breda, doctor's daughter."""""
pu_25232,"Mainz, Stadtbibliothek, Hs. II 16; Full manuscript",Germany,"Manuscript: Mainz, Stadtbibliothek, Hs. II 16; Full manuscript | Country: Germany | Dating: 1491 | Century of production: 15 | Material: paper | Colophon language: German (DE, GER), Latin (LA, LAT) | Extent: Full manuscript | Number of folios: 258 | Decoration presence: TRUE | Musical notation presence: FALSE | Monasteries: St. Agnes Monastery, Mainz, Cistercian, Mainz, Germany | Scribes: Margaretha Alden, Female (Female)","Original: Tibi laus, tibi gloria, tibi gratiarum actio in secula sempiterrna, o beata trinitas. Anno domini CCCC° M° XCI ist geschreben diß buche von eyner closter juffrauwen, genant suster Maria Alden, under der regerungen der wirdigen frauwen frauwe Magdalena Kůchen Eptissen des Junffrauwen closters zu sant Agnesen, in welches closter auch diß buch gehort. Translation: To you be praise, to you be glory, to you thanksgiving forever and ever, O Blessed Trinity. In the year of the Lord 1491 this book was written by a convent maiden, named Sister Maria Alden, under the governance of the worthy lady, Lady Magdalena Küchen, abbess of the convent of virgins of Saint Agnes, to which convent this book also belongs."
pu_25765,"Milan, Biblioteca Ambrosiana, 11 (587); Full manuscript",Unknown,"Manuscript: Milan, Biblioteca Ambrosiana, 11 (587); Full manuscript | Extent: Full manuscript | Scribes: Catherine of Bologna, Female (Female, Religious)",Original: Scritto di sua mano della B. Catharina da Bologna Translation: Written in her own hand by Blessed Catherine of Bologna.
pu_25243,"Milan, Biblioteca Nazionale Braidense, AF.IX.68; Full manuscript",Italy,"Manuscript: Milan, Biblioteca Nazionale Braidense, AF.IX.68; Full manuscript | Country: Italy | Region: Northern Italy | Dating: 1426-1475 | Century of production: 15 | Material: paper | Colophon language: Latin (LA, LAT) | Extent: Full manuscript | Number of folios: 114 | Scribes: Comitisa, Italy, Female (Female)","Original: f.112r: Finito libro laus sit gloria Christo. Hunc Comitisa virens annis teneraque inventa / transcripsit librum Matre favente Dei. Vivida quam virtus radiat celerisque propago / exornatque decor atque pudicitia. Translation: “With the book finished, let praise and glory be to Christ. This book was transcribed by a young countess, blooming in years and tender of age, with the favor of the Mother of God. Lively virtue shines in her, swift descent adorns her, as do grace and modesty.”"
pu_25244,"Milan, Biblioteca Nazionale Braidense, Gerli 60; Full manuscript",Netherlands,"Manuscript: Milan, Biblioteca Nazionale Braidense, Gerli 60; Full manuscript | Country: Netherlands | City: Arnhem | Region: Veluwe | Dating: 1452-1452 octobre | Century of production: 15 | Material: parchment | Colophon language: Latin (LA, LAT) | Extent: Full manuscript | Number of folios: 326 | Decoration presence: TRUE | Musical notation presence: FALSE | Scribes: Anonymous, TBC (TBC, Religious); Margariet Block, Arnhem, Female (Female) | Texts copied: Anonymous, TBC, Breviary [Religious Texts]","Original: Iste liber scriptus est per manus sororis Margarete Blocs quae ipsum finivit circa festum Gereonis, Victoris et aliorum martirum anno Domini M CCCC L II. Oretis pro ea propter Deum. Translation: This book was written by the hand of Sister Margarete Blocs, who completed it around the feast of Gereon, Victor, and the other martyrs, in the year of our Lord 1452. Pray for her, for the sake of God."
pu_25249,"Moscow, Russian State Library, Hss.-Abtl. Fonds 68, Nr. 446; f. 1-74",France,"Manuscript: Moscow, Russian State Library, Hss.-Abtl. Fonds 68, Nr. 446; f. 1-74 | Country: France | City: Strasbourg | Dating: 1477 | Century of production: 15 | Material: paper | Colophon language: German (DE, GER) | Extent: f. 1-74 | Number of folios: 74 | Decoration presence: TRUE | Musical notation presence: FALSE | Monasteries: Convent of St. Magdalene in Strasbourg, Strasbourg, France | Scribes: Katharina Ingolt, Strasbourg, Female (Female); Anonymous, TBC (TBC, Religious) | Texts copied: Anonymous, TBC, Legend of Saint Catherine of Alexandria [Religious Texts]; Anonymous, TBC, Life of Saint Barbara [Religious Texts]","Original: Es ist zů wissen, alle, die disse legende lesen oder hoerent lesen mit gůter andacht, die werdent gelöset von allem betrupnisz, angesten und noten libes und selen. Und wart volbrocht an sant Lucas oben anno MCCCC LXXVII [1477 X 17] jor durch die hende soror Katerin Ingoltin. Translation: It is to be known that all who read this legend, or hear it read, with good devotion, shall be freed from all sorrow, fear, and distress of body and soul. And it was completed on Saint Luke’s Day in the year 1477, through the hands of Sister Katerin Ingoltin"
pu_33130,"Munich, Bayerische Staatsbibliothek, Cgm 230; f. 111-194",Germany,"Manuscript: Munich, Bayerische Staatsbibliothek, Cgm 230; f. 111-194 | Country: Germany | City: Kühbach | Dating: 1548 | Century of production: 16 | Material: paper | Colophon language: German (DE, GER), Latin (LA, LAT) | Extent: f. 111-194 | Number of folios: 83 | Decoration presence: TRUE | Musical notation presence: FALSE | Monasteries: Kühbach monastery, Benedictine | Scribes: Felicitas Pissinger, Female (Female)","Original: Explicit per me sorores (!) Felicitas Pissingerin 1548jar in die Gregoriipape (= 12. März). Translation: Completed by me, Sister Felicitas Pissingerin, in the year 1548, on the feast day of St. Gregory the Pope (March 12th)"
pu_25255,"Munich, Bayerische Staatsbibliothek, Cgm 4274; Full manuscript",Germany,"Manuscript: Munich, Bayerische Staatsbibliothek, Cgm 4274; Full manuscript | Country: Germany | City: Altenhohenau | Dating: around or shortly after 1500 | Century of production: 15, 16 | Material: paper | Colophon language: German (DE, GER) | Extent: Full manuscript | Number of folios: 125 | Decoration presence: FALSE | Musical notation presence: FALSE | Monasteries: Altenhohenau, Dominican, Griesstätt, Germany, 1235-
1803 | Scribes: Margreth Mändlin, Female (Female, Religious); Bridget of Sweden, Female (Female); Bishop of Eichstätt, Male (Male); Birgitta of Sweden, Female (Female) | Texts copied: Birgitta of Sweden, Female, Bridget of Sweden, Female, Revelations, Latin (LA, LAT) [Literary Texts, Religious Texts]; Bishop of Eichstätt, Male, Report of the Bishop of Eichstätt on the General Chapter of the Bridgettine Order in Gnadenberg 1487, German (DE, GER) [Practical Genres]; Margreth Mändlin, Female, Letter, German (DE, GER) [Practical Genres]","Original: Fröer was ich s[wester] Mar[gret] Mandlin da ich schreib daz endt den den anfang Translation: Formerly, what I, Sister Margret Mandlin, wrote here: I wrote the end, then the beginning."
pu_25258,"Munich, Bayerische Staatsbibliothek, Cgm 4373; Full manuscript",Germany,"Manuscript: Munich, Bayerische Staatsbibliothek, Cgm 4373; Full manuscript | Country: Germany | City: Medingen | Region: Bavaria | Dating: 1529 | Century of production: 16 | Material: paper | Colophon language: German (DE, GER) | Extent: Full manuscript | Number of folios: 284 | Decoration presence: FALSE | Musical notation presence: FALSE | Monasteries: Maria Medingen, Dominican, Mödingen, Germany, 1246-
1542 | Scribes: Elisabeth Sighart, Nuremberg, Female (Female, Religious)",Original: Außgeschriben an unser kyrehwayug (!) am samstag von swester Elisabet Sighartin. Translation: Written out for our liturgical use (!) on Saturday by Sister Elisabeth Sighartin.
pu_25262,"Munich, Bayerische Staatsbibliothek, Cgm 4481; Full manuscript",Germany,"Manuscript: Munich, Bayerische Staatsbibliothek, Cgm 4481; Full manuscript | Country: Germany | City: Munich | Region: Bavaria | Dating: 1533 | Century of production: 16 | Material: paper | Colophon language: German (DE, GER) | Extent: Full manuscript | Number of folios: 274 | Decoration presence: TRUE | Monasteries: Pütrich convent, Franciscan, Munich, Germany | Scribes: Ms. Munich, Bayerische Staatsbibliothek, Cgm 4481, Unidentified Hand 1, Female (Female); Eufrosina Gartnerin, Munich, Female (Female, Religious); Anonymous, TBC (TBC, Religious) | Texts copied: Anonymous, TBC, Exegesis of the Psalms and Readings of the Little Office of the Blessed Virgin Mary, the Office of the Dead, and the Penitential Psalms [Religious Texts]","Original: Geschryben und vollem an sancztag vor sand Marya Madlena alls man czallt tausent fünfhun dert unnd im XXXIII jar (- 19. Juli). Das pyechel gehert swester Eufrosina Gärtnerin, pyt got für mich, das peger ich von herczen. Translation: Written and completed on Saturday before Saint Mary Magdalene, when one counted one thousand five hundred and thirty-three years. This little book belongs to Sister Eufrosina Gärtnerin; pray to God for me, this I desire from my heart."
pu_25269,"Munich, Bayerische Staatsbibliothek, Cgm 516; Full manuscript",Germany,"Manuscript: Munich, Bayerische Staatsbibliothek, Cgm 516; Full manuscript | Country: Germany | City: Altenhohenau | Region: Bavaria | Dating: 1459 | Century of production: 15 | Material: parchment and paper | Colophon language: German (DE, GER) | Extent: Full manuscript | Number of folios: 209 | Decoration presence: TRUE | Musical notation presence: FALSE | Monasteries: Altenhohenau, Dominican, Griesstätt, Germany, 1235-
1803 | Scribes: Anonymous, TBC (TBC, Religious); Barbara Geuderin (Gewderin), Female (Female, Religious) | Texts copied: Anonymous, TBC, Spiritual Marriage with Christ (Devout Soul) [Religious Texts]","Original: Item das puch ward außgeschriben am mitwoch vor sant Merteins tag (= 7. Nov.) als man £eit von Cristus gepurt M CCCC und in dem LIX iar und das hat geschriben die Barbra Gewderin alles mit iren henden. Got der helf ir ...atnen. Translation: Item: this book was written out on the Wednesday before St Martin’s Day (= 7 November), in the year since the birth of Christ (fol. 203vb) 1459, and this was written by Barbra Gewderin entirely with her own hands. May God help her … amen."
pu_25270,"Munich, Bayerische Staatsbibliothek, Cgm 518; Full manuscript",Germany,"Manuscript: Munich, Bayerische Staatsbibliothek, Cgm 518; Full manuscript | Country: Germany | City: Altenhohenau | Region: Bavaria | Dating: 1470 | Century of production: 15 | Material: paper | Colophon language: German (DE, GER) | Extent: Full manuscript | Number of folios: 256 | Musical notation presence: FALSE | Monasteries: Altenhohenau, Dominican, Griesstätt, Germany, 1235-
1803 | Scribes: Anna Zinerin, Female (Female, Religious); Anonymous, TBC (TBC, Religious) | Texts copied: Anonymous, TBC, Spiritual Marriage with Christ (Devout Soul) [Religious Texts]","Original: Item das puch ward außgeschriben an unßer lieben frawen abent nativitas (= 7. Sept.) als man %elt von Cristus gepurt M CCCC und in dem LXX iar und das hat geschriben swester Anna Zinerin alles mit iren henden. Got der helf ir ... amen. Translation: Item: this book was written out on the eve of the Nativity of Our Lady (= 7 September), in the year since the birth of Christ 1470, and this was written by Sister Anna Zinerin entirely with her own hands. May God help her … amen."
pu_25271,"Munich, Bayerische Staatsbibliothek, Cgm 5234; Full manuscript",Germany,"Manuscript: Munich, Bayerische Staatsbibliothek, Cgm 5234; Full manuscript | Country: Germany | City: Augsburg | Region: Bavaria | Dating: 1473 | Century of production: 15 | Material: paper | Extent: Full manuscript | Number of folios: 271 | Decoration presence: TRUE | Musical notation presence: FALSE | Monasteries: Saint Katharina (Saint Katharine), Dominican, Augsburg, Germany, 1230-
1802 | Scribes: Elisabeth Waraus, Augsburg, Female (Female, Religious)","Original: Liber Bartholomeus ich bekenn und waiss daz ir ain fraind seit gelerter lu""tt...so han ich... aus latein zu teuschtz pracht (229r)--SHE TRANSLATED!; COLOPHON (241r): Siech und schweig, hör und leid, Sich und schweig, hoer und leid ... so bistu güt. Scriptum et finitum per me sororem Elisabeth Warrüßin professe in cenobio sante Katherine ordinis predicatorum anno clomini M°CCCC°LXXIII in vigilia sanctorum Fabiani et Sebastiani martirum (=19. Jan.). Sit laus deo, 1473.01.19, 1473 (Initium for the treatise is ""siech und schwieg..."") Translation: Translation Note (f.229r): “Book of Bartholomew: I acknowledge and know that you are a friend, a learned person… so I have translated it from Latin into German.”  Colophon (f.241r):  “See and be silent, listen and endure. See and be silent, listen and endure… and thus you will be good.” (This is also the incipit of the treatise: “siech und schwieg…”)  “Written and completed by me, Sister Elisabeth Warrüßin, professed in the convent of Saint Katherine of the Order of Preachers, in the year of our Lord 1473, on the vigil of Saints Fabian and Sebastian, martyrs (i.e. January 19).”  “Praise be to God.”"
pu_22845,"Munich, Bayerische Staatsbibliothek, Cgm 5235; Full manuscript",Germany,"Manuscript: Munich, Bayerische Staatsbibliothek, Cgm 5235; Full manuscript | Country: Germany | City: Cologne | Region: North Rhine-Westphalia | Dating: 1376-1400 | Century of production: 14 | Material: parchment | Extent: Full manuscript | Number of folios: 195 | Scribes: Lysa, Cologne, Female (Female)",Original: f.157rb: Lysa Translation: f.157rb: Lysa
pu_25272,"Munich, Bayerische Staatsbibliothek, Cgm 5244; Full manuscript",Germany,"Manuscript: Munich, Bayerische Staatsbibliothek, Cgm 5244; Full manuscript | Country: Germany | Region: Bavaria | Dating: second half of the 15th century | Century of production: 15 | Material: parchment | Colophon language: German (DE, GER) | Extent: Full manuscript | Number of folios: 110 | Decoration presence: TRUE | Musical notation presence: TRUE | Monasteries: Altenhohenau, Dominican, Griesstätt, Germany, 1235-
1803, Saint Katharina, Dominican, Nuremberg, Germany, 1295 | Scribes: Anonymous, TBC (TBC, Religious); Schreiberin, Altenmünster, Female (Female) | Texts copied: Anonymous, TBC, Ritual [Religious Texts]",Original: Gedenckt der schreiberin mit einem salve regina. Translation: Remember the woman scribe with a Salve Regina.
pu_22181,"Munich, Bayerische Staatsbibliothek, Cgm 5292; Full manuscript",Germany,"Manuscript: Munich, Bayerische Staatsbibliothek, Cgm 5292; Full manuscript | Country: Germany | City: Inzigkofen | Region: Baden-Württemberg | Dating: 1448-1448 | Century of production: 15 | Material: paper | Extent: Full manuscript | Number of folios: 216 | Scribes: Anna Jäckin, Inzigkofen, Female (Female); Christina Ebner, Female (Female, Religious); Gertrud of Helfta, Female (Female) | Texts copied: Christina Ebner, Female, Life and Revelations, German (DE, GER) [Literary Texts]; Gertrud of Helfta, Female, A Messenger of Divine Gentleness, Latin (LA, LAT) [Literary Texts]","Original: 211r: Anna Jäckin, prioress of the Augustinian choir women's monastery in Inzigkofen Translation: 211r: Anna Jäckin, prioress of the Augustinian choir women's monastery in Inzigkofen"
pu_22241,"Munich, Bayerische Staatsbibliothek, Cgm 65; Full manuscript",Germany,"Manuscript: Munich, Bayerische Staatsbibliothek, Cgm 65; Full manuscript | Country: Germany | City: Nuremberg | Region: Bavaria | Dating: 1444-1444 | Century of production: 15 | Material: parchment | Colophon language: German (DE, GER) | Extent: Full manuscript | Number of folios: 165 | Monasteries: Saint Klara, Poor Clares, Nuremberg, Germany,-
1525 | Scribes: Theobald of Assisi, Male (Male); Adelheydis Stosserin, Nuremberg, Female (Female, Religious); Bonaventure of Bagnoregio, Male (Male) | Texts copied: Bonaventure of Bagnoregio, Male, Major Legend of Saint Francis, Latin (LA, LAT) [Religious Texts]; Theobald of Assisi, Male, Letter on the Portiuncula Indulgence, Latin (LA, LAT) [Religious Texts]","Original: f.164r: Schlußschrift 'Das puch hat geschriben swester adelheydis strosserin zu lob vnd eren got dem almehtigen vnd dem heiligen vater sant franciscen vnd zu trost dem couent leueterlich durch got vnd ist uolent worden da man zalt von Christi gepurt MCCCCXLIIII Jar zu sant franciscen tag.' Translation: f.164r: Conclusion inscription 'This book was written by Sister Adelheidis Strosserin for the praise and honor of God Almighty and the Holy Father St. Francis and for the comfort of the convent, faithfully through God, and was completed in the year of Christ's birth 1444 on St. Francis' day.'"
pu_25274,"Munich, Bayerische Staatsbibliothek, Cgm 6940; f. 1-203",Germany,"Manuscript: Munich, Bayerische Staatsbibliothek, Cgm 6940; f. 1-203 | Country: Germany | City: Soeflingen | Region: Baden-Württemberg | Dating: 1493 | Century of production: 15 | Material: paper | Colophon language: German (DE, GER) | Extent: f. 1-203 | Number of folios: 202 | Decoration presence: TRUE | Musical notation presence: FALSE | Monasteries: Söflingen Poor Clares Monastery, Poor Clares, Soeflingen, Germany | Scribes: Christine Keck, Soeflingen, Female (Female); Johannes Kurfi, Male (Male); Cordula von Reischach, Soeflingen, Female (Female); John Cassian, Male (Male) | Texts copied: John Cassian, Male, Conferences of the Fathers, Latin (LA, LAT) [Religious Texts]","Original: Dißes buch ist geschriben worden in dem iar da man zalt von der gebürt Christi M CCCC vnd jm LXXXXIII von zweien schwestren sant claren orden des klosters zu Sefflingen, vnd begerent die schreyberin, daz man gotfür sy bitte, sy seyent lebendig oder tod, mit einem Pater noster oder Aue Maria oder Requiem eternam. 1493. Diser Schwester namen (ist durch gestrichen) send Cordula von Reischach (anschließendes d durchgestrichen) vnd Cristina Keckin von Nüremberg Translation: This book was written in the year when one counted from the birth of Christ 1493 by two sisters of the Order of Saint Clare of the convent at Söflingen, and the scribes request that one pray to God for them, whether they be living or dead, with a Pater noster or Ave Maria or Requiem aeternam. 1493. The names of these sisters (is crossed out) are Cordula von Reischach (the following d crossed out) and Cristina Keckin of Nuremberg."
pu_33217,"Munich, Bayerische Staatsbibliothek, Cgm 6940; f. 204-388",Germany,"Manuscript: Munich, Bayerische Staatsbibliothek, Cgm 6940; f. 204-388 | Country: Germany | City: Soeflingen | Region: Baden-Württemberg | Dating: 1493 | Century of production: 15 | Colophon language: German (DE, GER) | Extent: f. 204-388 | Decoration presence: TRUE | Musical notation presence: FALSE | Scribes: Christine Keck, Soeflingen, Female (Female); Johannes Kurfi, Male (Male)","Original: Also endet sich diß büchlin Sancti Thome von Aquino vß dem latin gezogen vnd geendet mit der hilff gottes jn dem wirdigen gotzhuß zu Eihingen Benedictenorden vff den tag sancti Kyliani deß hailigen byschoffs vnd martlers mit siner geselschafft anno domini MCCCC°LXXXIX Translation: Thus this little book of Saint Thomas of Aquinas, drawn from the Latin, comes to an end, and was completed with God’s help in the worthy house of God at Ehingen, of the Benedictine Order, on the feast day of Saint Kilian, the holy bishop and martyr, together with his companions, in the year of the Lord 1489."
pu_25275,"Munich, Bayerische Staatsbibliothek, Cgm 7264; Full manuscript",Germany,"Manuscript: Munich, Bayerische Staatsbibliothek, Cgm 7264; Full manuscript | Country: Germany | City: Medingen | Region: Lower Saxony | Dating: 1478 | Century of production: 15 | Material: parchment and paper | Colophon language: German (DE, GER) | Extent: Full manuscript | Number of folios: 397 | Musical notation presence: FALSE | Monasteries: Maria Medingen, Dominican, Mödingen, Germany, 1246-
1542 | Scribes: Magdalena Toppler, Medingen, Female (Female, Religious)","Original: Das puch hat geschriben swester magdalena topplerin Suppriorin in dem Closter zu medingen, Diß puch gehört in das closter zu medingen, prediger ordens und daz puch hat geschriben swester Magdalena Topplerin, suppriorin zu nucz irem convent Translation: This book was written by Sister Magdalena Toppler, subprioress in the convent at Medingen., This book belongs to the convent at Medingen of the Order of Preachers, and the book was written by Sister Magdalena Toppler, subprioress, for the benefit of her convent."
pu_25276,"Munich, Bayerische Staatsbibliothek, Cgm 750; Full manuscript",Germany,"Manuscript: Munich, Bayerische Staatsbibliothek, Cgm 750; Full manuscript | Country: Germany | City: Pillenreuth | Region: Bavaria | Dating: 1454-1468 | Century of production: 15 | Material: paper | Colophon language: German (DE, GER) | Extent: Full manuscript | Number of folios: 279 | Decoration presence: TRUE | Musical notation presence: FALSE | Monasteries: Pillenreuth, Augustinian, near N√ºrnberg (Nuremberg), Germany, 1300 | Scribes: Anna Ebin, Pillenreuth, Female (Female, Religious); Ms. Munich, Bayerische Staatsbibliothek, Cgm 750, Unidentified Hand 2, Female (Female, Religious); Ms. Munich, Bayerische Staatsbibliothek, Cgm 750, Unidentified Hand 1, Female (Female, Religious)","Original: Gedenckt der lieben unser geislich muter Anna Ebyn die daz puch und gar und vil pu/e/cher dem convent hat geschriben die ungezelt sind Translation: Remember our dear spiritual mother Anna Ebyn, who wrote this book and entirely many books for the convent, which are innumerable."
pu_25277,"Munich, Bayerische Staatsbibliothek, Cgm 786; Full manuscript",Germany,"Manuscript: Munich, Bayerische Staatsbibliothek, Cgm 786; Full manuscript | Country: Germany | City: Altomunster | Dating: 1505 | Century of production: 16 | Material: paper | Colophon language: German (DE, GER) | Extent: Full manuscript | Number of folios: 247 | Decoration presence: TRUE | Musical notation presence: FALSE | Monasteries: Altomünster, Bridgettine, Dachau, Germany, 740-1487
1803 | Scribes: Hendrik Herp, Male (Male); Ottilia Öffeller, Female (Female, Religious) | Texts copied: Hendrik Herp, Male, Mirror of Perfection, Dutch (NL, DUTENG) [Religious Texts]","Original: zw hören die mynnigclich almechtigkait weyshait gütigkait des vaters und des suns und des heiligen gaistz amen. O wie fro ich was, da ich schrib Deo gracias. Hie endet sich das büchlein ... bit got für die schreiberin swester Ottiliam Öffellerin und für all gelaubig sei. Geendt am mitwoch nach assumpcionis Marie virginis (= 26. Aug.) anno 1505 jar. Translation: to the honour of the loving almighty power, wisdom, and goodness of the Father and of the Son and of the Holy Spirit, amen. Oh how joyful I was when I wrote this. Deo gratias. Here ends the little book … Pray to God for the scribe, Sister Ottilia Öffellerin, and for all believers. Finished on the Wednesday after the Assumption of the Virgin Mary (= 26 August) in the year 1505."
pu_25278,"Munich, Bayerische Staatsbibliothek, Cgm 800; Full manuscript",Germany,"Manuscript: Munich, Bayerische Staatsbibliothek, Cgm 800; Full manuscript | Country: Germany | City: Neuburg an der Donau | Dating: 1501 | Century of production: 16 | Material: paper | Colophon language: German (DE, GER) | Extent: Full manuscript | Number of folios: 224 | Decoration presence: FALSE | Musical notation presence: FALSE | Monasteries: Neuburg an der Donau, Benedictine nuns, Benedictine, Neuburg an der Donau, Germany | Scribes: Ms. Munich, Bayerische Staatsbibliothek, Cgm 800, Unidentified Hand 1, Female (Female, Religious); Juliana Wieland, Female (Female, Religious)","Original: Hie endet sich die auslegung über die regel unsers allerheiligisten vaters sand Benedicten geschriben durch mich swester fuliana Wielandin. Translation: Here ends the commentary on the Rule of our most holy father St Benedict, written by me, Sister Juliana Wielandin."
pu_25282,"Munich, Bayerische Staatsbibliothek, Cgm 851; Full manuscript",Germany,"Manuscript: Munich, Bayerische Staatsbibliothek, Cgm 851; Full manuscript | Country: Germany | City: Tegernsee | Region: Bavaria | Dating: 1402-1402 | Century of production: 15 | Material: paper | Extent: Full manuscript | Number of folios: 348 | Scribes: Ms. Munich Cgm 851 Unidentified hand A, Tegernsee, Female (Female); Englarin, Tegernsee, Female (Female)",Original: f.17v: Engla[ri]n Translation: f.17v: Engla[ri]n
pu_22359,"Munich, Bayerische Staatsbibliothek, Clm 10899; Full manuscript",Belgium,"Manuscript: Munich, Bayerische Staatsbibliothek, Clm 10899; Full manuscript | Country: Belgium | City: Val-le-Duc | Region: Wallonia | Dating: 1476 | Century of production: 15 | Material: paper | Colophon language: Latin (LA, LAT) | Extent: Full manuscript | Number of folios: 101 | Musical notation presence: FALSE | Monasteries: Valduc Abbey, Cistercian, Louvain, Belgium, 1230-
1797 | Scribes: Katherina Mast, Val-le-Duc, Female (Female, Religious); Anonymous, TBC (TBC, Religious) | Texts copied: Anonymous, TBC, Life of Saint Juliana of Cornillon [Religious Texts]","Original: Anno Domini MCCCCLXXVI scriptus est hic liber per manus sororis Katherina Mast monialis per fessae in valle ducis orate pro ea propter Deum ex caritate. Pro monasterio Villariensi. Translation: In the year of our Lord 1476, this book was written by the hand of Sister Katherina Mast, nun of the monastery of Fessae in the valley of the duke. Pray for her for the sake of God out of charity. For the monastery of Villariensi."
pu_22442,"Munich, Bayerische Staatsbibliothek, Clm 10929; Full manuscript",Germany,"Manuscript: Munich, Bayerische Staatsbibliothek, Clm 10929; Full manuscript | Country: Germany | Region: Southwest | Dating: 1451-1500 | Century of production: 15 | Material: paper | Colophon language: Latin (LA, LAT) | Extent: Full manuscript | Number of folios: 184 | Scribes: Elisabeth de Sengin, Germany, Female (Female); Anonymous, TBC (TBC, Religious) | Texts copied: Anonymous, TBC, Breviary [Religious Texts]","Original: (77r) Qui me scribebat Elisabeth nomen habebat petit unum Ave Maria soror Susanna und (144v) Soror ELISABET DE SENGIN Translation: ""(77r) The one who was writing me, Elisabeth, had the name. Pray one Ave Maria. Sister Susanna. And (144v) Sister ELISABET DE SENGIN."""
pu_25286,"Munich, Bayerische Staatsbibliothek, Clm 10930; Full manuscript",France,"Manuscript: Munich, Bayerische Staatsbibliothek, Clm 10930; Full manuscript | Country: France | City: Strasbourg | Region: Grand Est | Dating: 1449 | Century of production: 15 | Material: paper | Colophon language: Latin (LA, LAT) | Extent: Full manuscript | Number of folios: 237 | Scribes: Dorothea de Mittelhusen, Strasbourg, Female (Female); Anonymous, TBC (TBC, Religious) | Texts copied: Anonymous, TBC, Breviary [Religious Texts]",Original: (Scripsit Dorothea de Mittelhusen c. a.1449.) Translation: ”(Written by Dorothea of Mittelhusen around the year 1449.)”
pu_25287,"Munich, Bayerische Staatsbibliothek, Clm 11004; Full manuscript",Austria,"Manuscript: Munich, Bayerische Staatsbibliothek, Clm 11004; Full manuscript | Country: Austria | City: Salzburg | Region: Salzburg | Century of production: 12 | Colophon language: Latin (LA, LAT) | Extent: Full manuscript | Scribes: Diemoths, Salzburg, Female (Female); Anonymous, TBC (TBC, Religious) | Texts copied: Anonymous, TBC, Sacramentary [Religious Texts]","Original: Latin (Verse Colophon): “Materia libri fecit Diemuod pia scribi. Sancto Ruoberto celi pro munere certo. Celestis vite scribant in ordine scribe.” Translation: “The content of the book was caused to be written by the pious Diemuod, As a sure offering to Saint Rupert of Heaven. May the scribes be written in the ranks of heavenly life.”"
pu_25288,"Munich, Bayerische Staatsbibliothek, Clm 17052; Full manuscript",Germany,"Manuscript: Munich, Bayerische Staatsbibliothek, Clm 17052; Full manuscript | Country: Germany | City: Schäftlarn | Region: Bavaria | Dating: XII3 | Century of production: 12 | Material: parchment | Colophon language: Latin (LA, LAT) | Extent: Full manuscript | Number of folios: 215 | Musical notation presence: FALSE | Monasteries: Schäftlarn Abbey, Premonstratensian, Schäftlarn, Germany | Scribes: Adalbertus, Schäftlarn, Male (Male); Augustine of Hippo, Male (Male); Sophia, Schäftlarn, Female (Female, Religious) | Texts copied: Augustine of Hippo, Male, Commentary on the Psalms, Latin (LA, LAT) [Religious Texts]",Original: Scripsit Sophya Translation: Sophya wrote [this].
pu_25289,"Munich, Bayerische Staatsbibliothek, Clm 17053; Full manuscript",Germany,"Manuscript: Munich, Bayerische Staatsbibliothek, Clm 17053; Full manuscript | Country: Germany | City: Schäftlarn | Region: Bavaria | Dating: XII3 | Century of production: 12 | Material: parchment | Colophon language: Latin (LA, LAT) | Extent: Full manuscript | Number of folios: 278 | Musical notation presence: FALSE | Monasteries: Schäftlarn Abbey, Premonstratensian, Schäftlarn, Germany | Scribes: Augustine of Hippo, Male (Male); Sophia, Schäftlarn, Female (Female, Religious) | Texts copied: Augustine of Hippo, Male, Commentary on the Psalms, Latin (LA, LAT) [Religious Texts]",Original: Sophia scripsit. Translation: Sophia wrote [this].
pu_25292,"Munich, Bayerische Staatsbibliothek, Clm 17087; Full manuscript",Germany,"Manuscript: Munich, Bayerische Staatsbibliothek, Clm 17087; Full manuscript | Country: Germany | City: Schäftlarn | Region: Bavaria | Dating: XII3 | Century of production: 12 | Material: parchment | Colophon language: Latin (LA, LAT) | Extent: Full manuscript | Number of folios: 223 | Musical notation presence: FALSE | Monasteries: Schäftlarn Abbey, Premonstratensian, Schäftlarn, Germany | Scribes: Irmingart, Admont, Female (Female, Religious); Regilind, Admont, Female (Female, Religious); Anonymous, TBC (TBC, Religious) | Texts copied: Anonymous, TBC, Homilies [Religious Texts]",Original: Scripsit soror Irmengart obtentu praepositi Hainrici Translation: Sister Irmengart wrote [this] at the request of Provost Heinrich.
pu_25293,"Munich, Bayerische Staatsbibliothek, Clm 17116; Full manuscript",Germany,"Manuscript: Munich, Bayerische Staatsbibliothek, Clm 17116; Full manuscript | Country: Germany | City: Schäftlarn | Region: Bavaria | Dating: XII3 | Century of production: 12 | Material: parchment | Colophon language: Latin (LA, LAT) | Extent: Full manuscript | Number of folios: 132 | Musical notation presence: FALSE | Monasteries: Schäftlarn Abbey, Premonstratensian, Schäftlarn, Germany | Scribes: Irmingart, Admont, Female (Female, Religious); Regilind, Admont, Female (Female, Religious); Rupert of Deutz, Male (Male) | Texts copied: Rupert of Deutz, Male, On the Divine Office, Latin (LA, LAT) [Religious Texts]","Original: Iste liber pertinet ad sanctum Dyonisium (scestla ren TBD) quem scripsit soror Irmengart obtentu domi. Hainrici prepositi. Translation: This book belongs to Saint Dionysius (sceptrum TBD), written by Sister Irmengart by the order of Dom Hainricus, the provost."
pu_25311,"Munich, Bayerische Staatsbibliothek, Clm 23014; Full manuscript",Germany,"Manuscript: Munich, Bayerische Staatsbibliothek, Clm 23014; Full manuscript | Country: Germany | City: Mödingen | Region: Bavaria | Dating: 1499-1500 | Century of production: 15 | Material: parchment | Colophon language: Latin (LA, LAT) | Extent: Full manuscript | Number of folios: 333 | Decoration presence: TRUE | Musical notation presence: TRUE | Monasteries: Maria Medingen, Dominican, Mödingen, Germany, 1246-
1542 | Scribes: Dorothea von Riethain, Medingen, Female (Female); Anonymous, TBC (TBC, Religious) | Texts copied: Anonymous, TBC, Gradual [Religious Texts]","Original: a. 1499 die s. Ambrosii ego soror Dorothea Derietheain professa monasterii mariae in Medlingen O.P. mandato Margarethae Schlicherin priorissae incepi Graduale istud de tempore quod complevi a. 1500 altera Assumptionis Mariae ... Translation: In the year 1499, on the feast of Saint Ambrose, I, Sister Dorothea Derietheain, professed in the monastery of Mary in Medlingen, of the Order of Preachers, began this Gradual for the Temporal cycle at the command of Prioress Margaretha Schlicherin, and I completed it in the year 1500, on the day after the Assumption of Mary."
pu_25313,"Munich, Bayerische Staatsbibliothek, Clm 23046; Full manuscript",Germany,"Manuscript: Munich, Bayerische Staatsbibliothek, Clm 23046; Full manuscript | Country: Germany | City: Seligenthal | Dating: 1301-1400 | Century of production: 14 | Material: parchment | Colophon language: Latin (LA, LAT) | Extent: Full manuscript | Number of folios: 179 | Decoration presence: TRUE | Musical notation presence: TRUE | Monasteries: Seligenthal, Cistercian, Landshut, Germany, 1 Jan 1232-1 Jan 1803 | Scribes: Adelhaidis, Seligenthal, Female (Female, Religious); Anonymous, TBC (TBC, Religious) | Texts copied: Anonymous, TBC, Antiphonary [Religious Texts]","Original: Finis adest operis merce dem poseo laboris. Et qui me scribebat Adelhaidis nomen habebat. Sanctus Bernhardus. Dominus noster Jhesus Christus ipse erit merces tua, fiat fiat. Translation: The end of the work is here, I ask for the reward of my labor. And the one who wrote me had the name Adelhaid. Saint Bernard. Our Lord Jesus Christ himself will be your reward, let it be, let it be."
pu_25314,"Munich, Bayerische Staatsbibliothek, Clm 23166; Full manuscript",Germany,"Manuscript: Munich, Bayerische Staatsbibliothek, Clm 23166; Full manuscript | Country: Germany | Dating: 1401-1500 | Century of production: 15 | Material: parchment | Colophon language: Latin (LA, LAT) | Extent: Full manuscript | Number of folios: 320 | Musical notation presence: FALSE | Scribes: Iuliana Friesingerin, Female (Female); Anonymous, TBC (TBC, Religious) | Texts copied: Anonymous, TBC, Breviary [Religious Texts]",Original: Scripsit Iuliana Friesingerin Translation: Written by Juliana Friesingerin.
pu_25315,"Munich, Bayerische Staatsbibliothek, Clm 23172; Full manuscript",Germany,"Manuscript: Munich, Bayerische Staatsbibliothek, Clm 23172; Full manuscript | Country: Germany | Dating: 16th century | Century of production: 16 | Material: parchment | Colophon language: German (DE, GER) | Extent: Full manuscript | Number of folios: 210 | Musical notation presence: FALSE | Scribes: Schreiberin Germany, Female (Female); Anonymous, TBC (TBC, Religious) | Texts copied: Anonymous, TBC, Breviary [Religious Texts]","Original: Sprecht der schreiberin ein Ave Maria, dem pintter auch so vil, und ein gutz iar. Translation: Say an Ave Maria for the writer, and to the painter as well, and a good year."
pu_25316,"Munich, Bayerische Staatsbibliothek, Clm 23287; Full manuscript",Germany,"Manuscript: Munich, Bayerische Staatsbibliothek, Clm 23287; Full manuscript | Country: Germany | City: Griesstätt | Region: Bavaria | Dating: 1301-1400 | Century of production: 13 | Material: parchment | Colophon language: German (DE, GER) | Extent: Full manuscript | Number of folios: 283 | Decoration presence: TRUE | Musical notation presence: TRUE | Scribes: Adelheid von Smaehing, Griesstätt, Female (Female); Anonymous, TBC (TBC, Religious) | Texts copied: Anonymous, TBC, Gradual [Religious Texts]","Original: Swer diz buch hab der gedench ... der armen swester Agnes von Waldeke ... (sequuntur versus) ... Gedencht auch ... Adelheid von Smaehing din diez buoch hat geschriben. Translation: Whoever has this book, remember … the poor Sister Agnes of Waldeke … (following verses) … Also remember … Adelheid of Smaehing, this book has been written by her."
pu_25319,"Munich, Bayerische Staatsbibliothek, Clm 28331; Full manuscript",Germany,"Manuscript: Munich, Bayerische Staatsbibliothek, Clm 28331; Full manuscript | Country: Germany | City: Neuburg an der Donau | Dating: 1491-1491 | Century of production: 15 | Material: parchment | Colophon language: Latin (LA, LAT) | Extent: Full manuscript | Number of folios: 206 | Decoration presence: TRUE | Musical notation presence: FALSE | Monasteries: Neuburg an der Donau, Benedictine nuns, Benedictine, Neuburg an der Donau, Germany | Scribes: Eufrosina Mägerlin, Female (Female, Religious); Anonymous, TBC (TBC, Religious) | Texts copied: Anonymous, TBC, Breviary [Religious Texts]","Original: Orate pro me, soror Eufrosina Mägerlin. Volendt an mittichen Oswaldi im LXXXXI0 Translation: Pray for me, Sister Eufrosina Mägerlin. Completed on the Wednesday of [the feast of] Saint Oswald in the year 1491."
pu_25320,"Munich, Bayerische Staatsbibliothek, Clm 28638; Full manuscript",Germany,"Manuscript: Munich, Bayerische Staatsbibliothek, Clm 28638; Full manuscript | Country: Germany | City: Pillenreuth | Region: Bavaria | Dating: 1467 | Century of production: 15 | Material: paper | Colophon language: German (DE, GER) | Extent: Full manuscript | Number of folios: 406 | Decoration presence: TRUE | Monasteries: Pillenreuth, Augustinian, near N√ºrnberg (Nuremberg), Germany, 1300 | Scribes: Hrabra Pfinzigin, Schw. (Barbara Pfinzingerin), Pillenreuth, Female (Female, Religious); Anonymous, TBC (TBC, Religious) | Texts copied: Anonymous, TBC, Matutinale [Religious Texts]","Original: Das puch ward auSS geschriben an der helligen marter tag Johannes vnd Paulus tag als man zalt von Christus gepurt MCCCC. vnd ym L(X)XVII jar (erste X getilgt). Item das puch hot geschriben swester Hrabra Pfinczigin in Bilenrewt sancti Augustini ordinis regularium cananicarum czu lob vnd ere der ho""hsten trinitat vnd wer das nu""czt der gedenk ir gen got ym leben vnd todt was in got vermant etc. Translation: This book was completed on the feast day of the Holy Martyrs John and Paul, according to the reckoning from the birth of Christ, 1500, and in the year L(X)XVII (the first X erased). Furthermore, this book was written by Sister Hrabra Pfinczigin in Bilenrewt, of the Order of Saint Augustine, Regular Canons, for the praise and glory of the Most Holy Trinity, and for the remembrance of her and her service to God in life and death, may she be united with God, etc."
pu_25322,"Munich, Bayerische Staatsbibliothek, Clm 2931; Full manuscript",Germany,"Manuscript: Munich, Bayerische Staatsbibliothek, Clm 2931; Full manuscript | Country: Germany | City: Altenhohenau | Region: Bavaria | Dating: 1478-1478 | Century of production: 15 | Material: parchment | Colophon language: Latin (LA, LAT) | Extent: Full manuscript | Number of folios: 209 | Decoration presence: TRUE | Musical notation presence: TRUE | Monasteries: Altenhohenau, Dominican, Griesstätt, Germany, 1235-
1803 | Scribes: Annam Zineris, Altenmünster, Female (Female, Religious); Anonymous, TBC (TBC, Religious) | Texts copied: Anonymous, TBC, Gradual [Religious Texts]","Original: per sororem Annam Zinerin huius monasterii priorissam Translation: by Sister Anna Zinerin, Prioress of this monastery"
pu_25324,"Munich, Bayerische Staatsbibliothek, Clm 2932; Full manuscript",Germany,"Manuscript: Munich, Bayerische Staatsbibliothek, Clm 2932; Full manuscript | Country: Germany | City: Altenhohenau | Region: Bavaria | Dating: 1478-1479 | Century of production: 15 | Material: parchment | Colophon language: Latin (LA, LAT) | Extent: Full manuscript | Number of folios: 232 | Decoration presence: TRUE | Musical notation presence: TRUE | Monasteries: Altenhohenau, Dominican, Griesstätt, Germany, 1235-
1803 | Scribes: Annam Zineris, Altenmünster, Female (Female, Religious); Anonymous, TBC (TBC, Religious) | Texts copied: Anonymous, TBC, Gradual [Religious Texts]","Original: (... per sororem Annam Zineris monast. Altmu""nster priorissam pulcherrime exaratus a. 1478 et seq.) Translation: (… by Sister Anna Zineris of the Monastery of Altmünster, Prioress, beautifully written in the year 1478 and following years.)"
pu_25327,"Munich, Bayerische Staatsbibliothek, Clm 8055; Full manuscript",Germany,"Manuscript: Munich, Bayerische Staatsbibliothek, Clm 8055; Full manuscript | Country: Germany | City: Kirchheim | Region: Baden-Württemberg | Dating: 1401-1500 | Century of production: 15 | Material: paper | Colophon language: Latin (LA, LAT) | Extent: Full manuscript | Number of folios: 232 | Monasteries: Kirchheim, Dominican, Kirchheim unter Teck, Germany, 1400 | Scribes: Ursula de Braittenstain, Kirchheim, Female (Female); Anonymous, TBC (TBC, Religious) | Texts copied: Anonymous, TBC, Cistercian Ritual [Religious Texts]","Original: Quaedam scripsit Ursula de Braittenstain professa in Kirchain Translation: “Written by Ursula of Braittenstain, professed in Kirchhain.”"
pu_25330,"Münster, Staatsarchiv, Ms. 366; Full manuscript",Germany,"Manuscript: Münster, Staatsarchiv, Ms. 366; Full manuscript | Country: Germany | City: Elfenhusen | Dating: 14 | Century of production: 14 | Extent: Full manuscript | Scribes: Druda de Elfenhusen, Elfenhusen, Female (Female)","Original: Istum libellum scripsit soror Druda de Elfenhusen O.F.P. in paradyso ad instanciam fr. Iacobi de Duzenberg. Translation: “This little book was written by Sister Druda of Elfenhusen, O.F.P. (Order of Friars Preachers), in paradise, at the request of Brother Iacobus de Duzenberg.”"
pu_25350,"Müstair, Klosterarchiv, I Nr. 48a; Full manuscript",Unknown,"Manuscript: Müstair, Klosterarchiv, I Nr. 48a; Full manuscript | Dating: 1509-153 | Century of production: 16 | Material: paper | Extent: Full manuscript | Number of folios: 12 | Scribes: Magdalena Auerin, Female (Female)",Original: cf.PXL_20231003_192058458.jpg
pu_25351,"Namur, Musée Archéologique, Fonds de la Ville 92; Full manuscript",Germany,"Manuscript: Namur, Musée Archéologique, Fonds de la Ville 92; Full manuscript | Country: Germany | City: Wenau | Dating: 1470 | Century of production: 15 | Material: paper | Colophon language: Dutch (NL, DUTENG) | Extent: Full manuscript | Number of folios: 204 | Musical notation presence: FALSE | Monasteries: St. Katharina Monastery in Wenau, Premonstratensian, Wenau, Germany | Scribes: Gertgenken van Duren, Wenau, Female (Female); Michael Massa, Male (Male) | Texts copied: Michael Massa, Male, Life of Christ, Italian (IT, ITA) [Religious Texts]","Original: Deo gratias. In den iaren ons here 1470 op sent Severyns dach is dyt boech geendichet ind gescreven durch suster Gertgenken van Duren woenende zo Wenauwen. Translation: Thanks be to God. In the year of our Lord 1470, on the feast day of Saint Severin, this book was completed and written by Sister Gertgenken of Duren, living in Wenauwen."
pu_25353,"New Haven, Beinecke Library, Yale University, Ms. 968; Full manuscript",Germany,"Manuscript: New Haven, Beinecke Library, Yale University, Ms. 968; Full manuscript | Country: Germany | City: Nuremberg | Region: Bavaria | Dating: 1456-1466 | Century of production: 15 | Material: paper | Colophon language: German (DE, GER) | Extent: Full manuscript | Number of folios: 263 | Decoration presence: TRUE | Musical notation presence: FALSE | Monasteries: Saint Katharina, Dominican, Nuremberg, Germany, 1295 | Scribes: Anonymous, TBC (TBC, Religious); Ursula Geiselherin, Nuremberg, Female (Female, Religious) | Texts copied: Anonymous, TBC, Prayer Book [Religious Texts]","Original: Daz puchlein war aussgeschriben m cccc lxvi jar von Sv. Vrsula Geyßherin pit gat finsy, Vrs gey Translation: Ursula Geiselher, This little book was written out in the year 1466 by Sister Ursula Geiselherin. Pray to God for her."
pu_25355,"New York, Columbia Univ. Rare Book and Manuscript Library, X.242.1.S; Full manuscript",France,"Manuscript: New York, Columbia Univ. Rare Book and Manuscript Library, X.242.1.S; Full manuscript | Country: France | City: Strasbourg | Region: Grand Est | Dating: 1485-1485 | Century of production: 15 | Material: paper | Colophon language: German (DE, GER) | Extent: Full manuscript | Number of folios: 210 | Scribes: Katharina Ingolt, Strasbourg, Female (Female)","Original: f.207v: Zu lobe und erwurdikeit des almehtigen gottes ouch umb willen eins gemeinen nutzes der andechtigen swester des ordens sant marie magdalene sust genant der orden der ruwerin So hat geschriben dis buechelin Katherina Ingolt ein swester des selben ordens und conuentes zu strossburg mit irer hant grossem ernst flis und arbeit und hat daz volbroht mit der hilff gottes uff sant Thiburcius und valerianus tag Anno domini M cccc lxxxv Translation: f.207v: “In praise and honor of Almighty God, and also for the common benefit of the devout sisters of the Order of Saint Mary Magdalene, also called the Order of the Penitents, this little book was written by Katherina Ingolt, a sister of this same order and convent in Strasbourg, with her own hand, with great diligence, effort, and labor. She completed it with God’s help on the feast day of Saints Tiburtius and Valerian, in the year of our Lord 1485.”"
pu_25356,"New York, Union Theological Seminary Library, Ms. 42; Full manuscript",Germany,"Manuscript: New York, Union Theological Seminary Library, Ms. 42; Full manuscript | Country: Germany | City: Weydas | Region: Thuringia | Dating: 1518 | Century of production: 16 | Material: paper | Colophon language: German (DE, GER) | Extent: Full manuscript | Number of folios: 200 | Scribes: Anna Franckenstein, Weydas, Female (Female)",Original: f.198r: Anna Franckensteyn monasterii Fontis Sanctae Mariae in Weydas Translation: f.198r: “Anna Franckensteyn of the Monastery of the Fountain of Saint Mary in Weydas.”
pu_25359,"Nijmegen, Regionaal Archief Nijmegen, ms. I a 23; Full manuscript",Netherlands,"Manuscript: Nijmegen, Regionaal Archief Nijmegen, ms. I a 23; Full manuscript | Country: Netherlands | City: Neerbosch | Region: Gelderland | Dating: 1450 | Century of production: 15 | Material: paper | Colophon language: Dutch (NL, DUTENG) | Extent: Full manuscript | Number of folios: 339 | Scribes: Ms. Nijmegen ms. I a 23 Unidentified woman A, Neerbosch, Female (Female)","Original: f.339: Dit boec is gescreven ende geeint int jaer ons heren M cccc vijftich des vridachs voer (sinte) Michiel. Bid om gods wi[ll] voer der scrijfster Ave maria. Translation: This book was written and completed in the year of our Lord 1450, on the Friday before (Saint) Michael's. Pray for God's will for the scribe (woman). Hail Mary."
pu_25360,"Nijmegen, Regionaal Archief Nijmegen, ms. I a 28; Full manuscript",Netherlands,"Manuscript: Nijmegen, Regionaal Archief Nijmegen, ms. I a 28; Full manuscript | Country: Netherlands | City: Nijmegen | Region: Gelderland | Dating: 1503-1504 | Century of production: 16 | Material: paper | Colophon language: Dutch (NL, DUTENG) | Extent: Full manuscript | Number of folios: 140 | Scribes: Stijn Van Rade, Nijmegen, Female (Female)","Original: f.140v: Hier eynden die ierste twe nocturnen van davids psalter mitten glosen ende wert volscreven int jaer ons heren xv(c) ende iij Op sce Joriens avent Een ave marien van mynnen om gods wil voer Suster Stijn van rade. Translation: Here end the first two nocturnes of David's Psalter with the glosses, and it was completed in the year of our Lord 1503, on Saint George's Eve. A Hail Mary from my love for God's will for Sister Stijn van Rade."
pu_25361,"Nijmegen, Regionaal Archief Nijmegen, ms. I a 29; Full manuscript",Netherlands,"Manuscript: Nijmegen, Regionaal Archief Nijmegen, ms. I a 29; Full manuscript | Country: Netherlands | City: Nijmegen | Region: Gelderland | Dating: 1503-1504 | Century of production: 16 | Material: paper | Colophon language: Dutch (NL, DUTENG) | Extent: Full manuscript | Number of folios: 342 | Scribes: Foels Hoeymans, Nijmegen, Female (Female)","Original: f.342v: Item dit boeck is volscreven int Jaer ons heren vijftien hondert ende vier opten heiligen derthien avont een ave maria voer suster foels hoeymans die dit boeck uit mynnen ende om gods wil gescreven heeft. (Other contemporary hand): Item dit boeck hoert te nymegen opten heesen berch anders geheiten sce peters berch den susteren vander dorder regelen sce franciscus. Translation: lso, this book was completed in the year of our Lord fifteen hundred and four, on the evening of the thirteenth, a Hail Mary for Sister Foels Hoeymans, who wrote this book out of love and for God's sake. (Other contemporary hand): Also, this book belongs to Nijmegen, on the Heesen mountain, otherwise known as Saint Peter's mountain, to the sisters of the order of Saint Francis."
pu_25362,"Nijmegen, Universiteitsbibliotheek, Ms.241; Full manuscript",Belgium,"Manuscript: Nijmegen, Universiteitsbibliotheek, Ms.241; Full manuscript | Country: Belgium | City: Kortenberg | Region: Flemish Brabant | Dating: 1567 | Century of production: 16 | Material: paper | Colophon language: Dutch (NL, DUTENG) | Extent: Full manuscript | Number of folios: 274 | Scribes: Marie van der Hochstadt, Kortenberg, Female (Female)","Original: f.274v: Hier neempt eijnde dit boeck ghenoempt dat beelt der duechden ghemaeckt (...) duer den subtijlen ende verlichten doctoor bruer peete (sic) dore van Orliens vander predicaren oerdene. Ende nu overgheset uut Fransoijs int duijtschen int minderbrueren clooster tot Gorcum.  Desen boeck heeft ons ghedaen te scrijven die Eerweerdighe heere Egidius seghers. den welcken selven eerweerdighen heere heeft dien ghetranslateert uut Fransoijs int duijtsche, ende es ghescreven van mij suster marie vander hochstadt voleijndt in die maent Junius Anno M vc ender lxvij Jhesu Maria. Anna. flyleaf: tot behoef van convent te Cortenberch. (Other contemporary hand) Translation: f.274 verso: Here ends this book called ""The Image of Virtues"" made (...) by the subtle and enlightened doctor Brother Peter of Orléans from the Dominican order. And now translated from French into Dutch in the Minorite Friars' monastery at Gorinchem.  This book was done to be written by the Reverend Sir Egidius Seghers. The same Reverend Sir himself translated it from French into Dutch, and it was written by me, Sister Marie van der Hochstadt, completed in the month of June in the year 1567, Jesus Maria. Anna.  Flyleaf: For the use of the convent at Cortenberch. (Another contemporary hand)"
pu_25363,"Nijmegen, Universiteitsbibliotheek, Ms.306; Full manuscript",Netherlands,"Manuscript: Nijmegen, Universiteitsbibliotheek, Ms.306; Full manuscript | Country: Netherlands | City: Delft | Region: South Holland | Dating: 1473 | Century of production: 15 | Material: paper | Colophon language: Dutch (NL, DUTENG) | Extent: Full manuscript | Number of folios: 173 | Decoration presence: TRUE | Musical notation presence: FALSE | Scribes: Jan van Leeuwen, Male (Male); Ms. Nijmegen Ms.306 Unidentified women, Delft, Female (Female); Anonymous, TBC (TBC, Religious) | Texts copied: Jan van Leeuwen, Male, On the Nine Choirs of Angels, Dutch (NL, DUTENG) [Religious Texts]; Anonymous, TBC, Book of charity [Religious Texts]",Original: Dit boec wort volscreven int jaer ons heren M ccc ende [lxxj (?) corrected in] lxxiij op sinte thimotheeus dach bid voer die susterges diet ghescreven hebben om gods willen Translation: This book was fully written in the year of our Lord 1371 on the day of Saint Timothy. Pray for the sisters who have written it for God's sake.
pu_25364,"Nijmegen, Universiteitsbibliotheek, Ms.310; Full manuscript",Netherlands,"Manuscript: Nijmegen, Universiteitsbibliotheek, Ms.310; Full manuscript | Country: Netherlands | Region: Northern Brabant | Dating: 1516 | Century of production: 16 | Material: paper | Colophon language: Dutch (NL, DUTENG) | Extent: Full manuscript | Number of folios: 341 | Scribes: Belie Hermens, Northern Brabant, Female (Female)","Original: f.339v: Gheeynt op sunte Bonyfacyus dach Int jaer ons heren M cccc hondert ende xvi doer my suster belie hermens gedenct hoerre in uxen gebede Translation: f.339 verso: ""Finished on the day of Saint Boniface in the year of our Lord 1416 by me, Sister Belie Hermens. Remember her in your prayers."""
pu_22810,"Nijmegen, Universiteitsbibliotheek, Ms.323; Full manuscript",Netherlands,"Manuscript: Nijmegen, Universiteitsbibliotheek, Ms.323; Full manuscript | Country: Netherlands | Region: Brabant | Dating: 1533 | Century of production: 16 | Material: paper | Colophon language: Dutch (NL, DUTENG) | Extent: Full manuscript | Number of folios: 273 | Decoration presence: TRUE | Musical notation presence: FALSE | Monasteries: Unknown Franciscan House, Franciscan | Scribes: Truken Collaers, Netherlands, Female (Female, Religious); Anonymous, TBC (TBC, Religious) | Texts copied: Anonymous, TBC, Prayer Book [Religious Texts]",Original: Suster Truken collaers schrieft. M cccc liij. Translation: Sister Truken Collaers wrote this. MCCCC LIII.
pu_25662,"Nr. I, 2035; Full manuscript",France,"Manuscript: Nr. I, 2035; Full manuscript | Country: France | City: Leutenheim | Region: Grand Est | Dating: 1492 | Century of production: 15 | Material: paper | Colophon language: Latin (LA, LAT) | Extent: Full manuscript | Number of folios: 6 | Scribes: Sinerin Sitlaub, Leutenheim, Female (Female); Magdalena von Wickersheim, Leutenheim, Female (Female)","Original: f.154r: Magdalena von Wickersheim [finitus est iste liber per me sororem Magdalenam de Wickersheim et Canticrem Sitlaub] (Pfleger 1948, S. 61) [Quelle] f.154r: Singerin Sitlaub [finitus est iste liber per me sororem Magdalenam de Wickersheim et Canticrem Sitlaub] (Pfleger 1948, S. 61) [Quelle]"
pu_25366,"Nuremberg, Germanisches Nationalmuseum, Hs 20718; Full manuscript",Germany,"Manuscript: Nuremberg, Germanisches Nationalmuseum, Hs 20718; Full manuscript | Country: Germany | City: Urspring | Region: Baden-Württemberg | Dating: 14th century, 4th quarter | Century of production: 14 | Material: parchment | Colophon language: German (DE, GER) | Extent: Full manuscript | Number of folios: 6 | Decoration presence: FALSE | Musical notation presence: FALSE | Scribes: Ms. Nuremberg Hs 20718 Unidentified nun A, Urspring, Female (Female, Religious); Anonymous, TBC (TBC, Religious) | Texts copied: Anonymous, TBC, Calendar [Practical Genres]","Original: ""obiit min schwester sa/e/lig im xi ia[r]"" etc), Item das bu/o/ch ist Else Haimine gewesen und begeret wer daran mettin bettee das der selb ie alle mal ain requiem bettin zelen Translation: ""This book belonged to Else Haimine, and whoever wishes to read it should always pray a requiem for her.”, “My sister passed away in the [year]”; etc)."
pu_25367,"Nuremberg, Germanisches Nationalmuseum, Hs 2261; Full manuscript",Germany,"Manuscript: Nuremberg, Germanisches Nationalmuseum, Hs 2261; Full manuscript | Country: Germany | City: Pillenreuth | Region: Bavaria | Dating: 1465-1482 | Century of production: 15 | Material: paper | Colophon language: German (DE, GER) | Extent: Full manuscript | Number of folios: 243 | Decoration presence: FALSE | Musical notation presence: FALSE | Monasteries: Pillenreuth, Augustinian, near N√ºrnberg (Nuremberg), Germany, 1300 | Scribes: Anna Ebin, Pillenreuth, Female (Female, Religious)","Original: Also ich schreyberin diß püchleins genant Anna E. praeposito in Wildenreut zu den Zeiten anno domini MCCCCLXVsetz her zu . . ., Translation: ""So I, the scribe of this little book named Anna E., to the provost in Wildenreut, at the time in the year of our Lord MCCCCLXV, set to work on this…"""
pu_25369,"Nuremberg, Germanisches Nationalmuseum, Hs 28441; Full manuscript",Germany,"Manuscript: Nuremberg, Germanisches Nationalmuseum, Hs 28441; Full manuscript | Country: Germany | City: Inzigkofen | Region: Baden-Württemberg | Dating: 1449-1449 | Century of production: 15 | Material: paper | Colophon language: German (DE, GER) | Extent: Full manuscript | Number of folios: 225 | Decoration presence: FALSE | Musical notation presence: FALSE | Monasteries: Inzigkoven, Augustinian, Inzigkofen, Germany, 1354-
1802 | Scribes: Anna Jäckin, Inzigkofen, Female (Female); Ludolf von Sachsen, Male (Male) | Texts copied: Ludolf von Sachsen, Male, Life of Christ, German (DE, GER) [Religious Texts]","Original: Anno domini M°CCCC0XLVIIII° ant sant Augustinus ottaf do ward disz büch vss geschriben von mir >Korr.: swesterc Anna Jäkin zu den selben ziten pryorin disz gotzhus. Gedenkent ir durch den honyg fließenden süßen namen Jhesus mit ainem aue Maria. Amen. Translation: ""In the year of our Lord M°CCCCXLVIIII, on the eve of Saint Augustine, this book was completed by me, Sister Anna Jäkin, prioress of this house of God, at the same time. Remember, by the sweet name of Jesus flowing through honey, with an Ave Maria. Amen."""
pu_25370,"Nuremberg, Germanisches Nationalmuseum, Hs 7205; Full manuscript",Germany,"Manuscript: Nuremberg, Germanisches Nationalmuseum, Hs 7205; Full manuscript | Country: Germany | City: Nuremberg | Region: Bavaria | Dating: 1449-1451 | Century of production: 15 | Material: paper | Colophon language: Latin (LA, LAT) | Extent: Full manuscript | Number of folios: 44 | Decoration presence: FALSE | Musical notation presence: FALSE | Monasteries: Saint Katharina, Dominican, Nuremberg, Germany, 1295 | Scribes: Elisabeth Schurstabin, Nuremberg, Female (Female, Religious); Anonymous, TBC (TBC, Religious) | Texts copied: Anonymous, TBC, Soul Prayers [Religious Texts]",Original: Orate pro scriptore Elisabet S Translation: Pray for the scribe Elisabeth S[hurstabin].
pu_22782,"Nuremberg, Stadtbibliothek, Cent. III 41; Full manuscript",Germany,"Manuscript: Nuremberg, Stadtbibliothek, Cent. III 41; Full manuscript | Country: Germany | City: Nuremberg | Dating: 1437 | Century of production: 15 | Material: parchment and paper | Colophon language: German (DE, GER) | Extent: Full manuscript | Number of folios: 258 | Decoration presence: TRUE | Musical notation presence: FALSE | Monasteries: Saint Katharina, Dominican, Nuremberg, Germany, 1295 | Scribes: Kunigund Niklasin, Nuremberg, Female (Female, Religious); Ms. Nuremberg Cent. III 41 Unidentified hand A, Nuremberg, Female (Female, Religious); Anonymous, TBC (TBC, Religious) | Texts copied: Anonymous, TBC, Bible [Religious Texts]","Original: Deo gracias. iez puch ist außgeschriben worden do man czalt von vnsers lieben herren Jhesu Cristi gepurt M CCCC vndyn dem XXXVII jar an vnsers lieben herren fronleichnams abent (29. Mai). Pyttgotfür die schreyberin die dyczpuchgeschriben hat. Translation: Thanks be to God. This book was written in the year of our Lord 1437, on the eve of Corpus Christi (29 May). Pray for the female scribe who wrote this book."
pu_22363,"Nuremberg, Stadtbibliothek, Cent. III 43; Full manuscript",Germany,"Manuscript: Nuremberg, Stadtbibliothek, Cent. III 43; Full manuscript | Country: Germany | City: Nuremberg | Dating: 1443 | Century of production: 15 | Material: parchment and paper | Colophon language: German (DE, GER) | Extent: Full manuscript | Number of folios: 355 | Decoration presence: TRUE | Musical notation presence: FALSE | Monasteries: Saint Katharina, Dominican, Nuremberg, Germany, 1295 | Scribes: Kunigund Niklasin, Nuremberg, Female (Female, Religious); Anonymous, TBC (TBC, Religious) | Texts copied: Anonymous, TBC, Bible [Religious Texts]","Original: Diez puch ist außgeschriben worden am eritag vor sant Michels tag der was an einem suntag anno domini M°CCCC° und in dem XLIII jar (24.Sept. 1443). Pitt got für di schreyberin die dicz puch geschriben hat K. N. Translation: This book was written on Tuesday before St Michael’s Day, which fell on a Sunday, in the year of our Lord 1443 (24 September). Pray for the female scribe who wrote this book. K. N."
pu_22402,"Nuremberg, Stadtbibliothek, Cent. III 85, Nuremberg, Stadtbibliothek, Cent. IV 80, Nuremberg, Stadtbibliothek, Cent. V 29; Ms. Nuremberg, Stadtbibliothek, Cent. III 85, ms. Nuremberg, Stadtbibliothek, Cent. IV 80 and ms. Nuremberg, Stadtbibliothek, Cent. V 29",Germany,"Manuscript: Nuremberg, Stadtbibliothek, Cent. III 85, Nuremberg, Stadtbibliothek, Cent. IV 80, Nuremberg, Stadtbibliothek, Cent. V 29; Ms. Nuremberg, Stadtbibliothek, Cent. III 85, ms. Nuremberg, Stadtbibliothek, Cent. IV 80 and ms. Nuremberg, Stadtbibliothek, Cent. V 29 | Country: Germany | City: Nuremberg | Region: Bavaria | Dating: 1436 | Century of production: 15 | Material: parchment and paper | Colophon language: German (DE, GER) | Extent: Ms. Nuremberg, Stadtbibliothek, Cent. III 85, ms. Nuremberg, Stadtbibliothek, Cent. IV 80 and ms. Nuremberg, Stadtbibliothek, Cent. V 29 | Number of folios: 153 | Monasteries: Saint Katharina, Dominican, Nuremberg, Germany, 1295 | Scribes: Kunigund Niklasin, Nuremberg, Female (Female, Religious); Ms. Nuremberg, Stadtbibliothek, Cent. III 85 Unidentified Hand 1, Female (Female, Religious) | Texts copied: William Durandus, Male, Rationale of Divine Offices, Latin (LA, LAT) [Religious Texts]","Original: 148ra vnd durch meiner mü willen vnd arbaitt willen wartt ich nicht anders Ions von den lewten neur allain daz si ir andechtige pet hincz dem aller- parmherczigsten richter für mich vergiessen amen. Diez puch ist geschriben worden do man czalt noch Xpi vnsers lieben herren gepurd M°CCCC° vnd in dem XXXVI jar an dem nechsten mitwoch vor dem palmtag (28. März). Pitt got für die schreiberin die dicz puch geschriben hat. Translation: “For the sake of my toil and effort, I ask nothing else from people except that they pour out their devout prayers to the most merciful judge on my behalf.Amen. This book was written in the year 1436 after the birth of Christ, our dear Lord, on the Wednesday before Palm Sunday (March 28). Pray to God for the female scribe who wrote this book.”"
pu_25371,"Nuremberg, Stadtbibliothek, Cent. III 86; Full manuscript",Germany,"Manuscript: Nuremberg, Stadtbibliothek, Cent. III 86; Full manuscript | Country: Germany | City: Nuremberg | Region: Bavaria | Dating: 1452-1452 | Century of production: 15 | Material: parchment | Colophon language: German (DE, GER) | Extent: Full manuscript | Number of folios: 185 | Decoration presence: TRUE | Musical notation presence: FALSE | Monasteries: Saint Katharina, Dominican, Nuremberg, Germany, 1295 | Scribes: Margaretha Imhoff, Nuremberg, Female (Female, Religious); Margarete Kartäuserin, Nuremberg, Female (Female, Religious); Anonymous, TBC (TBC, Religious) | Texts copied: Anonymous, TBC, Missal, Latin (LA, LAT) [Religious Texts]","Original: Nach cristi gepurt 1452 Iar habent diss puch geschriben Swester Margaretha Imhof und Swester Margaretha Karteuserin zu nutz iren Kloster czu Sant Kathrein in Nurnberg. Prediger ordens. Pit got für sie. Translation: After the birth of Christ in the year 1452, this book was written by Sister Margaretha Imhof and Sister Margaretha, a Carthusian, for the benefit of their monastery at St. Kathrein in Nuremberg, of the Order of Preachers. Pray to God for them.”"
pu_25372,"Nuremberg, Stadtbibliothek, Cent. III 87; Full manuscript",Germany,"Manuscript: Nuremberg, Stadtbibliothek, Cent. III 87; Full manuscript | Country: Germany | City: Nuremberg | Region: Bavaria | Dating: 1463-1463 | Century of production: 15 | Material: parchment | Colophon language: German (DE, GER) | Extent: Full manuscript | Number of folios: 148 | Decoration presence: TRUE | Musical notation presence: FALSE | Monasteries: Saint Katharina, Dominican, Nuremberg, Germany, 1295 | Scribes: Margarete Kartäuserin, Nuremberg, Female (Female, Religious); Anonymous, TBC (TBC, Religious) | Texts copied: Anonymous, TBC, Missal, Latin (LA, LAT) [Religious Texts]","Original: Nach Christi gepurt M°CCCC° in dem LXIII iar hat diß boch geschriben swester Margareta Karteuserin zu nucz irem closter zu sant Katherina zu Nurmberg prediger ordens. Pit got fur sie. Translation: After the birth of Christ, in the year 1463, this book was written by Sister Margareta Kartheuserin, for the benefit of her convent of Saint Catherine in Nuremberg, of the Order of Preachers (Dominicans). Pray to God for her."
pu_25375,"Nuremberg, Stadtbibliothek, Cent. IV 19; Full manuscript",Germany,"Manuscript: Nuremberg, Stadtbibliothek, Cent. IV 19; Full manuscript | Country: Germany | City: Nuremberg | Region: Bavaria | Dating: 1451-1451 | Century of production: 15 | Material: parchment and paper | Colophon language: German (DE, GER) | Extent: Full manuscript | Number of folios: 345 | Decoration presence: TRUE | Musical notation presence: FALSE | Monasteries: Saint Katharina, Dominican, Nuremberg, Germany, 1295 | Scribes: Kunigund Niklasin, Nuremberg, Female (Female, Religious); John Cassian, Male (Male) | Texts copied: John Cassian, Male, The Collationes of the twenty-four Fathers, Latin (LA, LAT) [Religious Texts]","Original: Pyt got fuer die schreiberin die das puch geschriben hat K. N. Translation: ""Pray to God for the scribe who wrote this book, K.N."""
pu_35777,"Nuremberg, Stadtbibliothek, Cent. IV 30; Full manuscript",Germany,"Manuscript: Nuremberg, Stadtbibliothek, Cent. IV 30; Full manuscript | Country: Germany | City: Nuremberg | Dating: 1461 | Century of production: 15 | Material: parchment and paper | Colophon language: German (DE, GER) | Extent: Full manuscript | Number of folios: 259 | Decoration presence: TRUE | Musical notation presence: FALSE | Monasteries: Saint Katharina, Dominican, Nuremberg, Germany, 1295 | Scribes: Heinrich of Nuremberg, Male (Male); Ms. Nuremberg, Stadtbibliothek Cent. IV 30, Unidentified Hand 1, Female (Female, Religious); Ursula Geiselherin, Nuremberg, Female (Female, Religious); Ms. Nuremberg, Stadtbibliothek Cent. IV 30, Unidentified Hand 2, Female (Female, Religious) | Texts copied: Anonymous, TBC, Lives of the Fathers [Religious Texts]; Heinrich of Nuremberg, Male, Collection of German Questions, German (DE, GER) [Philosophical, and Scholarly Texts]","Original: Item daz ist das erst puch daz man hat abgeschriben von dem puch das vns die frawen zu sant Clarn geliehen haben vnd daz selb puch hat geschriben junckfraw Anna Winterin vnd das gegenwärtig puch swester Vrsula Geiselherin vnd wart ge- schriben da man zalt nach Cristi gepurt M CCCC vnd in dem LXI jar nach vnsers hochgelobten wirdigen vaters sant Dominicus tag (nach 5. Aug. 1461). Translation: This is the first book that was copied from the book which the ladies of St Clare lent us; that book was written by the maiden Anna Winterin, and the present book by Sister Ursula Geiselherin, and it was written in the year of Christ’s birth 1461, after the feast of our highly praised worthy father Saint Dominic (after 5 August 1461)."
pu_25376,"Nuremberg, Stadtbibliothek, Cent. IV 33; Full manuscript",Germany,"Manuscript: Nuremberg, Stadtbibliothek, Cent. IV 33; Full manuscript | Country: Germany | City: Nuremberg | Region: Bavaria | Dating: 2nd quarter of the 15th century | Century of production: 15 | Material: parchment and paper | Colophon language: German (DE, GER) | Extent: Full manuscript | Number of folios: 291 | Decoration presence: TRUE | Musical notation presence: FALSE | Monasteries: Saint Katharina, Dominican, Nuremberg, Germany, 1295 | Scribes: Kunigund Niklasin, Nuremberg, Female (Female, Religious); Klara Keiperin, Nuremberg, Female (Female, Religious)","Original: Item daz puch gehört in daz closter czu S(ant) Kath(rein) in Nürnberg prediger orden vnd hat ein E vnd kein czal dopey wann es ist von einem andern geteilt vnd hat geschriben swester Kungunt Nicklasin vnd swester Keiperin hinten dorczu. Translation: This book belongs to the convent of St. Katharine in Nuremberg, Order of Preachers, and it bears an ‘E’ but no number because it has been separated from another volume. It was written by Sister Kunigund Niklasin and Sister Keiperin."
pu_32496,"Nuremberg, Stadtbibliothek, Cent. IV 37; Full manuscript",Germany,"Manuscript: Nuremberg, Stadtbibliothek, Cent. IV 37; Full manuscript | Country: Germany | City: Nuremberg | Dating: c. 1400 | Century of production: 15, 14 | Material: paper | Colophon language: German (DE, GER) | Extent: Full manuscript | Number of folios: 134 | Musical notation presence: FALSE | Monasteries: Saint Katharina, Dominican, Nuremberg, Germany, 1295 | Scribes: Ms. Nuremberg, Stadtbibliothek, Cent. IV 37, Unidentified Hand 1, Female (Female, Religious); Kunigund Schreiberin, Nuremberg, Female (Female, Religious); Ms. Nuremberg, Stadtbibliothek, Cent. IV 37, Unidentified Hand 3, Female (Female, Religious); Ms. Nuremberg, Stadtbibliothek, Cent. IV 37, Unidentified Hand 2, Female (Female, Religious); Anonymous, TBC (TBC, Religious) | Texts copied: Anonymous, TBC, Treatises and Sermons [Religious Texts]","Original: Küngünt Schreyberin scripsit do pit got für mit einem avemaria dez begert sy daz irgotgnedig sey. Translation: Küngünt Schreyberin wrote this; pray God for me with an Ave Maria, for she desires that God be merciful to her."
pu_25377,"Nuremberg, Stadtbibliothek, Cent. IV 6; Full manuscript",Germany,"Manuscript: Nuremberg, Stadtbibliothek, Cent. IV 6; Full manuscript | Country: Germany | City: Nuremberg | Region: Bavaria | Dating: completed on Monday, June 9, 1421 | Century of production: 15 | Material: paper | Colophon language: Latin (LA, LAT) | Extent: Full manuscript | Number of folios: 422 | Decoration presence: TRUE | Monasteries: Saint Katharina, Dominican, Nuremberg, Germany, 1295 | Scribes: Nicholas of Lyra, Male (Male); Kunigund Schreiberin, Nuremberg, Female (Female, Religious) | Texts copied: Nicholas of Lyra, Male, Psalter with Commentary, Latin (LA, LAT) [Religious Texts]","Original: Explicit feria secunda hora vesperarum post Bonifacij XXIo (9 june 1421). Explicit in nomine Ihesu Cristi amen. Translation: Ended on the second weekday at the hour of Vespers, after the Feast of Boniface XXI (9th June 1421). Ended in the name of Jesus Christ, amen."
pu_25378,"Nuremberg, Stadtbibliothek, Cent. IV 7; Full manuscript",Germany,"Manuscript: Nuremberg, Stadtbibliothek, Cent. IV 7; Full manuscript | Country: Germany | City: Nuremberg | Region: Bavaria | Dating: 24 November 1474 | Century of production: 15 | Material: paper | Colophon language: German (DE, GER) | Extent: Full manuscript | Number of folios: 249 | Monasteries: Saint Katharina, Dominican, Nuremberg, Germany, 1295 | Scribes: D. G., Nuremberg, Female (Female, Religious); Anonymous, TBC (TBC, Religious) | Texts copied: Anonymous, TBC, Gospel Book [Religious Texts]; Anonymous, TBC, Epistolary [Religious Texts]","Original: Schreiberinitialen D.G., datiert von 1474, 24.Nov. (245vb)."
pu_25383,"Nuremberg, Stadtbibliothek, Cent. V 33; Full manuscript",Germany,"Manuscript: Nuremberg, Stadtbibliothek, Cent. V 33; Full manuscript | Country: Germany | City: Nuremberg | Region: Bavaria | Dating: 1462 | Century of production: 15 | Material: parchment | Colophon language: German (DE, GER) | Extent: Full manuscript | Number of folios: 234 | Decoration presence: TRUE | Musical notation presence: FALSE | Monasteries: Saint Katharina, Dominican, Nuremberg, Germany, 1295 | Scribes: Kunigund Holzschuherin, Nuremberg, Female (Female, Religious); Anonymous, TBC (TBC, Religious) | Texts copied: Anonymous, TBC, Breviary [Religious Texts]","Original: Anno domini MCCCCLXII. ltem diß pucl1 g-elu,rt in den conuent des closters ru -1ant Kathrein in Niiremberg prediger ordens vnd hat das geschriben swester Kungunt Holtuchuhin, conuent swester des selbigen closters, zu nutz jrem conuent, vnd ire gewistret aben jr das parmet vnd den zeug bezalt. Pitent got für sie alle, sie sint lebend oder tot etc Translation: the front pastedown: “In the year of our Lord 1462. This book belongs to the convent of St. Catherine in Nuremberg of the Order of Preachers, and it was written by Sister Kunigunde Holzschubin, a convent sister of the same house, for our convent, and she paid for the parchment and materials herself.Let all pray for her, whether she be living or dead, etc.”"
pu_25384,"Nuremberg, Stadtbibliothek, Cent. V 4; Full manuscript",Germany,"Manuscript: Nuremberg, Stadtbibliothek, Cent. V 4; Full manuscript | Country: Germany | City: Nuremberg | Region: Bavaria | Dating: 1442-1442 | Century of production: 15 | Material: parchment and paper | Colophon language: German (DE, GER) | Extent: Full manuscript | Number of folios: 133 | Decoration presence: TRUE | Musical notation presence: FALSE | Monasteries: Saint Katharina, Dominican, Nuremberg, Germany, 1295 | Scribes: Kunigund Niklasin, Nuremberg, Female (Female, Religious); Anonymous, TBC (TBC, Religious) | Texts copied: Anonymous, TBC, Lives of the Fathers [Religious Texts]; Anonymous, TBC, Example of the Redemption of a Soul from Purgatory [Philosophical, and Scholarly Texts]; Anonymous, TBC, Ten Seasons of Patience [Religious Texts]; Anonymous, TBC, Example of the Temptation of a Nun [Philosophical, and Scholarly Texts]","Original: Item dicz puch ist geendet worden an sant Vincendus tag anno domini M°CCCC° vnd in dem XLII jar (22. Jan. 1442). Pit got für die schreiberin die dicz puch geschriben hat S(westery K(unigund) N(iklasin). Translation: This book was finished on the feast of Saint Vincent, in the year of the Lord 1442 (22 January). Pray to God for the scribe who wrote this book, Sister Kunigund Niklasin."
pu_25386,"Nuremberg, Stadtbibliothek, Cent. V App. 34p; Full manuscript",Germany,"Manuscript: Nuremberg, Stadtbibliothek, Cent. V App. 34p; Full manuscript | Country: Germany | City: Nuremberg | Region: Bavaria | Dating: 1458-1458 | Century of production: 15 | Material: parchment | Colophon language: German (DE, GER) | Extent: Full manuscript | Number of folios: 89 | Decoration presence: TRUE | Musical notation presence: TRUE | Monasteries: Saint Katharina, Dominican, Nuremberg, Germany, 1295 | Scribes: Margarete Kartäuserin, Nuremberg, Female (Female, Religious); Anonymous, TBC (TBC, Religious) | Texts copied: Anonymous, TBC, Gradual [Religious Texts]","Original: Nach Christi gepurt 1458. Iar hat geschrieben diss puch Swester Margaretha Karteuserin czu nnutz irem Kloster zu Sant Katherein in Nurnperg Prediger Ordens, pit Got für sie. Translation: After Christ’s birth, 1458. This book has been written by Sister Margaretha, a Carthusian, for the benefit of her convent at Saint Catherine in Nuremberg, of the Order of Preachers. May God bless her."
pu_25388,"Nuremberg, Stadtbibliothek, Cent. V App. 34q; Full manuscript",Germany,"Manuscript: Nuremberg, Stadtbibliothek, Cent. V App. 34q; Full manuscript | Country: Germany | City: Nuremberg | Region: Bavaria | Dating: 1459 | Century of production: 15 | Material: parchment | Colophon language: German (DE, GER) | Extent: Full manuscript | Number of folios: 53 | Decoration presence: TRUE | Musical notation presence: TRUE | Monasteries: Saint Katharina, Dominican, Nuremberg, Germany, 1295 | Scribes: Margarete Kartäuserin, Nuremberg, Female (Female, Religious); Anonymous, TBC (TBC, Religious) | Texts copied: Anonymous, TBC, Gradual [Religious Texts]","Original: f.1: Nach Chrui1igepur1 M°CCCC' in d,,n LX jar hat geschriben diß boch swester /11argareta Karthewerin cz1t nutz irem closter ZIL sant Katherina in Nurenberg prediger ordens. Pit got for sie. Translation: f.1r (flyleaf): scribal colophon: After the birth of Christ, in the year 1460, this book was written by Sister Margareta Kartheuserin for the benefit of her convent of St. Catherine in Nuremberg, of the Dominican Order. Pray for her. f.1v blank."
pu_25387,"Nuremberg, Stadtbibliothek, Cent. V App. 34r; Full manuscript",Germany,"Manuscript: Nuremberg, Stadtbibliothek, Cent. V App. 34r; Full manuscript | Country: Germany | City: Nuremberg | Region: Bavaria | Dating: 1460 | Century of production: 15 | Material: parchment | Colophon language: German (DE, GER) | Extent: Full manuscript | Number of folios: 73 | Decoration presence: TRUE | Musical notation presence: TRUE | Monasteries: Saint Katharina, Dominican, Nuremberg, Germany, 1295 | Scribes: Margarete Kartäuserin, Nuremberg, Female (Female, Religious); Anonymous, TBC (TBC, Religious) | Texts copied: Anonymous, TBC, Gradual [Religious Texts]","Original: Nach Chrui1igepur1 M°CCCC0 in d,,m LVTJJI iar hat geschriben diß hoch swester Margarela Kartheuserin czu nutz irem clos1er zu sanl Katherina in Nurenberg prediger ordens. Pit go1 for sie. Translation: After the birth of Christ, in the year 1459, this book was written by Sister Margareta Kartheuserin for the benefit of her convent of St. Catherine in Nuremberg, of the Dominican Order. Pray for her."
pu_25391,"Nuremberg, Stadtbibliothek, Cent. V App. 34t; Full manuscript",Germany,"Manuscript: Nuremberg, Stadtbibliothek, Cent. V App. 34t; Full manuscript | Country: Germany | City: Nuremberg | Region: Bavaria | Dating: 1465-1465 | Century of production: 15 | Material: parchment | Colophon language: German (DE, GER) | Extent: Full manuscript | Number of folios: 58 | Decoration presence: TRUE | Musical notation presence: TRUE | Monasteries: Saint Katharina, Dominican, Nuremberg, Germany, 1295 | Scribes: Margarete Kartäuserin, Nuremberg, Female (Female, Religious); Anonymous, TBC (TBC, Religious) | Texts copied: Anonymous, TBC, Antiphonary [Religious Texts]","Original: Nach Christi gepurt M°CCCC° in dem LXV iar hat geschriben ditz puch swester Margaretha Kartheuserin tzu nütz irem closter tzu sant Katherina in Nürenberg prediger ordens. Pit got fuͤr sie. Translation: After the birth of Christ, in the year 1465, this book was written by Sister Margaretha Cartheuser for the benefit of her convent of St Catherine in Nuremberg of the Dominican Order. Pray to God for her."
pu_25392,"Nuremberg, Stadtbibliothek, Cent. V App. 34u; Full manuscript",Germany,"Manuscript: Nuremberg, Stadtbibliothek, Cent. V App. 34u; Full manuscript | Country: Germany | City: Nuremberg | Region: Bavaria | Dating: 1467-1467 | Century of production: 15 | Material: parchment | Colophon language: German (DE, GER) | Extent: Full manuscript | Number of folios: 67 | Decoration presence: TRUE | Musical notation presence: TRUE | Monasteries: Saint Katharina, Dominican, Nuremberg, Germany, 1295 | Scribes: Margarete Kartäuserin, Nuremberg, Female (Female, Religious); Anonymous, TBC (TBC, Religious) | Texts copied: Anonymous, TBC, Antiphonary [Religious Texts]","Original: Nach Christi gepurt MCCCCLXVII iar hat geschriben diß boch swester Margareta Karteuserin tzu nütz irem closter zu sant Katherina in Nurenberga prediger ordens. Pit got for sie. Translation: After the birth of Christ, in the year 1467, this book was written by Sister Margareta Cartheuser for the benefit of her convent of St Catherine in Nuremberg of the Dominican Order. Pray to God for her."
pu_25400,"Nuremberg, Stadtbibliothek, Cent. VI 43l; Full manuscript",Germany,"Manuscript: Nuremberg, Stadtbibliothek, Cent. VI 43l; Full manuscript | Country: Germany | City: Nuremberg | Region: Bavaria | Dating: 1446 | Century of production: 15 | Material: paper | Colophon language: German (DE, GER) | Extent: Full manuscript | Number of folios: 307 | Monasteries: Saint Katharina, Dominican, Nuremberg, Germany, 1295 | Scribes: Kunigund Niklasin, Nuremberg, Female (Female, Religious)","Original: 313v: Item es ist das puch ausgeschriben worden an sant Dominicus tag vnsers heiligen vaters als er erhaben ist worden (5. Aug.) als man zalt M0 CCC0 vnd in dem XLVI jar. Pit got fuer die schreiberin die das puch geschriben hat K<unigund> N<ikalsin> das ir got genedig sey. Translation: “This book was written on Saint Dominic’s Day, our holy father’s feast (August 5), in the year 1446. Pray to God for the female scribe, Kunigunde Nikalsin, that God may be merciful to her.”"
pu_25402,"Nuremberg, Stadtbibliothek, Cent. VI 43m; Full manuscript",Germany,"Manuscript: Nuremberg, Stadtbibliothek, Cent. VI 43m; Full manuscript | Country: Germany | City: Nuremberg | Region: Bavaria | Dating: 1440-1450 | Century of production: 15 | Material: paper | Extent: Full manuscript | Number of folios: 308 | Decoration presence: TRUE | Musical notation presence: FALSE | Monasteries: Saint Katharina, Dominican, Nuremberg, Germany, 1295 | Scribes: Ms. Nuremberg, Stadtbibliothek, Cent. VI 43m, Unidentified Hand 5, Female (Female, Religious); Ms. Nuremberg, Stadtbibliothek, Cent. VI 43m, Unidentified Hand 3, Female (Female, Religious); Ms. Nuremberg, Stadtbibliothek, Cent. VI 43m, Unidentified Hand 6, Female (Female, Religious); Ms. Nuremberg, Stadtbibliothek, Cent. VI 43m, Unidentified Hand 4, Female (Female, Religious); Ms. Nuremberg, Stadtbibliothek, Cent. VI 43m, Unidentified Hand 1, Female (Female, Religious); Elisabeth Schurstabin, Nuremberg, Female (Female, Religious); Ms. Nuremberg, Stadtbibliothek, Cent. VI 43m, Unidentified Hand 7, Female (Female, Religious); Ms. Nuremberg, Stadtbibliothek, Cent. VI 43m, Unidentified Hand 2, Female (Female, Religious)",Translation: Written on the feast of St Alexius in the year 1445 (17 July). Pray to God for the sister who at last wrote this book; she asks it with her whole heart. Orate pro me.
pu_22558,"Nuremberg, Stadtbibliothek, Cent. VI 53; f. 26r-208v",Germany,"Manuscript: Nuremberg, Stadtbibliothek, Cent. VI 53; f. 26r-208v | Country: Germany | City: Nuremberg | Dating: Mid 15th century | Century of production: 15 | Material: paper | Colophon language: German (DE, GER) | Extent: f. 26r-208v | Number of folios: 183 | Decoration presence: TRUE | Musical notation presence: FALSE | Monasteries: Saint Katharina, Dominican, Nuremberg, Germany, 1295 | Scribes: Heinrich von Friemar, Male (Male); Heinrich of Saint Gall, Male (Male); Gerhard Comitis, Male (Male); Barbara Rutzin, Nuremberg, Female (Female, Religious); Ms. Nuremberg, Stadtbibliothek Cent. VI 53, Unidentified Hand 7, Female (Female, Religious); Bonaventure of Bagnoregio, Male (Male); Ms. Nuremberg, Stadtbibliothek Cent. VI 53, Unidentified Hand 6, Female (Female, Religious); Kunigund Schreiberin, Nuremberg, Female (Female, Religious); Ms. Nuremberg, Stadtbibliothek Cent. VI 53, Unidentified Hand 8, Female (Female, Religious); Klara Keiperin, Nuremberg, Female (Female, Religious); Ms. Nuremberg, Stadtbibliothek Cent. VI 53, Unidentified Hand 3, Female (Female, Religious); Ms. Nuremberg, Stadtbibliothek Cent. VI 53, Unidentified Hand 5, Female (Female, Religious); Ms. Nuremberg, Stadtbibliothek Cent. VI 53, Unidentified Hand 9, Female (Female, Religious); Saint John the Evangelist, Male (Male); Ms. Nuremberg, Stadtbibliothek Cent. VI 53, Unidentified Hand 4, Female (Female, Religious); Ms. Nuremberg, Stadtbibliothek Cent. VI 53, Unidentified Hand 2, Female (Female, Religious); Anonymous, TBC (TBC, Religious) | Texts copied: Anonymous, TBC, Indulgence Privileges of the Teutonic Order [Philosophical, and Scholarly Texts]; Heinrich of Saint Gall, Male, Passion Treatise, German (DE, GER) [Religious Texts]; Gerhard Comitis, Male, Sermon on One Hundred Articles of the Passion, Latin (LA, LAT) [Religious Texts]; Anonymous, TBC, Collection of Sayings and Teachings [Philosophical, and Scholarly Texts]; Bonaventure of Bagnoregio, Male, On the Five Feasts of the Child Jesus, Latin (LA, LAT) [Religious Texts]; Saint John the Evangelist, Male, Gospel of John 1:1–14, Greek (EL, GRE) [Religious Texts]; Anonymous, TBC, Treatise on the Praise of Monastic Life [Religious Texts]; Heinrich von Friemar, Male, On the Four Instincts, Latin (LA, LAT) [Religious Texts]; Postil Sermons [Religious Texts]","Original: Anno domini M CCCC 18 in die sancti Stepfani (26. Dez.) hora undecima vel quasi finivi. Pit got für den Schreiber mit einem pater noster vnd avemaria das euch wol geling. Translation: In the year of our Lord 1418, on the feast of Saint Stephen (26 December), at the eleventh hour or thereabouts, I finished. Pray to God for the scribe with one Pater noster and one Ave Maria, so that all may go well for you."
pu_22557,"Nuremberg, Stadtbibliothek, Cent. VI 53; f. 2r-25v",Germany,"Manuscript: Nuremberg, Stadtbibliothek, Cent. VI 53; f. 2r-25v | Country: Germany | City: Nuremberg | Dating: mid-15th century | Century of production: 15 | Material: paper | Colophon language: German (DE, GER) | Extent: f. 2r-25v | Number of folios: 25 | Decoration presence: FALSE | Musical notation presence: FALSE | Monasteries: Saint Katharina, Dominican, Nuremberg, Germany, 1295 | Scribes: Ms. Nuremberg, Stadtbibliothek Cent. VI 53, Unidentified Hand 1, Female (Female, Religious); Agnes Pabenbergerin, Nuremberg, Female (Female, Religious); Anonymous, TBC (TBC, Religious) | Texts copied: Anonymous, TBC, Life of Saint Margaret of Hungary [Religious Texts]; Bonaventure of Bagnoregio, Male, On the Five Feasts of the Child Jesus, Latin (LA, LAT) [Religious Texts]","Original: f. 25r: Es ist zu wissen das die legend der heiligen wirdigen junckfrawn sant Margrethn nicht beslissung hat vmb des willen das si noch nicht erhaben ist ... Pittet got für vnsern erwirdigen getrewen liben vater vikari Jorg Valder der dise legend mit müe aus latein zu deüczsch pracht hat. Auch pitt ich euch mein allerherzigistn libsten muter vnd swester das ir got pittfür die schreiberinn s(wester) Agnes Pabnbergerin wann ich euch das mit ganzer begird meins herzen geschribn hab das ir mein dapei gedenkt zu got vnd der junckfrawn Maria mit einem avemaria. (Darunter von anderer Hand: gern gern.) Translation: It should be known that the legend of the holy, worthy virgin Saint Margaret has no conclusion, because she has not yet been elevated [to sainthood]… Pray to God for our venerable, faithful, dear father, Vicar Jörg Valder, who with effort has brought this legend from Latin into German. I also beg you, my most beloved mother and sister, to pray to God for the scribe, Sister Agnes Pabnbergerin, for I have written this for you with the whole desire of my heart, so that you may remember me before God and the Virgin Mary with an Ave Maria. (Underneath, in another hand: Gladly, gladly.)"
pu_25413,"Nuremberg, Stadtbibliothek, Cent. VI 69; Full manuscript",Germany,"Manuscript: Nuremberg, Stadtbibliothek, Cent. VI 69; Full manuscript | Country: Germany | City: Nuremberg | Region: Bavaria | Dating: 1467-1467 | Century of production: 15 | Material: paper | Colophon language: German (DE, GER) | Extent: Full manuscript | Number of folios: 252 | Decoration presence: TRUE | Musical notation presence: TRUE | Monasteries: Saint Katharina, Dominican, Nuremberg, Germany, 1295 | Scribes: Elisabeth Schurstabin, Nuremberg, Female (Female, Religious); Anonymous, TBC (TBC, Religious) | Texts copied: Anonymous, TBC, Ritual [Religious Texts]",Original: Dißpuch hatgeschriben S^wester} Elisabeth Schurstabin anno domijii M CCCC LXVIIpit gotfur sie. Translation: This book was written by Sister Elisabeth Schurstabin in the year of the Lord 1467; pray to God for her
pu_25418,"Nuremberg, Stadtbibliothek, Cent. VII 10; Full manuscript",Germany,"Manuscript: Nuremberg, Stadtbibliothek, Cent. VII 10; Full manuscript | Country: Germany | City: Nuremberg | Region: Bavaria | Dating: 2nd half of the 15th century | Century of production: 15 | Material: paper | Colophon language: German (DE, GER) | Extent: Full manuscript | Number of folios: 456 | Monasteries: Saint Katharina, Dominican, Nuremberg, Germany, 1295 | Scribes: Gertrud Tetzel, Nuremberg, Female (Female, Religious); Ms. Nuremberg Stadtbibliothek Cent. VII 10, Unidentified hand 1, Nuremberg, Female (Female, Religious); Ms. Nuremberg Stadtbibliothek Cent. VII 10, Unidentified hand 2, Nuremberg, Female (Female, Religious); Ms. Nuremberg Stadtbibliothek Cent. VII 10, Unidentified hand 3, Nuremberg, Female (Female, Religious)","Original: XIIr: Item an dem puch sten die epistel vnd ewangelium über jar vom zeyt ... vnd hats geschriben suiester Gerdraut Teczlin selig. Translation: Table of contents on XIIr: “In this book are the epistles and Gospels for the entire year, arranged by season… and it was written by Sister Gertraud Tetzel, of blessed memory.”"
pu_25419,"Nuremberg, Stadtbibliothek, Cent. VII 11a; Full manuscript",Germany,"Manuscript: Nuremberg, Stadtbibliothek, Cent. VII 11a; Full manuscript | Country: Germany | City: Nuremberg | Region: Bavaria | Dating: Fourth quarter of the 15th century | Century of production: 15 | Material: parchment and paper | Colophon language: German (DE, GER) | Extent: Full manuscript | Number of folios: 263 | Monasteries: Saint Katharina, Dominican, Nuremberg, Germany, 1295 | Scribes: Gertrud Tetzel, Nuremberg, Female (Female, Religious); Klara Keiperin, Nuremberg, Female (Female, Religious)","Original: f.1r: Vnd das puch hat am meysten S{wester) Clara Keyperin geschriben vnd ein teyl s(wester) Gerdraut Teczlin Translation: f.1r: And this book was written mostly by Sister Clara Keyperin, and a portion by Sister Gerdraut Teczlin."
pu_25421,"Nuremberg, Stadtbibliothek, Cent. VII 13; Full manuscript",Germany,"Manuscript: Nuremberg, Stadtbibliothek, Cent. VII 13; Full manuscript | Country: Germany | City: Nuremberg | Region: Bavaria | Dating: 1486-1500 | Century of production: 15 | Material: paper | Colophon language: German (DE, GER) | Extent: Full manuscript | Number of folios: 158 | Musical notation presence: FALSE | Monasteries: Saint Katharina, Dominican, Nuremberg, Germany, 1295 | Scribes: Elisabeth Muntin, Saint Gallen, Female (Female, Religious); Ms. Nuremberg Stadtbibliothek Cent. VII 13, Unidentified Hand 3, Female (Female, Religious); Ms. Nuremberg Stadtbibliothek Cent. VII 13, Unidentified hand 1, Nuremberg, Female (Female, Religious); Ms. Nuremberg Stadtbibliothek Cent. VII 13, Unidentified hand 2, Nuremberg, Female (Female, Religious)","Original: 0 min ainigi vnd allergetrüwesti muter bitgotfür din trüws kind S. Elizabet Munt(in) die dir dis vss gantzer trüw geschr(iben) haut u>ie wol die geschr(ift) bos ist so ist doch die liebi gantz vnd gut. Translation: O my unique and most faithful mother, pray to God for your faithful child S. Elisabeth Muntin, who has written this for you out of complete loyalty. Even if the writing is poor, the love is whole and good.”"
pu_25422,"Nuremberg, Stadtbibliothek, Cent. VII 16; Full manuscript",Germany,"Manuscript: Nuremberg, Stadtbibliothek, Cent. VII 16; Full manuscript | Country: Germany | City: Nuremberg | Region: Bavaria | Dating: 1436 | Century of production: 15 | Material: paper | Colophon language: German (DE, GER) | Extent: Full manuscript | Number of folios: 274 | Monasteries: Saint Katharina, Dominican, Nuremberg, Germany, 1295 | Scribes: nun from St. Katharina, Nuremberg, Female (Female, Religious)","Original: 8v: pittent got fu""r mich swester ku""sterin denn ich dise ding mit fleiss zusammengesucht han. Pittent auch fur die swester die in geschriben hat.  On f.8: ""Miner recht lieben sv .. svester M[a]rg[ret] V[er]nan zv/o/ sa[nt] Katrinen zu/o/ Nu/o/renber[g]."" Margaretha Vernan kam 1428 aus Scho""nensteinbach, d. 1475 Translation: 8v: May God have mercy on me, Sister Custodian, for I have diligently gathered these things. Also, may God have mercy on the sister who wrote it down.  On f.8: “My very dear sister Margaretha Vernan, of Saint Catherine in Nuremberg.” Margaretha Vernan came from Schönensteinbach in 1428 and passed away in 1475."
pu_25425,"Nuremberg, Stadtbibliothek, Cent. VII 21; Full manuscript",Germany,"Manuscript: Nuremberg, Stadtbibliothek, Cent. VII 21; Full manuscript | Country: Germany | City: Nuremberg | Region: Bavaria | Dating: 2nd half of the 15th century | Century of production: 15 | Material: paper | Colophon language: German (DE, GER) | Extent: Full manuscript | Number of folios: 235 | Monasteries: Saint Katharina, Dominican, Nuremberg, Germany, 1295 | Scribes: Ursula Geiselherin, Nuremberg, Female (Female, Religious); Ms. Nuremberg Stadtbibliothek Cent. VII 21, Unidentified Hand 1, Nuremberg, Female (Female, Religious); Ms. Nuremberg Stadtbibliothek Cent. VII 21, Unidentified Hand 3, Nuremberg, Female (Female, Religious); Ms. Nuremberg Stadtbibliothek Cent. VII 21, Unidentified Hand 4, Nuremberg, Female (Female, Religious); Klara Keiperin, Nuremberg, Female (Female, Religious); Ms. Nuremberg Stadtbibliothek Cent. VII 21, Unidentified Hand 2, Nuremberg, Female (Female, Religious)","Original: Item dise II puchlein haben die swestern geschriben, und hat gepredigt und gemacht der erwirdig vater prior zu den predigern, Peter Kirchslag, und unser peichtiger, vater Hasz, hat sy uns teutzsch lasen machen. Translation: These two little books have been written by the sisters, and preached and made by the venerable Father Prior of the Preachers, Peter Kirchslag, and our respected Father Hasz, had them translated into German for us."
pu_25427,"Nuremberg, Stadtbibliothek, Cent. VII 29; Full manuscript",Germany,"Manuscript: Nuremberg, Stadtbibliothek, Cent. VII 29; Full manuscript | Country: Germany | City: Nuremberg | Region: Bavaria | Dating: mid-15th century | Century of production: 15 | Material: paper | Colophon language: German (DE, GER) | Extent: Full manuscript | Number of folios: 267 | Musical notation presence: FALSE | Monasteries: Saint Katharina, Dominican, Nuremberg, Germany, 1295 | Scribes: Ms. Nuremberg Stadtbibliothek Cent. VII 29, Unidentified hand 4, Nuremberg, Female (Female, Religious); Ms. Nuremberg Stadtbibliothek Cent. VII 29, Unidentified hand 1, Nuremberg, Female (Female, Religious); Ms. Nuremberg Stadtbibliothek Cent. VII 29, Unidentified hand 2, Nuremberg, Female (Female, Religious); Ms. Nuremberg Stadtbibliothek Cent. VII 29, Unidentified hand 3, Nuremberg, Female (Female, Religious); Ursula Geiselherin, Nuremberg, Female (Female, Religious); Dorothea Schurstabin, Nuremberg, Female (Female, Religious); Ms. Nuremberg Stadtbibliothek Cent. VII 29, Unidentified hand 5, Nuremberg, Female (Female, Religious)",Original: (...)mumen junkfrau Ur(...) zu Augsburg
pu_25428,"Nuremberg, Stadtbibliothek, Cent. VII 31; Full manuscript",Germany,"Manuscript: Nuremberg, Stadtbibliothek, Cent. VII 31; Full manuscript | Country: Germany | City: Nuremberg | Region: Bavaria | Dating: 1515 | Century of production: 16 | Material: paper | Colophon language: German (DE, GER) | Extent: Full manuscript | Number of folios: 184 | Monasteries: Saint Katharina, Dominican, Nuremberg, Germany, 1295 | Scribes: Anna Sheckin, Nuremberg, Female (Female, Religious); Konrad (Spitzer), Male (Male) | Texts copied: Konrad (Spitzer), Male, Booklet of the Spiritual Consort, German (DE, GER) [Religious Texts]",Original: f.173v: „Das loblich vnd nuczlich buchlain ist volendt am suntag vor sant Jorgen tag (22. April) als man zalt noch Cristus geburdt tausent funffhundert vnd in dem funffzehenden jar. Anna Scheck.“ Translation: This praiseworthy and useful little book was completed on the Sunday before St. George’s Day (22 April) in the year one thousand five hundred and fifteen since the birth of Christ. Anna Scheck.
pu_33484,"Nuremberg, Stadtbibliothek, Cent. VII 34; f. 42–125 and 201–239",Germany,"Manuscript: Nuremberg, Stadtbibliothek, Cent. VII 34; f. 42–125 and 201–239 | Country: Germany | City: Nuremberg | Dating: First half of the 15th century | Century of production: 15 | Material: paper | Colophon language: German (DE, GER) | Extent: f. 42–125 and 201–239 | Decoration presence: TRUE | Musical notation presence: FALSE | Monasteries: Saint Katharina, Dominican, Nuremberg, Germany, 1295 | Scribes: Barbara Gewichtmacherin, Nuremberg, Female (Female, Religious)",Original: S(wester) Barbara Gewiechtmacherin Translation: Sister Barbara Gewiechtmacherin
pu_25433,"Nuremberg, Stadtbibliothek, Cent. VII 50; Full manuscript",Germany,"Manuscript: Nuremberg, Stadtbibliothek, Cent. VII 50; Full manuscript | Country: Germany | City: Nuremberg | Region: Bavaria | Dating: 1476-1525 | Century of production: 15 | Material: paper | Colophon language: German (DE, GER) | Extent: Full manuscript | Number of folios: 39 | Monasteries: Saint Katharina, Dominican, Nuremberg, Germany, 1295 | Scribes: V. T., S(wester), Nuremberg, Female (Female, Religious)","Original: f.39r, beneath the final prayer, reads: “S(wester) V.T."" “Ein avemaria durch gotes willen. S(wester) V. T.” Translation: f.39r, beneath the final prayer, reads: (Sister V.T.) (One Ave Maria by God’s will. Sister V. T.)"
pu_25435,"Nuremberg, Stadtbibliothek, Cent. VII 56; Full manuscript",Germany,"Manuscript: Nuremberg, Stadtbibliothek, Cent. VII 56; Full manuscript | Country: Germany | City: Nuremberg | Region: Bavaria | Dating: Late 15th century | Century of production: 15 | Material: paper | Colophon language: Latin (LA, LAT) | Extent: Full manuscript | Number of folios: 50 | Monasteries: Saint Katharina, Dominican, Nuremberg, Germany, 1295 | Scribes: Schwester B. P., Nuremberg, Female (Female, Religious)",Original: f.50: S(wester?) B.P. Ave M(aria).
pu_25442,"Nuremberg, Stadtbibliothek, Cent. VII 75; Full manuscript",Germany,"Manuscript: Nuremberg, Stadtbibliothek, Cent. VII 75; Full manuscript | Country: Germany | City: Nuremberg | Region: Bavaria | Dating: 1499 | Century of production: 15 | Material: parchment | Colophon language: German (DE, GER) | Extent: Full manuscript | Number of folios: 72 | Decoration presence: TRUE | Musical notation presence: TRUE | Monasteries: Saint Katharina, Dominican, Nuremberg, Germany, 1295 | Scribes: Schwester E. K., Nuremberg, Female (Female, Religious); Anonymous, TBC (TBC, Religious) | Texts copied: Anonymous, TBC, Death and burial liturgy for sisters [Religious Texts]","Original: Pitgot fur die schreiberin E. 1499 Translation: Pray for the scribe E., 1499."
pu_25450,"Nuremberg, Stadtbibliothek, Cent. VII 93; Full manuscript",Germany,"Manuscript: Nuremberg, Stadtbibliothek, Cent. VII 93; Full manuscript | Country: Germany | City: Nuremberg | Region: Bavaria | Dating: c.1400 | Century of production: 15, 14 | Material: paper | Extent: Full manuscript | Number of folios: 136 | Monasteries: Saint Katharina, Dominican, Nuremberg, Germany, 1295 | Scribes: Klara Nutzlin, Nuremberg, Female (Female, Religious)","Original: f.135v: Klar Nutzlin Translation: On f.135v above the text, the name of the scribe is written (?): “Klar Nutzlin”"
pu_25455,"Oxford, Bodleian Library, Add. A. 288; Full manuscript",Netherlands,"Manuscript: Oxford, Bodleian Library, Add. A. 288; Full manuscript | Country: Netherlands | Dating: 1578 | Century of production: 16 | Material: paper | Colophon language: Dutch (NL, DUTENG) | Extent: Full manuscript | Number of folios: 144 | Decoration presence: TRUE | Musical notation presence: FALSE | Scribes: Lysbeth Lenaerts, Female (Female); Anonymous, TBC (TBC, Religious) | Texts copied: Anonymous, TBC, Sermons [Religious Texts]","Original: Desen boeck heest ghescreven Suster Lysbeth Lenaerts ... enn is voleijnt int jaer ons Heeren a. 1578 den 15 dagh Iunii... Translation: This book was written by Sister Lysbeth Lenaerts … and was completed in the year of our Lord 1578, on the 15th day of June."
pu_25458,"Oxford, Bodleian Library, Bodl. 451; Full manuscript",England,"Manuscript: Oxford, Bodleian Library, Bodl. 451; Full manuscript | Country: England | City: Winchester | Region: Hampshire | Dating: c. 1100 | Century of production: 12 | Material: parchment | Colophon language: Latin (LA, LAT) | Extent: Full manuscript | Number of folios: 121 | Decoration presence: TRUE | Musical notation presence: FALSE | Monasteries: Nunnaminster, Benedictine, Winchester, United Kingdom | Scribes: Smaragdus of Saint-Mihiel, Male (Male); Augustine of Hippo, Male (Male); Ms. Oxford Ms.Bodl. 451 Unidentified nun-scribe A, Winchester, Female (Female, Religious); Anonymous, TBC (TBC, Religious) | Texts copied: Augustine of Hippo, Male, Sermons, Latin (LA, LAT) [Religious Texts]; Anonymous, TBC, Moral Treatise [Religious Texts]; Smaragdus of Saint-Mihiel, Male, Crown of Monks, Latin (LA, LAT) [Religious Texts]",Original: Salva et incolomis maneat per secula scriptrix. Translation: May this [female] scribe remain safe and saved for all time
pu_25461,"Oxford, Bodleian Library, Can. misc. 226; Full manuscript",Unknown,"Manuscript: Oxford, Bodleian Library, Can. misc. 226; Full manuscript | Dating: 15th century | Century of production: 15 | Material: paper | Colophon language: Latin (LA, LAT) | Extent: Full manuscript | Number of folios: 85 | Musical notation presence: FALSE | Scribes: Egflib, Female (Female)","Original: Detur pro pena Egflib pulcra puella qui scripsit scribat semper cum dno vivat. Vivat in celis veniet Holaker in nomine fellix Translation: “Let it be given as a penalty: Egflib, the beautiful girl who wrote this, may she always write and live with the Lord. May she live in heaven; may Holaker come in the blessed name."
pu_25462,"Oxford, Bodleian Library, Canon. Ital. 285; Full manuscript",Italy,"Manuscript: Oxford, Bodleian Library, Canon. Ital. 285; Full manuscript | Country: Italy | Dating: 1455 | Century of production: 15 | Material: paper | Colophon language: Italian (IT, ITA) | Extent: Full manuscript | Number of folios: 156 | Decoration presence: TRUE | Musical notation presence: FALSE | Scribes: Virgil, Male (Male); Maria di Matteo Cimatore, Italy, Female (Female, Secular) | Texts copied: Virgil, Male, Aeneid, Latin (LA, LAT) [Literary Texts]","Original: Era ’l sicondo di vespar sonato/ nel glorioso giorno che concepta/ fu l’umil Vergin sancta et benedecta/ per chui ’l primo peccar fu ristorato./ A octo giorni del mese ultimato la faticata penna asciutta et necta/ alquanto riposai et con herecta/ mente l’ora vigesima uscì dallato./ Sonavan gli anni del nostro signore/ cinque cinquanta quattrocento et mille/ quando Maria di Matheo cimatore/ finì copiare el testo et le postille/ di questo clar poeta almo, et de core/ che ’nfino al ciel mandò le sue faville./Laus Deo sit semper benedictus. Translation: The second hour of the evening had sounded on the glorious day of the conception of the humble Virgin, holy and blessed, who was free from original sin. On the eighth day of the last month I gave some rest to my weary pen, dry and clean, and the twentieth hour came forth alongside with upright mind. The year of our Lord 1455 was sounding when Maria daughter of Matteo the cloth-shearer finished copying the text and commentary of this poet, renowned and noble, and with a heart that sent its sparks as far as heaven. Praise the Lord, may He always be blessed."
pu_25463,"Oxford, Bodleian Library, Canonici Or. 89; Full manuscript",Italy,"Manuscript: Oxford, Bodleian Library, Canonici Or. 89; Full manuscript | Country: Italy | Dating: 1293 | Century of production: 13 | Material: parchment | Colophon language: Hebrew (HE, HEB) | Extent: Full manuscript | Number of folios: 257 | Decoration presence: FALSE | Musical notation presence: FALSE | Scribes: Paola Abraham ben Yoav, Italy, Female (Female)","Original: תהלות יי’ ... אשר רחמני אותי פולה בת ר’ אברהם הסופר בי""ר יואב צי""ע ... ר’ מנחם בי""ר בנימן הצדיק ... קרובי ... והפצירני ... לכתוב לו הספר ... ונגמרה ... יום רביעי שני ימים לחודש הראשון שנת חמשת אלפים וחמשים ושלשה לבריאת עולם"" Translation: Praises to the Lord… who showed mercy to me, Paola, daughter of Rabbi Abraham the scribe, son of Rabbi Yoav, may Zion be rebuilt… Rabbi Menahem, son of Rabbi Binyamin the righteous one — my relative — urged me persistently to write this book for him… And it was completed on Wednesday, the second day of the first month, in the year 5053 from the creation of the world."
pu_25464,"Oxford, Bodleian Library, d'Orv XI. 1.28.; Full manuscript",Unknown,"Manuscript: Oxford, Bodleian Library, d'Orv XI. 1.28.; Full manuscript | Extent: Full manuscript | Scribes: Marg. Gudii, Female (Female)","Original: In Biblioth. Guelderbytana extat exemplar manu Marg; Gudii descriptum. Translation: “In the Guelderbytan Library, there exists a copy written by the hand of Margareta Gudius.”"
pu_22130,"Oxford, Bodleian Library, Laud Misc 485; Full manuscript",Italy,"Manuscript: Oxford, Bodleian Library, Laud Misc 485; Full manuscript | Country: Italy | City: Venice | Region: Veneto | Dating: 1476 | Century of production: 15 | Material: paper | Colophon language: Italian (IT, ITA) | Extent: Full manuscript | Number of folios: 366 | Decoration presence: TRUE | Musical notation presence: FALSE | Scribes: Nicholas of Lyra, Male (Male); Maria of a Venice Apocalypse, Venice, Female (Female, Secular) | Texts copied: Nicholas of Lyra, Male, Commentary on the Apocalypse, Latin (LA, LAT) [Religious Texts]","Original: Laus Deo in nel mile e quatro çento e çetotanta quatro si è | fo fato questo libero per man de mi Maria in laude de Dio | e de la sua madre e del glorioxo apostolo evançelista miser | sam Çuane, fo fato questo libero per man de mi Maria in laude de Dio, sam Çuane"", Colophon on f.366r (parchment, in Venetian dialect.): ""Laus Deo in nel mile e quatro çento e çetotanta quatro si è, e de la sua madre e del glorioxo apostolo evançelista miser Translation: ""Praise be to God in 147480 this book was made by the hand of myself, Maria, in praise of God and his mother and the glorious apostle evangelist St John"", translated in B. Richardson, Women and the Circulation of Texts in Renaissance Italy (Cambridge: Cambridge University Press, 2020), p. 94, Praise be to God in 147480 this book was made by the hand of myself, Maria, in praise of God and his mother and the glorious apostle evangelist St John"
pu_22193,"Oxford, Bodleian Library, Laud Misc. 415; Full manuscript",Germany,"Manuscript: Oxford, Bodleian Library, Laud Misc. 415; Full manuscript | Country: Germany | City: Alzey | Region: Rhineland-Palatinate | Dating: 1294 | Century of production: 13 | Material: parchment | Colophon language: Latin (LA, LAT) | Extent: Full manuscript | Number of folios: 182 | Decoration presence: TRUE | Musical notation presence: FALSE | Monasteries: Holy Spirit and Saint John, nunnery, Cistercian, Alzey, Germany, 1262-
1564 | Scribes: Jutta, Alzey, Female (Female, Religious); Jacobus de Voragine, Male (Male); Anonymous, TBC (TBC, Religious) | Texts copied: Jacobus de Voragine, Male, Passion of the ten thousand martyrs, Latin (LA, LAT) [Religious Texts]; Jacobus de Voragine, Male, Golden Legend, Latin (LA, LAT) [Religious Texts]; Anonymous, TBC, Life of St Servatius, Latin (LA, LAT) [Religious Texts]; Anonymous, TBC, Passion of St Barbara [Religious Texts]","Original: a.d. 1294 Iutta discreta virgo O.C. in monasterio s. Spiritus apud Alzeyam complevit hunc librum scribens eum ad peticionem Henrici prespiteri de Schimischem. Laus sit Deo. Amen. Translation: In the year of our Lord 1294, Jutta, a devout virgin of the Order of Cistercians in the monastery of the Holy Spirit at Alzey, completed this book, writing it at the request of Henry, priest of Schimischem. Praise be to God. Amen."
pu_22250,"Oxford, Bodleian Library, Lyell 73; Full manuscript",Italy,"Manuscript: Oxford, Bodleian Library, Lyell 73; Full manuscript | Country: Italy | City: Florence | Region: Tuscany | Dating: 2 March 1424 | Century of production: 15 | Material: paper | Colophon language: Latin (LA, LAT) | Extent: Full manuscript | Number of folios: 86 | Decoration presence: TRUE | Musical notation presence: FALSE | Monasteries: Santa Pier Maggiore, Benedictine, Florence, Italy, 1067-
1784 | Scribes: Pseudo-Augustine, Male (Male); Augustine of Hippo, Male (Male); Antonia Acciaioli, Florence, Female (Female, Religious); Bartolomeo da San Concordio, Male (Male) | Texts copied: Bartolomeo da San Concordio, Male, Summa of Cases of Conscience, Latin (LA, LAT) [Religious Texts]; Pseudo-Augustine, Male, Soliloquies, Latin (LA, LAT) [Religious Texts]; Augustine of Hippo, Male, Commentary on the Psalms, Latin (LA, LAT) [Religious Texts]","Original: Iste liber est sororis Antonie monialis monasterii Sancti Petri Maioris de Florentia. Manibus suis scripsit. Explevit ipsum die secundo Martii ad horam vigesimam die giovis anno millesimo quartocientesimo vigesimo tertio. Rogate Dominum pro eam Translation: This book belongs to Sister Antonia, nun of San Pier Maggiore of Florence. She wrote it with her own hands. She finished it on Thursday 2 March at the twentieth hour in 1424. Pray to the Lord for her."
pu_25470,"Oxford, Bodleian Library, Rawl. C. 86; Full manuscript",Unknown,"Manuscript: Oxford, Bodleian Library, Rawl. C. 86; Full manuscript | Material: paper | Colophon language: Latin (LA, LAT) | Extent: Full manuscript | Number of folios: 189","Original: f.155v: Finis quod quene Elyzabeth Translation: f.155v: “Finished, by Queen Elizabeth.”"
pu_25472,"Oxford, St John's College, Ms.167; Full manuscript",England,"Manuscript: Oxford, St John's College, Ms.167; Full manuscript | Country: England | City: Isleworth | Region: Middlesex | Material: parchment | Colophon language: English (EN, ENG) | Extent: Full manuscript | Number of folios: 113 | Monasteries: Syon abbey, Bridgettine, Isleworth, United Kingdom, 1414-
1539 | Scribes: Thomasina Grove, Isleworth, Female (Female, Religious); Mary Nevel, Isleworth, Female (Female, Religious) | Texts copied: Anonymous, TBC, Processional [Religious Texts]","Original: (f.ii recto) shows Mary’s ownership inscription, ‘Syster mare. Neuel.’, alongside that of ‘syster tomysyn grove’ and ‘Brother James Stock’,"
pu_24996,p. 60 catal. a. 1783 n.30; Full manuscript,Unknown,"Manuscript: p. 60 catal. a. 1783 n.30; Full manuscript | Extent: Full manuscript | Scribes: Catharina Eschenfelde, Female (Female)",Original: Soror Catharina Eschenfelde in Montolii in Langendorf Translation: “Sister Catharina Eschenfelde in Montolii in Langendorf.”
pu_22309,"Padova, Biblioteca Civica, C.M.30; Full manuscript",Italy,"Manuscript: Padova, Biblioteca Civica, C.M.30; Full manuscript | Country: Italy | City: Florence | Region: Tuscany | Dating: 10 January 1507 | Century of production: 16 | Material: paper | Extent: Full manuscript | Number of folios: 90 | Monasteries: Santa Brigida del Paradiso, Bridgettine, Florence, Italy | Scribes: Cleofe, Florence, Female (Female, Religious)","Original: f.57r by hand identifiable as that of Cleofe: “Finisce la leggienda di sancto Çenobio copiata per una monacha del Paradiso. La quale l’à copiata a honore di tanto glorioso sancto, acciò lui interceda per me dinançi al divino e severo guidice. Laus Deo sit semper. Amen. Finissi di scrivere a dì dieci di gennaio 1506.” Translation: ""f.57r by hand identifiable as that of Cleofe: ""The legend of Saint Zenobius finishes, copied by a nun of the Paradiso. She copied it in honor of such a glorious saint, so that he may intercede for me before the divine and strict judge. Praise be to God always. Amen. Finished writing on the tenth day of January 1506."""
pu_25473,"Padova, Biblioteca del Seminario, 542 I; Full manuscript",Italy,"Manuscript: Padova, Biblioteca del Seminario, 542 I; Full manuscript | Country: Italy | City: Padua | Region: Veneto | Dating: 1297-1297 | Century of production: 13 | Material: parchment | Colophon language: Latin (LA, LAT) | Extent: Full manuscript | Number of folios: 193 | Scribes: Agnese Scarabela, Padua, Female (Female); Anonymous, TBC (TBC, Religious) | Texts copied: Anonymous, TBC, Bible [Religious Texts]","Original: f.193v: “Ego soror Agnes Scarabela de Sancte Agathe de Vantio [erased] fecit [with an erased 'd'] hoc opus. Anno Domini millesimo ducentesimo nonagesimo septimo [‘ti’ interlinear addition], indicione decima.” Translation: ""f.193v: ""I, Sister Agnes Scarabela of Saint Agatha of Vantio, made this work. In the year of our Lord one thousand two hundred and ninety-seven, tenth indiction."""
pu_25516,"Paris, Bibiliothèque Thiers, Ms.1249; Full manuscript",France,"Manuscript: Paris, Bibiliothèque Thiers, Ms.1249; Full manuscript | Country: France | Dating: Début du XIIIe siècle | Century of production: 13 | Material: parchment | Colophon language: Latin (LA, LAT) | Extent: Full manuscript | Number of folios: 549 | Decoration presence: TRUE | Musical notation presence: FALSE | Scribes: Mehildis, France, Female (Female); Anonymous, TBC (TBC, Religious) | Texts copied: Anonymous, TBC, Bible [Religious Texts]","Original: Librum conscripsit hunc Mehildis monialis. Hanc, precor, a cunctis erue, Christe, malis. Translation: This book was written by Mechthild, a nun. I pray, O Christ, deliver her from all evils."
pu_22412,"Paris, Bibliothèque de l'Arsenal, Ms. 1189; Full manuscript",France,"Manuscript: Paris, Bibliothèque de l'Arsenal, Ms. 1189; Full manuscript | Country: France | City: Reims | Region: Grand Est | Dating: XVe siècle | Century of production: 15 | Material: parchment | Colophon language: French (FR, FRE) | Extent: Full manuscript | Number of folios: 111 | Decoration presence: TRUE | Musical notation presence: FALSE | Scribes: Anonymous, TBC (TBC, Religious); Mariette Person, Reims, Female (Female) | Texts copied: Anonymous, TBC, Book of hours [Religious Texts]","Original: Je, Mariette, femme de Person l'escripvain, demourant a Reins, ay escriples ces heures de ma propre main. [MCCV] Translation: I, Mariette, wife of Person the scribe, residing in Reims, have written these hours with my own hand. [1205]"
pu_22488,"Paris, Bibliothèque de l'Arsenal, Ms. 2075; full manuscript",France,"Manuscript: Paris, Bibliothèque de l'Arsenal, Ms. 2075; full manuscript | Country: France | City: Neufchâteau | Region: Vosges | Dating: 23 avril - 3 septembre 1486 | Century of production: 15 | Material: paper | Colophon language: French (FR, FRE) | Extent: full manuscript | Number of folios: 139 | Decoration presence: TRUE | Musical notation presence: FALSE | Monasteries: Neufchâteau, Poor Clares, Neufchâteau, France, 1280 | Scribes: Pseudo-Bonaventure, Male (Male); Barbe Wyesse, Neufchâteau, Female (Female) | Texts copied: Pseudo-Bonaventure, Male, Meditations on the Life of Christ, Latin (LA, LAT) [Religious Texts]","Original: Explicit la benoites Passion de Nostre Seigneur Jhesu Crist, qui fut escripte et copulée l'an de graice Nostre Seigneur M IIIIc IIIIxx et VI, le jour de feste saint Gregoire, a la louuange (sic) et a l'asaucement du hault nons de Jhesus, et pour bien, profit et augmentaction de l'ame et du corps de très excellant et nobles dame Ysabiaulz de Croy, escripte par ma propre mains, suer Barbe Wyesse, religieuse indigne du couvent de Sainte Clare, cituée au Nuefchastelz, en Lorraine. Translation: Here ends the blessed Passion of Our Lord Jesus Christ, which was written and completed in the year of the grace of Our Lord 1496, on the feast day of Saint Gregory, to the praise and exaltation of the high name of Jesus, and for the well-being, profit, and enhancement of the soul and body of the most excellent and noble lady Ysabiaulz de Croy, written by my own hands, Sister Barbe Wyesse, unworthy nun of the convent of Saint Clare, situated in Neufchâteau, Lorraine."
pu_25474,"Paris, Bibliothèque de l'Arsenal, Ms. 424; Full manuscript",Belgium,"Manuscript: Paris, Bibliothèque de l'Arsenal, Ms. 424; Full manuscript | Country: Belgium | City: Antwerp | Region: Flanders | Dating: 1 January 1493 | Century of production: 15 | Material: parchment and paper | Colophon language: Dutch (NL, DUTENG) | Extent: Full manuscript | Number of folios: 319 | Decoration presence: TRUE | Musical notation presence: FALSE | Monasteries: White Sisters, Poor Clares, Antwerp, Belgium, 1480 | Scribes: Ghertruit Bay, Anvers, Female (Female); Anonymous, TBC (TBC, Religious) | Texts copied: Anonymous, TBC, Book of hours [Religious Texts]","Original: Item dit boexken is gheeint int iaer ons Heren MCCC en[de] XCIII op den avont der besnidenisse ons Heren... mij s. Ghertruit Bay bidt om Gods wil voer mijn siele. Translation: Also, this little book was completed in the year of our Lord 1393 on the eve of the Circumcision of our Lord... me, Sister Ghertruit Bay, prays for the sake of my soul."
pu_22855,"Paris, Bibliothèque de l'Arsenal, Ms. 8201; Full manuscript",Netherlands,"Manuscript: Paris, Bibliothèque de l'Arsenal, Ms. 8201; Full manuscript | Country: Netherlands | Dating: 1516 | Century of production: 16 | Material: paper | Colophon language: Dutch (NL, DUTENG) | Extent: Full manuscript | Number of folios: 154 | Decoration presence: TRUE | Musical notation presence: FALSE | Scribes: Jordan of Quedlinburg, Male (Male); Mergriete van den Perboen, Unknown, Female (Female) | Texts copied: Jordan of Quedlinburg, Male, Sermons, Latin (LA, LAT) [Religious Texts]","Original: Item, desen bouc heeft ghescreven suster Mergriete van den Perboen te harer 69 iaren ende ghehent te harer 70 iaren int iaer Ons Heren 15 ende 16 up die octave van Allen Heleghen, die doen lach up den saterdach, bidt voer haer. Translation: Item, this book was written by Sister Margriete van den Perboen at the age of 69 and completed at the age of 70, in the year of Our Lord 1516, on the octave of All Saints’ Day, which fell on a Saturday. Pray for her."
pu_25475,"Paris, Bibliothèque de l'Arsenal, Ms. 8208; Full manuscript",Netherlands,"Manuscript: Paris, Bibliothèque de l'Arsenal, Ms. 8208; Full manuscript | Country: Netherlands | City: Bergen op Zoom | Region: North Brabant | Dating: 1467 | Century of production: 15 | Material: parchment and paper | Colophon language: Dutch (NL, DUTENG) | Extent: Full manuscript | Number of folios: 175 | Decoration presence: TRUE | Musical notation presence: FALSE | Monasteries: Saint Margaret, Bergen op Zoom, Netherlands | Scribes: Anonymous, TBC (TBC, Religious); Gheerttruyt Vasteerts, Bergen op Zoom, Female (Female) | Texts copied: Anonymous, TBC, Passion of Christ [Religious Texts]","Original: Dit boeck wert voleynt int jaer ons heren M cccc ende lxvij byder hant suster geertruyt vasteersts., Suster Gheertruit Vastaerts Translation: Sister Geertruit Vastaerts, This book was completed in the year of our Lord 1467 by the hand of Sister Geertruyt Vasteersts."
pu_25476,"Paris, Bibliothèque de l'Arsenal, Ms. 8227; Full manuscript",Unknown,"Manuscript: Paris, Bibliothèque de l'Arsenal, Ms. 8227; Full manuscript | Dating: XVIe siècle | Century of production: 16 | Material: paper | Colophon language: Dutch (NL, DUTENG) | Extent: Full manuscript | Number of folios: 669 | Decoration presence: TRUE | Musical notation presence: FALSE | Scribes: Janneken Hubrechts, Unknown, Female (Female)","Original: a. 1578 in der maent augustus., Dit boeck es ghescreven van mij suster Janneken Hubrechts ... Ick y aermme suster ben overleden a. 15(85) den (26 merts) Translation: This book is written by me, Sister Janneken Hubrechts … I, a poor sister, passed away in the year 1585, on the 26th of March., In the year 1578, in the month of August."
pu_25477,"Paris, Bibliothèque de l'Arsenal, Ms. 8228; Full manuscript",Unknown,"Manuscript: Paris, Bibliothèque de l'Arsenal, Ms. 8228; Full manuscript | Dating: XVe siècle | Century of production: 15 | Material: paper | Colophon language: Dutch (NL, DUTENG) | Extent: Full manuscript | Number of folios: 156 | Decoration presence: TRUE | Musical notation presence: FALSE | Scribes: Elisabeth der Moeien, Unknown, Female (Female); Anonymous, TBC (TBC, Religious) | Texts copied: Anonymous, TBC, Ordo, or a collection of liturgical instructions for the entire year [Religious Texts]",Original: Suster Elisabeth der Moeien Translation: Sister Elisabeth der Moeien
pu_25480,"Paris, Bibliothèque Mazarine, Ms. 432; Full manuscript",Belgium,"Manuscript: Paris, Bibliothèque Mazarine, Ms. 432; Full manuscript | Country: Belgium | City: Bruges | Region: West Flanders | Dating: 11 October 1505 | Century of production: 16 | Material: parchment | Colophon language: Latin (LA, LAT) | Extent: Full manuscript | Number of folios: 252 | Decoration presence: TRUE | Musical notation presence: TRUE | Monasteries: Bruges, Convent of the Carmelites of Sion, Carmelite, Bruges, Belgium | Scribes: Margareta Bruunruwe, Bruges, Female (Female); Anonymous, TBC (TBC, Religious) | Texts copied: Anonymous, TBC, Temporale Gradual [Religious Texts]","Original: Hoc temporale scripsit atque complevit soror Margareta Bruunruwe, monialis professa VIIa domus Syon in Brugis, ordinis dive virginis Marie de Monte-Carmeli, et illuminavit soror Cornelia de Wultinchkercke, ejusdem domus et ordinis monialis professa XIIII, anno Domini XCc, V, XI die mensis octobris. O vos presentes et subsequentes, imitamini ocia earum et oretis pro eis. Translation: This temporal [book] was written and completed by Sister Margareta Bruunruwe, professed nun of the seventh house of Syon in Bruges, of the order of the blessed Virgin Mary of Mount Carmel, and illuminated by Sister Cornelia de Wultinchkercke, professed nun of the same house and order, on the 11th day of October in the year of our Lord 1195. Oh you present and future ones, imitate their leisure and pray for them."
pu_25481,"Paris, Bibliothèque Mazarine, Ms.781; Full manuscript",Belgium,"Manuscript: Paris, Bibliothèque Mazarine, Ms.781; Full manuscript | Country: Belgium | City: Brussels | Region: Brussels-Capital | Dating: 28 June 1574 | Century of production: 16 | Material: paper | Colophon language: Dutch (NL, DUTENG) | Extent: Full manuscript | Number of folios: 222 | Decoration presence: TRUE | Musical notation presence: FALSE | Monasteries: Saint Elizabeth on Mount Zion, Augustinian, Brussels, Belgium, 1432 | Scribes: Caesarius of Heisterbach, Male (Male); Margrieten der Weduwen, Brussels, Female (Female, Religious) | Texts copied: Caesarius of Heisterbach, Male, Dialogue on Miracles, Latin (LA, LAT) [Religious Texts]","Original: Item int iaer ons liefs Heeren doemmen screef XVc en̅ LXXIIII, was dit boeck volscreuen, den XXVIIIsten in junius, in der vigilien van sinte Peeten en̅ sinte Pauwels, die heyleghe apostolen, van mii suster Margrieten der Weduwen een erm professie nonne, tot Bruesel, in Sinte Elizabetten clooster op de Berch van Syon. Translation: Also, in the year of our dear Lord, one thousand five hundred and seventy-four, this book was completed on the twenty-eighth of June, on the vigil of Saint Peter and Saint Paul, the holy apostles, by me, Sister Margrieten der Weduwen, a poor professed nun, at Brussels, in the Saint Elizabeth's convent on the Mount of Zion."
pu_25483,"Paris, Bibliothèque nationale de France, Français 1533; Full manuscript",France,"Manuscript: Paris, Bibliothèque nationale de France, Français 1533; Full manuscript | Country: France | Dating: 1250-1299 (2e moitié du 13e s) | Century of production: 13 | Material: parchment | Colophon language: French (FR, FRE) | Extent: Full manuscript | Number of folios: 266 | Decoration presence: TRUE | Musical notation presence: FALSE | Scribes: Agnès de Bourgogne, France, Female (Female)","Original: f.265v : ""Ce livre fut ... ma dame Agnes de Bourgogne, ..."" Translation: ""f.265v: ""This book was ... my lady Agnes de Bourgogne, ..."""
pu_25486,"Paris, Bibliothèque nationale de France, Français 342; Full manuscript",France,"Manuscript: Paris, Bibliothèque nationale de France, Français 342; Full manuscript | Country: France | City: Douai? | Region: Artois | Dating: XIIIe siècle (1274) | Century of production: 13 | Material: parchment | Colophon language: French (FR, FRE) | Extent: Full manuscript | Number of folios: 234 | Decoration presence: TRUE | Musical notation presence: FALSE | Scribes: Lancelot 1, Ms. BnF Français 342, Female (Female); Anonymous, TBC (TBC, Religious) | Texts copied: Anonymous, TBC, Lancelot en prose [Literary Texts]; Anonymous, TBC, Mort d’Arthur [Literary Texts]; Anonymous, TBC, Quest of the Holy Grail [Literary Texts]","Original: Cil roumans fu par ecrit en lan del incarnation notre segnor Mil deus Cens et sixante et quatorse, le semedi Apries les octaues de le trinite [Saturday, 9 June 1274]. Pries pour celi ki lescrist'. Translation: This romance was written in the year of the incarnation of our Lord one thousand two hundred and sixty-four, on Saturday after the octave of the Trinity [Saturday, 9 June 1274]. Pray for she who wrote it."
pu_25487,"Paris, Bibliothèque nationale de France, Français 580; Full manuscript",France,"Manuscript: Paris, Bibliothèque nationale de France, Français 580; Full manuscript | Country: France | City: Paris | Dating: 5 October 1405 after | Century of production: 15 | Material: parchment | Colophon language: French (FR, FRE) | Extent: Full manuscript | Number of folios: 131 | Decoration presence: TRUE | Musical notation presence: FALSE | Scribes: Christine of Pizan, Paris, Female (Female)","Original: A tres excellent Redoubtee & puissant et tres princesse. Ma dame ysabel Royne de France ...- ... Escript le ve jour d'octombre. l'an de grace mil iiij C et/ cinq. Vostre treshumble obeissant Creature/ cristine de Pizan. Prennez en gré s'il vous plaist cest escript / De ma main fait aprés mienuit une heure / Noble seigneur pour qui je l'ai escript / Prennez en gré / Quant vous plaira mieulz vous sera rescript / Mais n'avoye nul autre clerc a l'eure / Prennez en gré s'il... Translation: To the most excellent, revered, powerful, and most noble princess, My lady Isabel, Queen of France…  Written on the eve of October, in the year of grace 1405.  Your most humble and obedient servant, Christine de Pizan.  Please accept this writing, if it pleases you, Made by my own hand after midnight, at one o’clock. Noble lord, for whom I have written it, Please accept it. When it pleases you, it can be copied more finely. But I had no other clerk at the time— Please accept it…”"
pu_25488,"Paris, Bibliothèque nationale de France, Français 817; Full manuscript",France,"Manuscript: Paris, Bibliothèque nationale de France, Français 817; Full manuscript | Country: France | Dating: 1465 | Century of production: 15 | Material: paper | Colophon language: French (FR, FRE) | Extent: Full manuscript | Number of folios: 196 | Decoration presence: TRUE | Musical notation presence: FALSE | Scribes: Marguerite de Chauvigny, France, Female (Female)",Original: Et fu achave ledit livre le 19 jour de descembre lan 1465. Maguerite de Chauvigny. Translation: And this book was finished on the 19th day of December in the year 1465. Marguerite de Chauvigny.
pu_25493,"Paris, Bibliothèque nationale de France, Latin 11969; Full manuscript",France,"Manuscript: Paris, Bibliothèque nationale de France, Latin 11969; Full manuscript | Country: France | City: Lathilliacum | Region: Île-de-France | Dating: 1355-1356 | Century of production: 14 | Material: parchment | Colophon language: Latin (LA, LAT) | Extent: Full manuscript | Number of folios: 195 | Scribes: Hugo Ripelin, Male (Male); Henrieta of Lathilliaco, Lathilliacum, Female (Female) | Texts copied: Hugo Ripelin, Male, Compendium of Theological Truth, Latin (LA, LAT) [Religious Texts]","Original: Explicit compendium theologice virtutis (sic). Deo dicimus gratias. Scriptum per Henrietam anno Domini M°CCCLVI (the name and date are difficult to read due to ink smudges). Another mention of the copyist, in her own hand, is found in the upper margin of f.1r: Perscriptum a Henrieta de Lathilliaco, anno LV (not a clear reading), iovis post festum beati Luce (22 October 1355). The reasons for the transcription are explained on the same f.1r:Incipit compendium theologie sancti Thome de Aquino, hic subscriptum interlineariter, ne pargamenum sit occiosum. Translation: Explicit Compendium Theologicae Virtutis (sic). We give thanks to God. Written by Henrietta in the year of our Lord 1356 (the name and date are difficult to read due to ink smudges).  Another mention of the copyist, in her own hand, is found in the upper margin of f.1r: Written by Henrietta of Lathilliaco, in the year 55 (not a clear reading), on Thursday after the feast of Saint Luke (22 October 1355).  The reasons for the transcription are explained on the same f.1r: Here begins the Compendium of Theology by Saint Thomas Aquinas, transcribed here interlinearly, so that the parchment may not remain idle."
pu_25499,"Paris, Bibliothèque nationale de France, Latin 12949; Full manuscript",Unknown,"Manuscript: Paris, Bibliothèque nationale de France, Latin 12949; Full manuscript | Dating: IXe siècle | Century of production: 9 | Material: parchment | Colophon language: Latin (LA, LAT) | Extent: Full manuscript | Number of folios: 81 | Scribes: Icpa, Unknown, Female (Female)","Original: f.52: scripturae finem sibi quaerunt hic ysagogae parva quidem moles magna sed utilitas Icpa hunc scripsi glossans utrumque libellum quod logicae si sit scire legens poterit. Translation: “The end of writing is sought here by these small introductions; though small in size, they are of great usefulness. I, Icpa, wrote and glossed this little book, so that whoever wishes to know logic may learn by reading.”"
pu_25503,"Paris, Bibliothèque nationale de France, Latin 17185; Full manuscript",France,"Manuscript: Paris, Bibliothèque nationale de France, Latin 17185; Full manuscript | Country: France | Dating: XVIe siècle - 21 iour docoust an 1503 et perfet le 27 iour de septembre | Century of production: 16 | Material: paper | Colophon language: French (FR, FRE) | Extent: Full manuscript | Number of folios: 291 | Scribes: Jeanne le Fevre, France, Female (Female)","Original: f.291Explicit... Commenciet par moy Jenne le Fevre le 21 iour docoust an 1503 et perfet le 27 iour de septembre ensyvant et est a moy. Translation: “Completed … Begun by me, Jenne le Fevre, on the 21st day of August in the year 1503 and finished on the 27th day of September following, and it belongs to me.”"
pu_25513,"Paris, Bibliothèque nationale de France, NAL 348; Full manuscript",France,"Manuscript: Paris, Bibliothèque nationale de France, NAL 348; Full manuscript | Country: France | City: Marcigny-le-Châtel | Region: Saône-et-Loire | Dating: Vers 1093-1094 | Century of production: 11 | Material: parchment | Colophon language: Latin (LA, LAT) | Extent: Full manuscript | Number of folios: 135 | Decoration presence: TRUE | Musical notation presence: FALSE | Scribes: Elsendis, Marcigny-le-Châtel, Female (Female)","Original: Quorum uel quarum nomina hic scripsi meritis peto in celis adscribi. Elsendis. Translation: Whose names, whether of one or more, I have written here, I ask to be enrolled in heaven for their merits. Elsendis."
pu_22471,"Paris, Bibliothèque nationale de France, NAL 667; f. 73-154",Unknown,"Manuscript: Paris, Bibliothèque nationale de France, NAL 667; f. 73-154 | Dating: 1507 | Century of production: 16 | Material: paper | Colophon language: Latin (LA, LAT) | Extent: f. 73-154 | Number of folios: 81 | Decoration presence: FALSE | Musical notation presence: FALSE | Monasteries: Marienberg, Benedictine, Boppard am Rhein, Germany, 1121-
1802 | Scribes: Anna Gropengheter, Boppard, Female (Female)","Original: Anna Gopengheter, professa in Monte Beatissime Virginis Marie, Ego Agna ueni in hoc claustrum Montis Beate Virginis anno Salutis MCCCCC3, in dominica letare (26 march), et tunc annorum absque quinque ebdomadis (1 January 1507), quia nata sum in die Purificationis Beate Marie (2 February) MCCCCXCI Translation: Anna Gopengheter, professed at Mount Most Blessed Virgin Mary., I, Agna, entered this cloister of Mount Blessed Virgin in the year of Salvation 1503, on Sunday 'Laetare' (26 March), and then at the age of five weeks (1 January 1507), for I was born on the day of the Purification of the Blessed Virgin Mary (2 February) 1491."
pu_25514,"Paris, Bibliothèque nationale de France, NAL 772; Full manuscript",Germany,"Manuscript: Paris, Bibliothèque nationale de France, NAL 772; Full manuscript | Country: Germany | City: Regensburg | Region: Bavaria | Dating: Avant 1368 | Century of production: 14 | Material: parchment | Colophon language: Latin (LA, LAT) | Extent: Full manuscript | Number of folios: 230 | Musical notation presence: FALSE | Monasteries: Heiligen Kreuz (Holy Cross), Dominican, Regensburg, Germany, 1233 | Scribes: Cristina, Ratisbonne, Female (Female); Anonymous, TBC (TBC, Religious) | Texts copied: Anonymous, TBC, Martyrology [Religious Texts]",Original: XIIII. k1. Soror Christina que scripsit hunc librum. Translation: 14th day before the kalends of October: Sister Christina who wrote this book.
pu_22312,"Parma, Biblioteca Palatina, Palatino 23; Full manuscript",Italy,"Manuscript: Parma, Biblioteca Palatina, Palatino 23; Full manuscript | Country: Italy | City: Florence | Region: Tuscany | Dating: 1520 March 15 | Century of production: 16 | Material: paper | Colophon language: Italian (IT, ITA) | Extent: Full manuscript | Number of folios: 190 | Decoration presence: TRUE | Musical notation presence: FALSE | Monasteries: Santa Brigida del Paradiso, Bridgettine, Florence, Italy | Scribes: Cleofe, Florence, Female (Female, Religious)","Original: Explicit liber iste per me suora Cleophe moniali Paradissi. Scripto negli anni della incarnatione del nostro signore (Yesu) (Christo) M CCCCC dicianove, si compié di scrivere a dì XV di março. Laus Deo sit semper. Amen. Translation: This book is finished by me, Sister Cleophe, nun of the Paradiso. Written in the year of the incarnation of our Lord Jesus Christ 1520, completed on the 15th day of March. Praise be to God always. Amen."
pu_22416,"Parma, Biblioteca Palatina, Palatino 84; Full manuscript",Italy,"Manuscript: Parma, Biblioteca Palatina, Palatino 84; Full manuscript | Country: Italy | City: Florence | Region: Tuscany | Dating: 1477 December 14 | Century of production: 15 | Material: parchment | Extent: Full manuscript | Number of folios: 144 | Monasteries: Santa Brigida del Paradiso, Bridgettine, Florence, Italy | Scribes: Pseudo-Augustine, Male (Male); Henry Suso, Male (Male); Raffaella di Arnolfo Bardi, Florence, Female (Female, Religious); Anonymous, TBC (TBC, Religious) | Texts copied: Anonymous, TBC, Proverbs, Italian (IT, ITA) [Literary Texts]; Henry Suso, Male, Clock of Eternal Wisdom, Latin (LA, LAT) [Religious Texts]; Anonymous, TBC, Vision of the Joys and Evils of the World, Italian (IT, ITA) [Religious Texts]; Pseudo-Augustine, Male, Meditations, Latin (LA, LAT) [Religious Texts]","Original: f.144vB in hand of Raffaella: “Finito è il presente libro scripto per mano d’una monacha indegnamente consecrata nel monasterio del Paradiso, il cui nome sia scripto nel libro della vita, a dì quatordici di dicenbre M CCCC LXXVII. A llaude (et) gloria della somma (et)d eterna sapientia. Deo gratias. Poi ch’ài letto il libro (et) la visione coll’altre cose che qui sono scripte priega per me misera, peccatore. Dà il cuore a Dio intero (et) non diviso se gustar vuogli questo libro sancto (et) rendilo al monasterio del Paradiso” Translation: f.144vB, in the hand of Raffaella: ""Finished is this present book written by the hand of a nun, unworthily consecrated in the monastery of Paradiso, whose name is written in the book of life, on the fourteenth day of December 1477. To the praise and glory of the highest and eternal wisdom. Thanks be to God. After you have read the book and the vision with the other things written here, pray for me, a miserable sinner. Give your heart entirely to God if you wish to taste this holy book, and return it to the monastery of Paradiso."""
pu_22491,"Pavia, Biblioteca Universitaria, Aldini 353; full manuscript",Italy,"Manuscript: Pavia, Biblioteca Universitaria, Aldini 353; full manuscript | Country: Italy | City: Florence | Region: Tuscany | Dating: 1476-1500 | Century of production: 15 | Material: paper | Colophon language: Latin (LA, LAT) | Extent: full manuscript | Number of folios: 79 | Decoration presence: TRUE | Musical notation presence: FALSE | Scribes: Luchina, Florence, Female (Female); Anonymous, TBC (TBC, Religious) | Texts copied: Anonymous, TBC, On Confession [Religious Texts]","Original: Laus Deo Omnipotenti et Santissime matri eius Virgini Marie soror Luchina decisit hoc hopus [sic] Translation: Praise be to Almighty God and to His most holy Mother, the Virgin Mary. Sister Luchina completed this work."
pu_25522,"Perugia, Biblioteca Comunale, 1068; Full manuscript",Italy,"Manuscript: Perugia, Biblioteca Comunale, 1068; Full manuscript | Country: Italy | City: Perugia | Region: Umbria | Dating: 4 August 1504 | Century of production: 16 | Material: paper | Colophon language: Italian (IT, ITA) | Extent: Full manuscript | Number of folios: 411 | Decoration presence: TRUE | Musical notation presence: FALSE | Monasteries: Saint Maria de Monteluce, Benedictine, Monteluce (Monte Lucido), a suburb of Perugia, Italy, 1222 | Scribes: John Cassian, Male (Male); Felicita di Bartolo Vanali da Perugia, Perugia, Female (Female, Religious) | Texts copied: John Cassian, Male, The Collationes of the twenty-four Fathers, Latin (LA, LAT) [Religious Texts]","Original: Scripto nel monesterio di Sancta Maria Monte Luce. Conpito nelli anni del Signore mille cinquecento quactro a dì cquactro de agusto Translation: Written in the monastery of Santa Maria di Monte Luce. Completed in the year of the Lord one thousand five hundred and four, on the fourth day of August."
pu_25525,"Perugia, Biblioteca Comunale, 1086; Full manuscript",Italy,"Manuscript: Perugia, Biblioteca Comunale, 1086; Full manuscript | Country: Italy | City: Perugia | Region: Umbria | Dating: 1511-1512 | Century of production: 16 | Material: paper | Colophon language: Latin (LA, LAT) | Extent: Full manuscript | Number of folios: 102 | Decoration presence: TRUE | Musical notation presence: FALSE | Monasteries: Saint Maria de Monteluce, Benedictine, Monteluce (Monte Lucido), a suburb of Perugia, Italy, 1222 | Scribes: Anonymous, TBC (TBC, Religious); Eufrasia Alfani (or Gaichi?), Perugia, Female (Female, Religious) | Texts copied: Anonymous, TBC, Gospel Book [Religious Texts]","Original: In Monte Luce scripto. Qui scrissit scribat sorori Eufrasie vivat in celis semper cum dno felix Translation: Written in Monte Luce. May he who wrote this write for Sister Eufrasia, may she live forever in the heavens with the Lord, happy."
pu_25526,"Perugia, Biblioteca Comunale, 1087; Full manuscript",Italy,"Manuscript: Perugia, Biblioteca Comunale, 1087; Full manuscript | Country: Italy | City: Perugia | Region: Umbria | Dating: 7 May 1507 | Century of production: 16 | Material: paper | Colophon language: Italian (IT, ITA) | Extent: Full manuscript | Number of folios: 174 | Decoration presence: TRUE | Musical notation presence: FALSE | Monasteries: Saint Maria de Monteluce, Benedictine, Monteluce (Monte Lucido), a suburb of Perugia, Italy, 1222 | Scribes: Gregory the Great, Male (Male); Felicita di Bartolo Vanali da Perugia, Perugia, Female (Female, Religious) | Texts copied: Gregory the Great, Male, Homilies, Latin (LA, LAT) [Religious Texts]","Original: Finsce lomelia quadragesima sopra el Vangelo de sancto Mateo. Finito e elibro delle O(m)elie de sancto Grigorio papa ditte nella cita de Roma in diversi tempi et in più chiesie, scritto in sancta Maria Monte Luce, fornito nelli anni del Signore mille cinquecento sette, fornito adì sette maggio Translation: Here ends the Lenten homily on the Gospel of Saint Matthew. Finished is the book of the homilies of Saint Gregory, pope, delivered in the city of Rome at different times and in several churches, written at Santa Maria di Monte Luce, completed in the year of the Lord one thousand five hundred and seven, completed on the seventh day of May."
pu_25530,"Perugia, Biblioteca Comunale, 1105; Full manuscript",Italy,"Manuscript: Perugia, Biblioteca Comunale, 1105; Full manuscript | Country: Italy | City: Perugia | Region: Umbria | Dating: 26 May 1498 | Century of production: 15 | Material: paper | Colophon language: Italian (IT, ITA) | Extent: Full manuscript | Number of folios: 192 | Decoration presence: TRUE | Musical notation presence: FALSE | Monasteries: Saint Maria de Monteluce, Benedictine, Monteluce (Monte Lucido), a suburb of Perugia, Italy, 1222 | Scribes: Gregory the Great, Male (Male); Felicita di Bartolo Vanali da Perugia, Perugia, Female (Female, Religious) | Texts copied: Gregory the Great, Male, Dialogues, Latin (LA, LAT) [Religious Texts]","Original: Scripto nel monasterio de Sancta Maria Monte Luce, compito nell’anno del Signore M CCCC novanta octo a dì XXVI de maggio. Translation: Written in the monastery of Santa Maria di Monte Luce, completed in the year of the Lord 1498, on the 26th day of May."
pu_25532,"Perugia, Biblioteca Comunale, 1108; Full manuscript",Italy,"Manuscript: Perugia, Biblioteca Comunale, 1108; Full manuscript | Country: Italy | City: Perugia | Region: Umbria | Dating: 25 May 1510 | Century of production: 16 | Material: paper | Colophon language: Italian (IT, ITA) | Extent: Full manuscript | Number of folios: 109 | Decoration presence: TRUE | Musical notation presence: FALSE | Monasteries: Saint Maria de Monteluce, Benedictine, Monteluce (Monte Lucido), a suburb of Perugia, Italy, 1222 | Scribes: Felicita di Bartolo Vanali da Perugia, Perugia, Female (Female, Religious); Iacoba Polichino, Female (Female); Anonymous, TBC (TBC, Religious) | Texts copied: Anonymous, TBC, Legend of Blessed Eustochia of Messina [Religious Texts]; Iacoba Polichino, Female, Copy of a letter written by the venerable Mother Sora Jacoba de Polichino, Italian (IT, ITA) [Practical Genres]","Original: Scripto nel Monasterio de Sancta Maria de Mont Luce nel 1510 etc. per me sora Felicita de Peroscia indigna, sora de sancta Chiara Translation: Written in the Monastery of Santa Maria de Mont Luce in 1510, etc., by me, Sister Felicita of Perugia, unworthy, Sister of Saint Clare."
pu_25535,"Perugia, Biblioteca Comunale, 1290; Full manuscript",Italy,"Manuscript: Perugia, Biblioteca Comunale, 1290; Full manuscript | Country: Italy | City: Perugia | Region: Umbria | Extent: Full manuscript | Monasteries: Saint Maria de Monteluce, Benedictine, Monteluce (Monte Lucido), a suburb of Perugia, Italy, 1222 | Scribes: Eufrasia Alfani (or Gaichi?), Perugia, Female (Female, Religious)","Original: f.1: Questo libro fu incominciato lanno di Cristo 1488 nel mese di agosto da suora Eufrasia figliuola di Alfano da Perugia Translation: f.1: This book was begun in the year of Christ 1488 in the month of August by Sister Eufrasia, daughter of Alfano from Perugia."
pu_25538,"Philadelphia, Free Library of Philadelphia, Lewis E 213; Full manuscript",Belgium,"Manuscript: Philadelphia, Free Library of Philadelphia, Lewis E 213; Full manuscript | Country: Belgium | City: Brussels | Region: Brussels-Capital | Dating: before 1495 | Century of production: 15 | Material: paper | Colophon language: Dutch (NL, DUTENG) | Extent: Full manuscript | Number of folios: 126 | Decoration presence: TRUE | Musical notation presence: FALSE | Monasteries: Cloister Notre-Dame of the Rose of Jericho, Augustinian, Brussels, Belgium, 1247 | Scribes: Ryckmoct van Zellien, Brussels, Female (Female, Religious); Jeanne Colijns, Brussels, Female (Female, Religious); Marie van Hausbeke, Brussels, Female (Female, Religious); Mari Meerts, Brussels, Female (Female, Religious); Katherie Tymmermans, Brussels, Female (Female, Religious); Beatrix Noeys, Brussels, Female (Female, Religious); Margarete van den Rade, Brussels, Female (Female, Religious); Anna Joerdaens, Brussels, Female (Female, Religious); Magarete Bont, Brussels, Female (Female, Religious); Philips Nycholaes, Brussels, Male (Male, Religious); Hugh of Saint Victor, Male (Male); Margarete Ioerdaens, Brussels, Female (Female, Religious); Augustine of Hippo, Male (Male); Jane van den Velde, Brussels, Female (Female, Religious) | Texts copied: Hugh of Saint Victor, Male, Exposition on the Rule of Saint Augustine, Latin (LA, LAT) [Religious Texts]; Augustine of Hippo, Male, Rule of Saint Augustine, Latin (LA, LAT) [Philosophical, and Scholarly Texts]","Original: 'Dit sijn der gheender namen die dit boexsken ghescreven hebben uut caritaten. Ons eerweerdighe pater heer Philips Nycholaes god sij sijn loen. Suster Beatrix Noeys, suster Margarete Bont, suster Janne van den Velde, suster Marie van Hansbeke, suster Katherie Tymmermans, suster Maria Meerts, suster Margarete Joerdaens, suster Janne Colijns, suster Anne Joerdaens, suster Rijckmoet van Zelken, suster Maergarete van den Rade. Int boeck des levens sij haerder alder name'. Translation: This is the list of those whose names have written this booklet out of charity. Our honorable father, Mr. Philips Nycholaes, may God be his reward. Sister Beatrix Noeys, Sister Margarete Bont, Sister Janne van den Velde, Sister Marie van Hansbeke, Sister Katherie Tymmermans, Sister Maria Meerts, Sister Margarete Joerdaens, Sister Janne Colijns, Sister Anne Joerdaens, Sister Rijckmoet van Zelken, Sister Maergarete van den Rade. In the book of life, their names are all recorded."
pu_25539,"Philadelphia, University of Pennsylvania, Ms.ex 655; Full manuscript",Belgium,"Manuscript: Philadelphia, University of Pennsylvania, Ms.ex 655; Full manuscript | Country: Belgium | City: Liege | Region: Wallonia | Dating: between 1475 and 1499? | Century of production: 15 | Material: parchment | Colophon language: Latin (LA, LAT) | Extent: Full manuscript | Number of folios: 399 | Decoration presence: TRUE | Musical notation presence: TRUE | Monasteries: Valduc Abbey, Cistercian, Louvain, Belgium, 1230-
1797 | Scribes: Katherina Mast, Val-le-Duc, Female (Female, Religious); Anonymous, TBC (TBC, Religious) | Texts copied: Anonymous, TBC, Psalter [Religious Texts]",Original: Qui me scribebat nome(n) katherina mast habebat. Premia scriptricis. sint vite dona p(er)he(n)nis. Translation: The one who was writing me had the name Katherina Mast. May the rewards of the writer be the gifts of eternal life.
pu_25541,"Pommersfelden, Gräfliche Schönbornsche Schlossbibliothek, 344; Full manuscript",Netherlands,"Manuscript: Pommersfelden, Gräfliche Schönbornsche Schlossbibliothek, 344; Full manuscript | Country: Netherlands | City: Groningen | Region: Groningen | Dating: 1478-1478 | Century of production: 15 | Colophon language: Latin (LA, LAT) | Extent: Full manuscript | Scribes: Selwerd bij Groningen, Female (Female); Wendelmodis Roltemans, Female (Female)","Original: f.184v-185r: ""Completus est iste libellus orarius anno domini M cccc lxxviii ipso die Sancti Ambrosii episcopi. Quem scripsit Soror Wendelmodis Roltemans ad instanciam carissime neptis eius Leve Ter Bruggen honeste matrone. Et Soror Agnes Martini illuminavit. Sancti moniales monasterii ordinis sancti Benedicti ad Sanctam Katharinam In Syloe prope Groenyncgen Urbem inclitam et opulentam in frysia. Eundem orarium prefata Leve Ter Bruggen tamquam entenium[?] memorabile propinando dedit illustri et honesto viro Johanni De Valle rosarum Alias Vanden Roesendael"" Translation: f.184v-185r: ""This little prayer book was completed in the year of our Lord 1478, on the very day of Saint Ambrose the Bishop. It was written by Sister Wendelmodis Roltemans at the request of her dear niece Leve Ter Bruggen, an honorable matron. And Sister Agnes Martini illuminated it. The holy nuns of the monastery of the Order of Saint Benedict at Saint Catherine in Syloe, near the renowned and prosperous city of Groningen in Friesland. The aforementioned Leve Ter Bruggen, as a memorable gift, gave this prayer book to the illustrious and honorable man John of the Valley of Roses, also known as Vanden Roesendael."""
pu_25542,"Porrentruy, Bibliothèque cantonale jurasienne, Ms. 29; Full manuscript",Germany,"Manuscript: Porrentruy, Bibliothèque cantonale jurasienne, Ms. 29; Full manuscript | Country: Germany | City: Basel | Dating: 1428 | Century of production: 15 | Material: paper | Colophon language: German (DE, GER) | Extent: Full manuscript | Number of folios: 286 | Decoration presence: TRUE | Musical notation presence: FALSE | Monasteries: Gnadental Monastery, Basel, Poor Clares, Basel, Switzerland | Scribes: Johanna von Merspeck, Female (Female, Religious); Anonymous, TBC (TBC, Religious) | Texts copied: Anonymous, TBC, Passion Treatise [Religious Texts]",Original: Dis bůch het uns geton schriben die erwirdig junckfrow Johanna von Mersperck in dem jor do man zalt von Christi gebůrt m° cccc° xxviij.
pu_25550,"Prague, Knihovna Metropolitni Kapituli, B IV 1; Full manuscript",Norway,"Manuscript: Prague, Knihovna Metropolitni Kapituli, B IV 1; Full manuscript | Country: Norway | City: Munkalijff | Dating: 1301-1400 | Century of production: 14 | Material: parchment | Colophon language: Latin (LA, LAT) | Extent: Full manuscript | Number of folios: 185 | Decoration presence: TRUE | Musical notation presence: FALSE | Monasteries: Munkeliv Abbey, Bridgettine, Bergen, Nordnes, Norway, 1 Jan 1426 | Scribes: Birgitta Sigfus, Female (Female, Religious); Anonymous, TBC (TBC, Religious) | Texts copied: Anonymous, TBC, Psalter [Religious Texts]","Original: Ego Birgitta filia Sighfusi soror conventualis in monasterio Munkalijff prope Bergis scripsi hunc psalterium cum litteris capitalibus licet minus bene quam debui orate pro peccatrice. Translation: I, Birgitta, daughter of Sighfus, conventual sister in the monastery of Munkalijff near Bergen, wrote this psalter with capital letters, though not as well as I should have. Pray for the sinner."
pu_25551,"Prague, National Library of the Czech Republic, Ms. XVI.A.2; Full manuscript",Germany,"Manuscript: Prague, National Library of the Czech Republic, Ms. XVI.A.2; Full manuscript | Country: Germany | Dating: 1514 | Century of production: 16 | Material: paper | Colophon language: German (DE, GER) | Extent: Full manuscript | Number of folios: 149 | Musical notation presence: FALSE | Monasteries: Poor Clares convent of Eger, Franciscan, Eger, Hungary | Scribes: Heinrich of Nuremberg, Male (Male); Appolonia Pollanderin, Female (Female, Religious) | Texts copied: Heinrich of Nuremberg, Male, Collection of German Questions, German (DE, GER) [Philosophical, and Scholarly Texts]","Original: Geschriben und vollendt mit der hilff gotes am obent des heiligen Erczengels sant Michaelis als man schreib nach Cristi vnssers lieben herren gepurt MV hundert vnd jn dem XIII jar ... pit got fur die letzte schreiberin Appolonia Pollanderin /// die exigen seligkeit Amen. Translation: Written and completed with God’s help on the eve of the holy Archangel Saint Michael, in the year counted since the birth of Christ our dear Lord fifteen hundred and thirteen … pray to God for the last female scribe, Apollonia Pollanderin … eternal salvation. Amen."
pu_25546,"Prague, National Library of the Czech Republic, Ms. XVI.F.1; Full manuscript",Germany,"Manuscript: Prague, National Library of the Czech Republic, Ms. XVI.F.1; Full manuscript | Country: Germany | Dating: 1476 | Century of production: 15 | Material: paper | Colophon language: German (DE, GER) | Extent: Full manuscript | Number of folios: 432 | Decoration presence: TRUE | Musical notation presence: FALSE | Monasteries: Poor Clares convent of Eger, Franciscan, Eger, Hungary | Scribes: Swester, Female (Female, Religious)","Original: Dycz puch ist volent wurden an unser heylygen muter und haubtfrawen sant Claren tag, als sy erhebt ist wurden von einer swesster irs ordens. Got geb ir und uns all dy ewygen freud und das ewyg vaterlant, do alle wun und frewd ist an endt. Amen. Translation: This book was completed on our holy mother and lady, Saint Clare’s day, when she was elevated, by a sister of her order. May God grant her and all of us eternal joy and the eternal homeland, where all joy and happiness end. Amen."
pu_25553,"Prague, National Library of the Czech Republic, Ms. XVI.F.73; Full manuscript",Germany,"Manuscript: Prague, National Library of the Czech Republic, Ms. XVI.F.73; Full manuscript | Country: Germany | Dating: Mid-15th century | Century of production: 15 | Material: paper | Colophon language: German (DE, GER) | Extent: Full manuscript | Number of folios: 131 | Decoration presence: TRUE | Musical notation presence: FALSE | Scribes: Ms. Prague, National Library of the Czech Republic, Ms. XVI.F.73, Unidentified Hand 1, Female (Female); Johann von Neumarkt, Male (Male); Els, Bavaria, Female (Female); Anonymous, TBC (TBC, Religious) | Texts copied: Johann von Neumarkt, Male, Book of Consolation, German (DE, GER) [Religious Texts]; Anonymous, TBC, Sermons [Religious Texts]; Marquard of Lindau, Male, Treatise on Job, German (DE, GER) [Religious Texts]","Original: Wer disz büchlin geschriben hat, Els ir nam geschriben stat Translation: Whoever wrote this little book—her name, Els, is written here."
pu_25548,"Prague, National Library of the Czech Republic, Ms. XVI.G.26; Full manuscript",Germany,"Manuscript: Prague, National Library of the Czech Republic, Ms. XVI.G.26; Full manuscript | Country: Germany | City: Nuremberg | Region: Bavaria | Dating: 15th century | Century of production: 15 | Material: paper | Colophon language: German (DE, GER) | Extent: Full manuscript | Number of folios: 161 | Decoration presence: TRUE | Musical notation presence: FALSE | Monasteries: Saint Klara, Poor Clares, Nuremberg, Germany,-
1525 | Scribes: Yrsala Wickersteterin, Nuremberg, Female (Female, Religious); Agnes Keisserin, Nuremberg, Female (Female, Religious)","Original: Wer disses puchlein vint der geb es durch got wider swester Angnes Keisserin oder swester Yrsala Wickersteterin der es auch peider ist. (f.99). Disse vorgeschriben predig hat uns swester Margaretta Gruntherin aptesin sant clar ordens von Nurnberg geschikt und begert von einer iden swester. einen. pater noster und ein ave maria der heiligen schar. das sie got fur sie piten. (f.127). Amen. Pitt got fur mich aller liebsten swester. (f.323). Translation: Whoever finds this little book, may they give it through God’s mercy to Sister Agnes Keisserin or Sister Yrsala Wickersteterin, who are both of them. (f.99).  This prescribed sermon was sent to us by Sister Margaretta Gruntherin, Abbess of the Order of Saint Clare of Nuremberg, who requested from a certain Sister a Pater Noster and an Ave Maria for the holy assembly, that she might pray to God for her. (f.127).  Amen. May God pray for me, my dearest sister. (f.323)."
pu_25549,"Prague, National Library of the Czech Republic, Ms. XVI.G.34; Full manuscript",Germany,"Manuscript: Prague, National Library of the Czech Republic, Ms. XVI.G.34; Full manuscript | Country: Germany | Dating: 1505 | Century of production: 16 | Material: parchment | Colophon language: German (DE, GER) | Extent: Full manuscript | Number of folios: 63 | Decoration presence: TRUE | Musical notation presence: FALSE | Monasteries: Poor Clares convent of Eger, Franciscan, Eger, Hungary | Scribes: Swester, Female (Female, Religious)","Original: Hie ist ein end der regel sant Clarn swester. Regula te salvat, si servas que tibi narrat. Ein Swester die regel geschriben hat, da man zalt von cristus 1505 iar, geendet an sant Erhardi des heiligen pishoff, in Convent in Eger Translation: Here is the end of the rule of the Saint Clare sisters. The rule saves you, if you keep what it tells you. A sister wrote the rule, in the year 1505 after the birth of Christ, finished on Saint Erhard’s Day, at the Holy Bishop’s, in the convent in Eger."
pu_25555,"Prague, National Museum, 3069; Full manuscript",Unknown,"Manuscript: Prague, National Museum, 3069; Full manuscript | Dating: 16 | Century of production: 16 | Colophon language: German (DE, GER) | Extent: Full manuscript | Scribes: Catarina von Volkenstorf, Female (Female)","Original: f.175 ... von mir Catarina, Frau von Volkenstorf geb. Frau von Liechtenstein beschrieben. Translation: f.175 … written by me, Catarina, Lady of Volkenstorf, née Lady of Liechtenstein."
pu_25557,"Prague, National Museum, ms. X A 12; Full manuscript",Germany,"Manuscript: Prague, National Museum, ms. X A 12; Full manuscript | Country: Germany | City: Augsburg | Region: Bavaria | Dating: (1470/71) | Century of production: 15 | Material: paper | Colophon language: Latin (LA, LAT) | Extent: Full manuscript | Number of folios: 360 | Decoration presence: TRUE | Musical notation presence: TRUE | Scribes: Clara Hätzlerin, Augsburg, Female (Female, Secular); Anonymous, TBC (TBC, Religious) | Texts copied: Anonymous, TBC, Songbook [Literary Texts]","Original: Anno d(o)m(ini) Augspurg (etc.) lxxj Clara Hätzlerin Translation: “Year of the Lord [in] Augsburg, 1471 / Clara Hatzlerin wrote [this].”"
pu_25558,"Prague, National Museum, Ms. XIII C 20; Full manuscript",Germany,"Manuscript: Prague, National Museum, Ms. XIII C 20; Full manuscript | Country: Germany | City: Medingen | Dating: 1476 | Century of production: 15 | Material: parchment and paper | Colophon language: German (DE, GER) | Extent: Full manuscript | Number of folios: 210 | Decoration presence: TRUE | Musical notation presence: FALSE | Monasteries: Maria Medingen, Dominican, Mödingen, Germany, 1246-
1542 | Scribes: John Cassian, Male (Male); Magdalena Toppler, Medingen, Female (Female, Religious) | Texts copied: John Cassian, Male, The Collationes of the twenty-four Fathers, Latin (LA, LAT) [Religious Texts]","Original: Item das puch ist aus geschriben worden an des heiligen Byschoffs unn marters tag sant Lamperti do man czalt nach unsers lieben herren gepurt Mo CCCCo und in dem LXXVI jar [ 17. 9. 1476 ] unn hat geschriben soror Magdalena Toppleryn zu nucz dem Closter ze Medingen prediger orden. Orate pro me. Translation: Item, this book was written on the feast day of the holy bishop and martyr Saint Lambert, in the year counted from the birth of our dear Lord 1476 [17 September 1476], and it was written by Sister Magdalena Toppleryn for the benefit of the convent at Medingen of the Order of Preachers. Pray for me."
pu_22137,"Private Collection in Province of Vicenza, Ms.18; Full manuscript",Italy,"Manuscript: Private Collection in Province of Vicenza, Ms.18; Full manuscript | Country: Italy | City: Vicenza or the Veneto | Region: Vicenza or the Veneto | Dating: 1476-1500 | Century of production: 15 | Material: parchment | Colophon language: Latin (LA, LAT) | Extent: Full manuscript | Scribes: Samaritana de Calcagninis, Vicenza, Female (Female); Anonymous, TBC (TBC, Religious) | Texts copied: Anonymous, TBC, Hymnal [Religious Texts]","Original: Orate pro scriptrice sorore Samaritana de Calcagninis. Translation: Pray for the scribe, Sister Samaritana de Calcagninis."
pu_25561,"Private Collection, Antiquariat Ludwig Rosenthal, Munich, No. 1909/120,316; Full manuscript",Unknown,"Manuscript: Private Collection, Antiquariat Ludwig Rosenthal, Munich, No. 1909/120,316; Full manuscript | Dating: 1461 | Century of production: 15 | Material: paper | Colophon language: German (DE, GER) | Extent: Full manuscript | Number of folios: 186 | Musical notation presence: FALSE | Scribes: Anna Schedler, Female (Female)","Original: Anno 1461 jar han ich diss buch vssgeschriben, ich Anna Schedlerin Translation: In the year 1461 I wrote this book, I, Anna Schedlerin"
pu_33076,"Reims, Bibliotèque municipale, Ms 2861; Full manuscript",France,"Manuscript: Reims, Bibliotèque municipale, Ms 2861; Full manuscript | Country: France | City: Reims | Dating: 15th century | Century of production: 15 | Material: parchment | Colophon language: French (FR, FRE) | Extent: Full manuscript | Decoration presence: TRUE | Musical notation presence: FALSE | Scribes: Anonymous, TBC (TBC, Religious); Mariette Person, Reims, Female (Female) | Texts copied: Anonymous, TBC, Book of hours [Religious Texts]","Original: Je Mariette femme de Person Thyret escripvain demourant a reins ay escriptes ces heures de ma propre main. Translation: I, Mariette, wife of Person Thyret, a scribe residing in Reims, have written these Hours with my own hand."
pu_25575,"Riga, National Library, RX A 221 S, Nr. 4; Full manuscript",Germany,"Manuscript: Riga, National Library, RX A 221 S, Nr. 4; Full manuscript | Country: Germany | Dating: First half of the 15th century | Century of production: 15 | Material: parchment | Colophon language: German (DE, GER) | Extent: Full manuscript | Number of folios: 132 | Musical notation presence: FALSE | Scribes: Veronica Schatzer, Female (Female); Benedict of Nursia, Male (Male) | Texts copied: Benedict of Nursia, Male, Rule of Saint Benedict, Latin (LA, LAT) [Philosophical, and Scholarly Texts]",Original: Veronica schatz(er)in Translation: Veronica schatz(er)in
pu_22211,"Rome, Biblioteca Nazionale Centrale, Varia 24 (574); Full manuscript",Italy,"Manuscript: Rome, Biblioteca Nazionale Centrale, Varia 24 (574); Full manuscript | Country: Italy | City: Venice | Region: Veneto | Dating: 1476-1500 | Century of production: 16 | Material: paper | Colophon language: Italian (IT, ITA) | Extent: Full manuscript | Number of folios: 219 | Decoration presence: TRUE | Musical notation presence: TRUE | Scribes: Lana dei Galvagni, Venice, Female (Female)","Original: Questo libro si è scrito per mane/ de Lana de i Galvagni,/ fiola che fu de miser zan / Bertolameo. (Iesu) Maria. Translation: This book was written by the hand of Lana de i Galvagni, daughter of the late Sir Zan Bertolameo. Jesus Mary."
pu_22261,"Rome, Biblioteca Nazionale Centrale, Vittorio Emanuele 1335; Full manuscript",Unknown,"Manuscript: Rome, Biblioteca Nazionale Centrale, Vittorio Emanuele 1335; Full manuscript | Dating: 1426-1475 | Century of production: 15 | Material: paper | Colophon language: Italian (IT, ITA) | Extent: Full manuscript | Number of folios: 108 | Decoration presence: TRUE | Musical notation presence: FALSE | Scribes: Giovanni Dominici, Male (Male); Giovanna de Piero di Martinozzi, Female (Female, Secular) | Texts copied: Giovanni Dominici, Male, Book of the Love of Charity, Italian (IT, ITA) [Religious Texts]","Original: Finito el mio libro chiamato amor de carita. Scricto per man de me Giovanna de Piero di Martinozzi. Translation: Finished is my book called Amor de Carita. Written by the hand of me, Giovanna de Piero di Martinozzi."
pu_25578,"s-Hertogenbosch, Société provinciale des Arts et des Sciences, Ms.635; Full manuscript",Netherlands,"Manuscript: s-Hertogenbosch, Société provinciale des Arts et des Sciences, Ms.635; Full manuscript | Country: Netherlands | City: Beverwijk | Region: Holland | Dating: 1479 | Century of production: 15 | Material: parchment | Colophon language: Latin (LA, LAT) | Extent: Full manuscript | Number of folios: 179 | Scribes: Diewar Peregrini, Beverwijk, Female (Female); Anonymous, TBC (TBC, Religious) | Texts copied: Anonymous, TBC, Breviary [Religious Texts]","Original: f.179v: Finitus Anno Millesimo quadringentesimo lxxix. Per manu sororis Diewaris peregrini in festo sancti willibrordi confessoris. Et maxima pars scripta est in celebribus festis Orate pro ea.  f.(garde): Liber magistri garlaci de scoten ad usum aduarie pauli monialis in beverwijck ad eiusdem vitam a prefato magistro aduarie concessus cum parte estivali etc. Translation: f.179 verso: Finished in the year one thousand four hundred seventy-nine. By the hand of Sister Diewaris Peregrini on the feast of Saint Willibrord, confessor. And the majority of it was written on celebrated feast days. Pray for her.  Guard f.: The book of Master Garlacus de Scoten for the use of Sister Pauli, nun in Beverwijck, granted by the aforementioned Master Garlacus for her life, with the summer part, etc."
pu_25580,"Saint Petersburg, Hermitage Museum, Inv Nr 169562; Full manuscript",Germany,"Manuscript: Saint Petersburg, Hermitage Museum, Inv Nr 169562; Full manuscript | Country: Germany | City: Medingen | Dating: 1496 | Century of production: 15 | Material: paper | Colophon language: German (DE, GER) | Extent: Full manuscript | Number of folios: 279 | Musical notation presence: FALSE | Monasteries: Medingen, nunnery, Cistercian, Bad Bevensen, Germany | Scribes: Felix Fabri, Male (Male); Felicitas Lieberin, Medingen, Female (Female, Religious) | Texts copied: Felix Fabri, Male, Journey to the Holy Land, Latin (LA, LAT) [Historical and Geographical Texts]","Original: Geschrieben von Schwester Felicitas Lieberin von Ulm im Jahre 1496; aus dem Dominikanerinnenkloster Medingen bei Dillingen, später Katharinenkloster der Dominikanerinnen in Augsburg Translation: Written by Sister Felicitas Lieberin of Ulm in the year 1496; from the Dominican convent at Medingen near Dillingen, later the Dominican nuns’ convent of St Catherine in Augsburg."
pu_25646,"Saint-Gall. Stiftsbibliothek, Ms. 1003; Full manuscript",Switzerland,"Manuscript: Saint-Gall. Stiftsbibliothek, Ms. 1003; Full manuscript | Country: Switzerland | City: Saint Gallen | Dating: 1498 | Century of production: 15 | Colophon language: German (DE, GER) | Extent: Full manuscript | Scribes: Schriberin, St. Gallen, Female (Female)","Original: Diss buchly ward uss geschriben und volendet an dem abent unsers vatters s. Ludwicus barfussen orden (d)a m(an) z(a""hlt) n(ach) d(er) g(eburt) ch(risti) 1400 un in dem 98 ior. Biten got fu""r die schriberin mit ain Ave Maria. (CMO) Translation: This book was written by me, Katheryna von [possibly Dienes?] Remchingen, professed at the convent of Frauenalb, and completed on the day that also happened to be the feast of Saint Mark the Evangelist, in the year counted as 1518. For God’s sake, I ask: when I am dead, remember me in this, and in all goodness."
pu_25647,"Saint-Gall. Stiftsbibliothek, Ms. 1464; Full manuscript",Switzerland,"Manuscript: Saint-Gall. Stiftsbibliothek, Ms. 1464; Full manuscript | Country: Switzerland | City: Saint Gallen | Dating: 24 July 1519 | Century of production: 16 | Material: paper | Colophon language: Latin (LA, LAT) | Extent: Full manuscript | Number of folios: 224 | Scribes: Marianna Pflügerin, St. Gallen, Female (Female)","Original: p. 443: Finitus est liber ille in vigilia sancti jacobij Appostoli per me S Marianna Pflügerin Ano domini MDIXX Translation: “This book was completed on the eve of Saint James the Apostle (July 24) by me, Sister Marianna Pflüger, in the year of our Lord 1520.”"
pu_25632,"Saint-Gall. Stiftsbibliothek, Ms. 499; f. 80–226",Germany,"Manuscript: Saint-Gall. Stiftsbibliothek, Ms. 499; f. 80–226 | Country: Germany | Dating: 1509 | Century of production: 16 | Material: paper | Colophon language: German (DE, GER) | Extent: f. 80–226 | Number of folios: 146 | Decoration presence: FALSE | Musical notation presence: FALSE | Scribes: Fides Bayerin, Female (Female); Anonymous, TBC (TBC, Religious) | Texts copied: Anonymous, TBC, Prayers [Religious Texts]; Anonymous, TBC, Prayers to Mary [Religious Texts]","Original: Bit fur mich S[wester] fidis bayerin , geschriben im ix jar [1509]. Translation: Pray for me, Sister Fidis Baier, written in the ninth year."
pu_25648,"Saint-Gall. Stiftsbibliothek, Ms. 522; Full manuscript",Unknown,"Manuscript: Saint-Gall. Stiftsbibliothek, Ms. 522; Full manuscript | Dating: 1471 | Century of production: 15 | Extent: Full manuscript | Scribes: Rosa Schugger, Unknown, Female (Female)",Original: (geschriben von Rosa Schugger)
pu_25638,"Saint-Gall. Stiftsbibliothek, Ms. Sang. 363; Full manuscript",Switzerland,"Manuscript: Saint-Gall. Stiftsbibliothek, Ms. Sang. 363; Full manuscript | Country: Switzerland | City: Saint Gallen | Region: St. Gallen | Dating: 8 November -1483 | Century of production: 15 | Material: paper | Colophon language: German (DE, GER) | Extent: Full manuscript | Number of folios: 335 | Decoration presence: TRUE | Musical notation presence: FALSE | Monasteries: Saint Katharinental, Dominican, Saint Gallen, Switzerland,-1245
1869 | Scribes: Anonymous, TBC (TBC, Religious); Elisabeth Muntprat, St. Gallen, Female (Female, Religious) | Texts copied: Anonymous, TBC, Plenary [Religious Texts]","Original: Explicit Liber iste. Dis bůch ist volendet vnd geschriben von der gnad gocz durch Schwoͤster Elizabeth Muntpratin zů Sant Katherina prediger ordens an aller hailgen Octaaf in dem iar da man zalt nach der gebůrt Jhesu christi MoCCCCo lxxxiij iar bittend gott fv́r die schriberin des begert sy von ganczem. herczen lebind vnd todt, Translation: Here ends this book. This book was completed and written by the grace of God by Sister Elizabeth Muntpratin of St. Catherine of the Dominican Order, on the Octave of All Saints in the year of our Lord 1483. She prays to God for the scribe, who desires this from the bottom of her heart, living and dead."
pu_25639,"Saint-Gall. Stiftsbibliothek, Ms. Sang. 406; Full manuscript",Switzerland,"Manuscript: Saint-Gall. Stiftsbibliothek, Ms. Sang. 406; Full manuscript | Country: Switzerland | City: Saint Gallen | Region: St. Gallen | Dating: between 1492 and 1498 | Century of production: 15 | Material: paper | Colophon language: Latin (LA, LAT) | Extent: Full manuscript | Number of folios: 308 | Decoration presence: TRUE | Musical notation presence: FALSE | Monasteries: Saint Katharinental, Dominican, Saint Gallen, Switzerland,-1245
1869 | Scribes: Cordula von Schönau, St. Gallen, Female (Female, Religious); Anonymous, TBC (TBC, Religious) | Texts copied: Anonymous, TBC, Breviary [Religious Texts]","Original: Deo gracias ihesus Maria etc. Soror Cordula de Schoͤnow schri[berin (?)], Geschrieben von Cordula v. Schönau Schwester zu St. Katherina in St.-Gallen c. 1499 Translation: Thanks be to God, Jesus, Mary, etc. Sister Cordula of Schönau, scribe [or ‘writer’]., Written by Cordula of Schönau, sister at St Catherine’s in St Gallen, c. 1499."
pu_25640,"Saint-Gall. Stiftsbibliothek, Ms. Sang. 479; Full manuscript",Switzerland,"Manuscript: Saint-Gall. Stiftsbibliothek, Ms. Sang. 479; Full manuscript | Country: Switzerland | City: Saint Gallen | Region: St. Gallen | Dating: 1483-1483 | Century of production: 15 | Material: paper | Colophon language: German (DE, GER) | Extent: Full manuscript | Number of folios: 227 | Decoration presence: TRUE | Musical notation presence: FALSE | Scribes: Dorothea von Hof, Constance, Female (Female, Secular); Anonymous, TBC (TBC, Religious) | Texts copied: Anonymous, TBC, Prayer Book [Religious Texts]","Original: Anno domyny M cccc lxxxiij Jar han ich dorathe Von hoͮf dis buͦch vß geschriben Am naͤchsten tag nach sant vͦrlrichs [sic] tag Liebe u̍berwint alle ding D. V. H. Translation: Anno Domini 1483, I, Dorothea von Hof, wrote this book on the day after Saint Ulrich's Day. Love overcomes all things. D.V.H."
pu_25641,"Saint-Gall. Stiftsbibliothek, Ms. Sang. 491; Full manuscript",Switzerland,"Manuscript: Saint-Gall. Stiftsbibliothek, Ms. Sang. 491; Full manuscript | Country: Switzerland | City: Saint Gallen | Region: St. Gallen | Dating: approx. 1492-1498 | Century of production: 15 | Material: paper | Colophon language: German (DE, GER) | Extent: Full manuscript | Number of folios: 142 | Decoration presence: TRUE | Musical notation presence: FALSE | Monasteries: Saint Katharinental, Dominican, Saint Gallen, Switzerland,-1245
1869 | Scribes: Cordula von Schönau, St. Gallen, Female (Female, Religious); Anonymous, TBC (TBC, Religious) | Texts copied: Anonymous, TBC, Office of the Dead (Officium defunctorum) [Religious Texts]","Original: Min liebe schwoͤster bit gott fu̍r mich […] [kleine Rasur] Cordula von schoͤnnow beger ich von dir Translation: My dear sister, pray to God for me […] [small erasure] Cordula von Schönnow, I ask this of you."
pu_35570,"Saint-Gall. Stiftsbibliothek, Ms. Sang. 603; Full manuscript",Switzerland,"Manuscript: Saint-Gall. Stiftsbibliothek, Ms. Sang. 603; Full manuscript | Country: Switzerland | City: Saint Gallen | Dating: 1493 | Century of production: 15 | Material: paper | Colophon language: German (DE, GER) | Extent: Full manuscript | Number of folios: 689 | Decoration presence: TRUE | Musical notation presence: FALSE | Monasteries: Saint Katharinental, Dominican, Saint Gallen, Switzerland,-1245
1869 | Scribes: Ms. St Gallen Ms. Sang. 603 unidentified hand B, St. Gallen, Female (Female, Religious); Ms. St Gallen Ms. Sang. 603 unidentified hand A, St. Gallen, Female (Female, Religious); Mechthild of Hackeborn, Female (Female); Regina Sattler, St. Gallen, Female (Female, Religious); Anonymous, TBC (TBC, Religious) | Texts copied: Anonymous, TBC, Foundation history of St Katharinental near Diessenhofen [Historical and Geographical Texts]; Anonymous, TBC, Lives of the Sisters of Töss [Religious Texts]; Anonymous, TBC, Life of Saint Margaret of Hungary [Religious Texts]; Anonymous, TBC, Life of Elizabeth of Hungary, nun in Töss [Religious Texts]; Anonymous, TBC, Life of Saint Ida [Religious Texts]; Anonymous, TBC, Lives of the Sisters of St Katharinental [Religious Texts]; Anonymous, TBC, Louis of Toulouse Legend [Religious Texts]; Anonymous, TBC, Forty Bundles of Myrrh [Religious Texts]; Mechthild of Hackeborn, Female, Liber specialis gratiae, Latin (LA, LAT) [Religious Texts]","Original: Gedenckent durch got der schriberin S.[chwester] R.[egina] S.[attler Translation: Remembered in God by the scribe, Sister Regina Sattler."
pu_25649,"Saint-Gall. Stiftsbibliothek, Ms. Sang. 934; Part III - f. 183-206",Switzerland,"Manuscript: Saint-Gall. Stiftsbibliothek, Ms. Sang. 934; Part III - f. 183-206 | Country: Switzerland | City: Saint Gallen | Dating: FIrst half of the 15th century | Century of production: 15 | Material: paper | Colophon language: German (DE, GER) | Extent: Part III - f. 183-206 | Number of folios: 23 | Decoration presence: TRUE | Musical notation presence: FALSE | Monasteries: St. Wiborada's Priory, Cistercian, St. Georgen in St. Gallen, Switzerland | Scribes: Elsen Closnerin, Unknown, Female (Female)","Original: (Geschrieben von) Swester Elsen Closnerin zu S. Iurgen by S. Gallen (fu""r) Anna Klosterfr. zu Magdenau genempt Vogelweidery m. l. Wasen (Base) Translation: (Written by) Sister Elsen Closnerin of St. George’s [Convent] near St. Gall, for Anna, a nun at Magdenau, called Vogelweidery, my dear cousin."
pu_25642,"Saint-Gall. Stiftsbibliothek, Ms. Sang. 983; Full manuscript",Switzerland,"Manuscript: Saint-Gall. Stiftsbibliothek, Ms. Sang. 983; Full manuscript | Country: Switzerland | City: Saint Gallen | Region: St. Gallen | Dating: 4 September 1464 | Century of production: 15 | Material: parchment and paper | Colophon language: German (DE, GER) | Extent: Full manuscript | Number of folios: 183 | Decoration presence: TRUE | Musical notation presence: FALSE | Monasteries: Saint Leonard convent in Saint Gallen, Franciscan, Saint Gallen, Switzerland | Scribes: Otto von Passau, Male (Male); Swester, Female (Female, Religious); Endlin, St. Gallen, Female (Female) | Texts copied: Otto von Passau, Male, The Twenty-Four Elders, German (DE, GER) [Religious Texts]","Original: Dis buch ist der swostren zu sand linhart und ist geschriben, volendet am mitwoch vor dem buertlichen tag unser lieben frowen jny dem lxiiii jar. – bit got fur swester endlin. (= 4. September 1464). Translation: This book belongs to the sisters of Saint Linhart and was written, completed on Wednesday before the feast day of our dear Lady in the year 1464. – Pray to God for Sister Endlin."
pu_25643,"Saint-Gall. Stiftsbibliothek, Ms. Sang. 990; Full manuscript",Switzerland,"Manuscript: Saint-Gall. Stiftsbibliothek, Ms. Sang. 990; Full manuscript | Country: Switzerland | City: Saint Gallen | Region: St. Gallen | Dating: 1521 Juni 11 | Century of production: 16 | Material: paper | Colophon language: German (DE, GER), Latin (LA, LAT) | Extent: Full manuscript | Number of folios: 589 | Musical notation presence: FALSE | Monasteries: Saint Katharinental, Dominican, Saint Gallen, Switzerland,-1245
1869 | Scribes: Regina Sattler, St. Gallen, Female (Female, Religious); Dorothea von Hertenstein, St. Gallen, Female (Female, Religious); Elisabeth Schaigenwiler, St. Gallen, Female (Female, Religious); Wendelin Fabri of Pforzheim, Male (Male) | Texts copied: Wendelin Fabri of Pforzheim, Male, Ascetic Collection, Latin (LA, LAT) [Religious Texts]","Original: Est finis Laus deo Mille deo gratias Anno domini xᵛ xxij S. [ oror ] R. [ egina ] S. [ attler ] Orate per me   p. 314b : Deo Gratias Bittend got für ich bosse Schriber〈in〉[erased] S. [sister] Dorothea von hertenstein  third hand not signed Translation: This is the end. Praise be to God. A thousand thanks to God. In the year of our Lord 1522. Sister Regina Sattler. Pray for me.  p. 314b: Thanks be to God. Praying to God for me, the sinful scribe. Sister Dorothea von Hertenstein.  The third hand is not signed."""
pu_29165,"Saint-Omer. Bibliothèque d'agglomération, Ms. 414; Full manuscript",France,"Manuscript: Saint-Omer. Bibliothèque d'agglomération, Ms. 414; Full manuscript | Country: France | Dating: 16th century | Century of production: 16 | Material: paper | Colophon language: French (FR, FRE) | Extent: Full manuscript | Number of folios: 202 | Decoration presence: TRUE | Musical notation presence: FALSE | Scribes: Jeanne Brouxsaut, Female (Female, Religious); Jean Capet, Male (Male); Jean Glapion, Male (Male) | Texts copied: Jean Glapion, Male, Le passe-temps du pèlerin de vie humaine, French (FR, FRE) [Literary Texts]; Jean Capet, Male, La Voie briefve de Paradis, French (FR, FRE) [Religious Texts]","Original: Priés bien Jesus et Marie pour seur Jehanne Brouxaut, votre indigne fille. Deo Gracias et Mariae., U[n]g avé maria po[u]r la povre escipvente S[o]e[u]r Jehe[an]ne Brouxsaut v[o]r[t]e fille indigne Translation: Pray well to Jesus and Mary for Sister Jeanne Brouxaut, your unworthy daughter. Thanks be to God and to Mary, One Ave Maria for the poor writer Sister Jeanne Brouxsaut, your unworthy daughter"
pu_25609,"Salzburg Nonnberg Abbey, 23 B 18; f. 45r-67r",Austria,"Manuscript: Salzburg Nonnberg Abbey, 23 B 18; f. 45r-67r | Country: Austria | City: Salzburg | Dating: Third quarter of the 15th century | Century of production: 15 | Material: paper | Colophon language: German (DE, GER) | Extent: f. 45r-67r | Number of folios: 22 | Decoration presence: TRUE | Musical notation presence: FALSE | Monasteries: Nonnberg Abbey, Benedictine, Salzburg, Austria | Scribes: Hilaria Pfaffinger, Female (Female); Anonymous, TBC (TBC, Religious) | Texts copied: Anonymous, TBC, Gesta Romanorum [Philosophical, and Scholarly Texts]",Original: Hklbrkb phbffkngfrkn Translation: Hilaria Pfaffinger
pu_25610,"Salzburg Nonnberg Abbey, 23 B 24; Full manuscript",Austria,"Manuscript: Salzburg Nonnberg Abbey, 23 B 24; Full manuscript | Country: Austria | City: Salzburg | Dating: hird quarter of the 15th century (1466) | Century of production: 15 | Material: paper | Colophon language: Latin (LA, LAT) | Extent: Full manuscript | Number of folios: 123 | Decoration presence: TRUE | Musical notation presence: FALSE | Monasteries: Nonnberg Abbey, Benedictine, Salzburg, Austria | Scribes: Ms. Salzburg Nonnberg Abbey, 23 B 24, Unidentified Hand 1, Female (Female); Hilaria Pfaffinger, Female (Female) | Texts copied: Anonymous, TBC, Ordo for the Sick and Dead [Religious Texts]",Original: Anno domini 1466. Et sic est finis. Translation: In the year of the Lord 1466. And thus it is the end.
pu_25615,"Salzburg Nonnberg Abbey, 23 D +29; Full manuscript",Austria,"Manuscript: Salzburg Nonnberg Abbey, 23 D +29; Full manuscript | Country: Austria | City: Salzburg | Region: Salzburg | Dating: 1499 | Century of production: 15 | Material: paper | Colophon language: German (DE, GER) | Extent: Full manuscript | Number of folios: 90 | Decoration presence: TRUE | Musical notation presence: FALSE | Monasteries: Petersfrauen, Benedictine, Salzburg, Austria, 1113-
1583 | Scribes: Barbara Püchler, Salzburg, Female (Female, Religious)",Original: endet sich newlich zw teusch gemacht den andachtigen klosterfraun zu sant Peter durch iren peicht vater 1499. Translation: Translation completed in 1499 for the devout nuns of St. Peter by their confessor.
pu_25617,"Salzburg Nonnberg Abbey, 28 D 3; Full manuscript",Austria,"Manuscript: Salzburg Nonnberg Abbey, 28 D 3; Full manuscript | Country: Austria | City: Salzburg | Region: Salzburg | Dating: 1490 | Century of production: 15 | Material: paper | Colophon language: German (DE, GER) | Extent: Full manuscript | Number of folios: 123 | Decoration presence: TRUE | Musical notation presence: FALSE | Monasteries: Nonnberg Abbey, Benedictine, Salzburg, Austria","Original: das puech hab ich schreibin lassen und geschemickt meinen liebn Swestern auff dem Nunburg Barbara Schedlingerin dye Zeitt Techanttin Anno domini [1490] Jar. Translation: This book I had written and sent to my beloved sister on the Nunburg, Barbara Schedlingerin, who at that time was a teacher, in the year of our Lord [1490]."
pu_25581,"Salzburg, Bibliothek St. Peter, a II 12; Full manuscript",Austria,"Manuscript: Salzburg, Bibliothek St. Peter, a II 12; Full manuscript | Country: Austria | City: Salzburg | Region: Salzburg | Dating: 2nd half 15 century | Century of production: 15 | Material: paper | Colophon language: German (DE, GER) | Extent: Full manuscript | Number of folios: 200 | Musical notation presence: FALSE | Monasteries: Petersfrauen, Benedictine, Salzburg, Austria, 1113-
1583 | Scribes: Ms. a II 12, Unidentified hand 2, Salzburg, Bibliothek St. Peter, Female (Female); Heinrich of Saint Gall, Male (Male); Ms. a II 12, Unidentified hand 3, Salzburg, Bibliothek St. Peter, Female (Female); Ulrich Putsch, Male (Male); Thomas Peuntner, Male (Male); Ms. a II 12, Unidentified hand 1, Salzburg, Bibliothek St. Peter, Female (Female); Barbara Hubmerin, Salzburg, Female (Female); Anonymous, TBC (TBC, Religious) | Texts copied: Anonymous, TBC, Indulgence Prayer [Religious Texts]; Heinrich of Saint Gall, Male, Passion Treatise, German (DE, GER) [Religious Texts]; Thomas Peuntner, Male, The Art of a Healthy Dying, German (DE, GER) [Religious Texts]; Ulrich Putsch, Male, Modus orandi sub celebracione missarum, Latin (LA, LAT) [Religious Texts]; Anonymous, TBC, On the Mass [Religious Texts]; Anonymous, TBC, Catechism [Religious Texts]","Original: Barbara Hubmerin dy hat das geschriben Translation: Barbara Hubmerin, she wrote this"
pu_25582,"Salzburg, Bibliothek St. Peter, a II 17; Full manuscript",Austria,"Manuscript: Salzburg, Bibliothek St. Peter, a II 17; Full manuscript | Country: Austria | City: Salzburg | Region: Salzburg | Dating: um 1500 | Century of production: 16 | Material: paper | Colophon language: Latin (LA, LAT) | Extent: Full manuscript | Number of folios: 220 | Musical notation presence: FALSE | Monasteries: Petersfrauen, Benedictine, Salzburg, Austria, 1113-
1583 | Scribes: Erentrudis Schöttlin (Schöttler), Salzburg, Female (Female, Religious) | Texts copied: Anonymous, TBC, On John the Baptist [Religious Texts]",Original: Hic est finis Erndrudis Translation: Here is the end of Erndrudis
pu_22315,"Salzburg, Bibliothek St. Peter, a III 21; Full manuscript",Austria,"Manuscript: Salzburg, Bibliothek St. Peter, a III 21; Full manuscript | Country: Austria | City: Salzburg | Region: Salzburg | Dating: 1448 | Century of production: 15 | Material: paper | Colophon language: German (DE, GER) | Extent: Full manuscript | Number of folios: 109 | Decoration presence: FALSE | Musical notation presence: FALSE | Monasteries: Petersfrauen, Benedictine, Salzburg, Austria, 1113-
1583 | Scribes: Margarethe Hohenwarterin, Salzburg, Female (Female, Religious); Hieronymus von Mondsee, Male (Male); Peter of Ailly, Male (Male); Anonymous, TBC (TBC, Religious) | Texts copied: Anonymous, TBC, Spiritual Song [Literary Texts]; Hieronymus von Mondsee, Male, The spiritual distaff, German (DE, GER) [Religious Texts]; Peter of Ailly, Male, Meditation on the Seven Penitential Psalms, Latin (LA, LAT) [Religious Texts]","Original: mir parmherczichleich der du ymmer und ewichleich lebst amen amen.... Die puess psalm hat man ausgeschrieben am samcztag nach Petronell der heiligen junkchfrawn anno domino (!) Mccccxlviij jar Margret Hochenwarterin. Translation: Have mercy, you who live forever and eternally, amen, amen…. The penitential psalms were written out on the Saturday after St. Petronella, the holy virgin, in the year of the Lord 1448, by Margret Hochenwarterin."
pu_25593,"Salzburg, Bibliothek St. Peter, b I 1; Full manuscript",Austria,"Manuscript: Salzburg, Bibliothek St. Peter, b I 1; Full manuscript | Country: Austria | City: Salzburg | Region: Salzburg | Dating: um 1446 | Century of production: 15 | Material: paper | Colophon language: German (DE, GER) | Extent: Full manuscript | Number of folios: 200 | Decoration presence: FALSE | Musical notation presence: FALSE | Monasteries: Petersfrauen, Benedictine, Salzburg, Austria, 1113-
1583 | Scribes: Panicher (Panicherin), Salzburg, Female (Female, Religious); Barbara Püchler, Salzburg, Female (Female, Religious)","Original: S unczt das ich ein gee in die freyd meines herrn da selbs zw peleiben ewigkleichen amen.... Das puechel hat ein endt got uns all unser truebsal in ewige frewd wendt. Sprecht der schreiberin ain Ave Maria. S.K.P. Translation: So may it happen that I go into the joy of my Lord, and there remain forever. Amen. This little book has come to an end — may God turn all our sorrow into eternal joy. Say an Ave Maria for the woman scribe."
pu_25599,"Salzburg, Bibliothek St. Peter, b III 8; Full manuscript",Austria,"Manuscript: Salzburg, Bibliothek St. Peter, b III 8; Full manuscript | Country: Austria | City: Salzburg | Region: Salzburg | Dating: 1471-4 | Century of production: 15 | Material: paper | Extent: Full manuscript | Number of folios: 334 | Decoration presence: TRUE | Monasteries: Petersfrauen, Benedictine, Salzburg, Austria, 1113-
1583 | Scribes: Euffemia Reitterin, Salzburg, Female (Female, Religious); Anonymous, TBC (TBC, Religious) | Texts copied: Anonymous, TBC, Ascetical Treatises [Religious Texts]",Original: profess 1462
pu_25602,"Salzburg, Bibliothek St. Peter, b V 8; Full manuscript",Austria,"Manuscript: Salzburg, Bibliothek St. Peter, b V 8; Full manuscript | Country: Austria | City: Salzburg | Region: Salzburg | Dating: 1520 | Century of production: 16 | Material: paper | Colophon language: German (DE, GER) | Extent: Full manuscript | Number of folios: 102 | Musical notation presence: FALSE | Monasteries: Petersfrauen, Benedictine, Salzburg, Austria, 1113-
1583 | Scribes: Johann von Staupitz, Male (Male); Dorothea Meixner, Salzburg, Female (Female, Religious) | Texts copied: Johann von Staupitz, Male, Sermons and Spiritual Reflections, German (DE, GER) [Religious Texts]","Original: Auch pegert die schreiberin von allen den dy solich predig lesen... wellen wu""nschen und pegern genad und lan von got dar ynn die schreiberin auch pegert tail zw haben Translation: Likewise, the female scribe asks of all those who read such sermons that they should wish for and entreat grace and reward from God, in which the scribe also desires to have a share, and so forth."
pu_25608,"Salzburg, Bibliothek St. Peter, b XII 19b; Full manuscript",Germany,"Manuscript: Salzburg, Bibliothek St. Peter, b XII 19b; Full manuscript | Country: Germany | City: Augsburg | Region: Bavaria | Dating: Before 1470 | Century of production: 15 | Material: paper | Extent: Full manuscript | Number of folios: 242 | Decoration presence: TRUE | Musical notation presence: FALSE | Scribes: Clara Hätzlerin, Augsburg, Female (Female, Secular); Anonymous, TBC (TBC, Religious) | Texts copied: Anonymous, TBC, Lives of the Saints [Religious Texts]",Original: Clara Hatzlerin. Translation: Clara Hatzlerin.
pu_25607,"Salzburg, Bibliothek St. Peter, HS. b XII 19a; Full manuscript",Germany,"Manuscript: Salzburg, Bibliothek St. Peter, HS. b XII 19a; Full manuscript | Country: Germany | City: Augsburg | Region: Bavaria | Dating: before 1470 | Century of production: 15 | Material: paper | Colophon language: German (DE, GER) | Extent: Full manuscript | Number of folios: 246 | Musical notation presence: FALSE | Scribes: Clara Hätzlerin, Augsburg, Female (Female, Secular); Anonymous, TBC (TBC, Religious) | Texts copied: Anonymous, TBC, Lives of the Saints [Religious Texts]",Original: Clara Hatzlerin hat das pUch / geschriben ze Augspurg. Translation: Clara Hatzlerin wrote this book in Augsburg.
pu_25138,"San Marino, Huntington Library, Art Museum, and Botanical Gardens, mssHM 26068; Full manuscript",England,"Manuscript: San Marino, Huntington Library, Art Museum, and Botanical Gardens, mssHM 26068; Full manuscript | Country: England | City: Edinburgh | Dating: 1591 | Century of production: 16 | Material: paper | Colophon language: Latin (LA, LAT), French (FR, FRE) | Extent: Full manuscript | Number of folios: 52 | Decoration presence: TRUE | Musical notation presence: FALSE | Scribes: Esther Inglis, Edinburgh, Female (Female, Secular); Anonymous, TBC (TBC, Religious) | Texts copied: Anonymous, TBC, Discourse on Faith [Religious Texts]","Original: A treshaute et puissante Princesse Elizabeth Roine d'Angleterre et cetera, Madame, combien que ie soye peu exercée ... De votre Majestie La treshumble, tresobeissante et tresaffectionnée servante a Jamais, Esther Langlois, Fille Françoise. Explicit: de pouvoir a Jamais vous faire treshumble service. Huius ipsius Libelli Prosopopoeia, Filia me scripsit mandante vtroque Parente/ Exilii calamo taedia discutiens. Translation: To the most high and powerful Princess Elizabeth, Queen of England, etc., Madam, although I am little practiced… From Your Majesty’s most humble, most obedient, and most affectionate servant forever, Esther Langlois, a French daughter.”  Explicit: “To be forever able to render you most humble service. The personification of this very little book — my daughter wrote me, at the command of both parents / driving away the tedium of exile with her pen.”"
pu_25622,"Sarnen, Bibliothek des Benediktinerkollegiums, Membr. 65; Full manuscript",Switzerland,"Manuscript: Sarnen, Bibliothek des Benediktinerkollegiums, Membr. 65; Full manuscript | Country: Switzerland | City: Basel | Dating: 1 Juy 1515 | Century of production: 16 | Material: parchment | Colophon language: German (DE, GER) | Extent: Full manuscript | Number of folios: 155 | Scribes: Anna Lowlin, Basel, Female (Female); Anonymous, TBC (TBC, Religious) | Texts copied: Anonymous, TBC, Psalter [Religious Texts]",Original: f.127v: Dis Buchlin wart geendet ... cf.PXL_20231003_194844290.jpg
pu_25624,"Sarnen, Bibliothek des Benediktinerkollegiums, Membr. 85; Full manuscript",Unknown,"Manuscript: Sarnen, Bibliothek des Benediktinerkollegiums, Membr. 85; Full manuscript | Dating: 1516 | Century of production: 16 | Material: paper | Extent: Full manuscript | Number of folios: 185 | Scribes: Cleophe von Baden, Baden, Female (Female)",Original: cf.PXL_20231003_193017876.jpg
pu_25626,"Scheyern, Bibl. of the Benedictine Monastery, Mscr. 4; Full manuscript",Germany,"Manuscript: Scheyern, Bibl. of the Benedictine Monastery, Mscr. 4; Full manuscript | Country: Germany | City: Mödingen | Region: Swabia | Dating: 1486 | Century of production: 15 | Material: paper | Extent: Full manuscript | Number of folios: 70 | Scribes: Ursula Schürstabin, Nuremberg, Female (Female, Religious)",Original: f.70vb: Ursula Schürstab
pu_25628,"Solothurn, Zentralbibliothek, Ms. S 458; Full manuscript",Switzerland,"Manuscript: Solothurn, Zentralbibliothek, Ms. S 458; Full manuscript | Country: Switzerland | City: Bern | Dating: 1507 | Century of production: 16 | Material: paper | Colophon language: German (DE, GER) | Extent: Full manuscript | Number of folios: 252 | Decoration presence: TRUE | Musical notation presence: FALSE | Monasteries: St. Michael's Island Monastery, Dominican, Bern, Switzerland | Scribes: Lucia von Moss, Female (Female); Ms. Solothurn, Zentralbibliothek, Ms. S 458, Unidentified Hand 1, Female (Female, Religious); Anonymous, TBC (TBC, Religious) | Texts copied: Anonymous, TBC, Devotional Book [Religious Texts]","Original: Diss büchlin hat geschriben S. Lucia von moss jn dem jor do man zalt 15 vnd vii jor, und wem es wirt noch minem tod, der bit got treuwlich für mich Translation: This little book was written by Sister Lucia of Moss in the year 1507, and whoever has it after my death, may they faithfully pray to God for me."
pu_28884,"Stockholm, Kungliga Biblioteket, A 12; Full manuscript",Sweden,"Manuscript: Stockholm, Kungliga Biblioteket, A 12; Full manuscript | Country: Sweden | City: Vadstena | Material: parchment | Colophon language: Swedish (SV, SWE) | Extent: Full manuscript | Number of folios: 171 | Decoration presence: TRUE | Musical notation presence: FALSE | Monasteries: Vadstena Abbey, Bridgettine, Vadstena, Sweden, 1346-
1595 | Scribes: Ms. Vadstena A12 Unidentified Hand 1, Female (Female, Religious)",Original: enne owärdoghe conuentz syster Translation: a humble convent sister
pu_25650,"Stockholm, Kungliga Biblioteket, A 172; Full manuscript",Germany,"Manuscript: Stockholm, Kungliga Biblioteket, A 172; Full manuscript | Country: Germany | City: Cologne | Region: North Rhine-Westphalia | Dating: 1350-1350 | Century of production: 14 | Material: parchment | Colophon language: Latin (LA, LAT) | Extent: Full manuscript | Number of folios: 316 | Decoration presence: TRUE | Musical notation presence: TRUE | Scribes: Loppa von Spiegel, Cologne, Female (Female); Anonymous, TBC (TBC, Religious) | Texts copied: Anonymous, TBC, Antiphonary [Religious Texts]","Original: Soror Jutta de alfter persoluit istum librum cum suis expensis et elemosynis. Orate pro ea et pro quibus intendit deuote et soror lorra de specula perfecit scribendo liniando notando illuminando quam non excludatis ex cordibus vestris nex non ex oracionibus vestris deuotis anno domini mcccl maximam pestilencia ubique existente. Translation: Sister Jutta of Alfter paid for this book with her own expenses and alms. Pray for her and for those for whom she devoutly intends [her prayers], and Sister Lorra of Spiegel completed it by writing, ruling, noting, and illuminating. Do not exclude her from your hearts nor from your devout prayers, in the year of our Lord 1350, when the great pestilence was raging everywhere.”"
pu_25651,"Stockholm, Kungliga Biblioteket, A 194; Full manuscript",Austria,"Manuscript: Stockholm, Kungliga Biblioteket, A 194; Full manuscript | Country: Austria | City: Vienna | Dating: 1468-1468 | Century of production: 15 | Material: paper | Colophon language: German (DE, GER) | Extent: Full manuscript | Number of folios: 363 | Scribes: Magdalene, Vienna, Female (Female); Magdalena Panholczin, Vienna, Female (Female)","Original: f.325: Die episteln hat zu dewchs gemacht der erwiendig geistleich herr maister hans amman aus der weissen aw pey rafelspuerkch den geistleichen jankchfrawn vnd swestern zu den himelparten zu wienn da er dann prior ist gewesen mer dann xx jar dem fot genedig sey. Vnd die episteln hat nach im abgeschriben swester magdalena die got der almochtig vnd sein liebe mueter maria haben in itt huet. f.360: Anno domini tausent cccc vnd im lxviii jar an vnser lieben frawn tag concepcionis in dem aduent ist das puech aus geschriben warden ist das puech aus geschriben warden vnd gehert zu den himelparten in das klaster zu wienn vnd hat geschriben swester magdalena panholezin. Pitt got für sey mit ainem aue maria. Deo gracias. Translation: f.325: “The Epistles were translated by the venerable and spiritual Master Hans Amman from Weissenau near Rafelspuerkch for the spiritual virgins and sisters at the Himmelspforten convent in Vienna, where he served as prior for more than twenty years. May God be gracious to his soul. The Epistles were later copied by Sister Magdalena, whom Almighty God and His beloved Mother Mary hold in their care.”  f.360: “In the year of our Lord 1468, on the Feast of the Conception of Our Lady, during Advent, this book was completed. It belongs to the Himmelspforten convent in Vienna and was written by Sister Magdalena Panholezin. Pray to God for her with an Ave Maria. Thanks be to God.”"
pu_28840,"Stockholm, Kungliga Biblioteket, A 1; Full manuscript",Unknown,"Manuscript: Stockholm, Kungliga Biblioteket, A 1; Full manuscript | Dating: 1526 | Century of production: 16 | Material: parchment | Colophon language: Swedish (SV, SWE) | Extent: Full manuscript | Number of folios: 258 | Monasteries: Vadstena Abbey, Bridgettine, Vadstena, Sweden, 1346-
1595 | Scribes: Ms. A 1 Unidentified Hand 1, Female (Female, Religious)",Original: enne conuentz systher
pu_25652,"Stockholm, Kungliga Biblioteket, A 2; Full manuscript",Sweden,"Manuscript: Stockholm, Kungliga Biblioteket, A 2; Full manuscript | Country: Sweden | City: Vadstena | Region: Östergötland County | Dating: 1534 | Century of production: 16 | Material: parchment | Colophon language: Swedish (SV, SWE) | Extent: Full manuscript | Number of folios: 200 | Monasteries: Vadstena Abbey, Bridgettine, Vadstena, Sweden, 1346-
1595 | Scribes: Katarina Petersdotter, Vadstena, Female (Female, Religious)","Original: Ithem taessa book haffwer waar kaera syster systher margith nilzsa dotther laetidh scriffwa oc haffwer hon henne alla samman j allo mattho kosthwarth mz thz som gudz waener oc hennas haffwa henne giffwidh oc war hon scriffwadh add ene owerdoghe conuens systher j watzstena closthier och war hon lyktadh diuisio apostolorum aarom aepther gudz burdh m d xxx iiii ... Translation: Also, this book was commissioned by our dear sister, Sister Margit Nilsdotter, who had it written and entirely furnished in every way with what God’s friends and her own provided to her. It was written by a senior convent sister in the Vadstena cloister and was completed on the Feast of the Division of the Apostles, in the year of our Lord 1534."
pu_28869,"Stockholm, Kungliga Biblioteket, A 37; Full manuscript",Sweden,"Manuscript: Stockholm, Kungliga Biblioteket, A 37; Full manuscript | Country: Sweden | City: Vadstena | Dating: before 1508 (1470-1496, 1501-1508) | Century of production: 15, 16 | Material: parchment | Colophon language: Swedish (SV, SWE) | Extent: Full manuscript | Number of folios: 140 | Monasteries: Vadstena Abbey, Bridgettine, Vadstena, Sweden, 1346-
1595 | Scribes: Märta Turesdotter, Vadstena, Female (Female, Religious); Anonymous, TBC (TBC, Religious) | Texts copied: Anonymous, TBC, Prayer Book [Religious Texts]",Original: MT Translation: Märta Turesdotter
pu_25653,"Stockholm, Kungliga Biblioteket, A 3; Full manuscript",Sweden,"Manuscript: Stockholm, Kungliga Biblioteket, A 3; Full manuscript | Country: Sweden | City: Vadstena | Region: Östergötland County | Dating: 1502 | Century of production: 16 | Material: parchment | Colophon language: Swedish (SV, SWE) | Extent: Full manuscript | Number of folios: 156 | Decoration presence: TRUE | Musical notation presence: FALSE | Monasteries: Vadstena Abbey, Bridgettine, Vadstena, Sweden, 1346-
1595 | Scribes: Anna Fickesdotter, Female (Female, Religious); Elseby Gjordsdotter, Female (Female, Religious); Katarina Gudmundsdotter (Gudmundi), Vadstena, Female (Female, Religious); Anna Girmundsdotter, Vadstena, Female (Female, Religious); Anonymous, TBC (TBC, Religious) | Texts copied: Anonymous, TBC, Prayer Book [Religious Texts]","Original: Thenna bok laeth systher aelseby giordz dotter skriffwa aat conuentenne tha hon war swmma cantrix wppa thz perman som köptis for thz silff baeltet som henna modhersysther hustru cristin biörn nielsons gaff ther til thz war swa goth som xxiiij mark hwilkin bok skriffwen war aff enne conwentz syster som war anno domini m dij i them tima war kaera modher syster anna fickonis war abbatissa gudhi til hedhers oc jdher allom minom kaera systrom til andelikin hugnat., oc taessa bok skreff syster katerina gudhmundi oc syster anna girmundi hwar thera sin halffdeel. Translation: This book was commissioned by Sister Elseby, the daughter of Gyrd, for the convent when she was serving as the cantor. It was written on parchment purchased with the silver belt gifted by her maternal aunt, Mistress Kristin Björn Nielson, which was valued at 24 marks. This book was written by a sister of the convent in the year of our Lord 1502, during the time when our beloved Mother Sister Anna Fickonis was abbess, to the honor of God and for the spiritual benefit of all my dear sisters.”, This book was written by Sister Katerina Gudhmundi and Sister Anna Girmundi, each for their half share."
pu_25654,"Stockholm, Kungliga Biblioteket, A 4; Full manuscript",Sweden,"Manuscript: Stockholm, Kungliga Biblioteket, A 4; Full manuscript | Country: Sweden | City: Vadstena | Region: Östergötland County | Dating: 1476-1519 | Century of production: 15 | Material: parchment | Colophon language: Swedish (SV, SWE) | Extent: Full manuscript | Number of folios: 182 | Monasteries: Vadstena Abbey, Bridgettine, Vadstena, Sweden, 1346-
1595 | Scribes: Katarina Gudmundsdotter (Gudmundi), Vadstena, Female (Female, Religious); Henry Suso, Male (Male); Kristina Hansdotter Brask, Vadstena, Female (Female, Religious) | Texts copied: Henry Suso, Male, Clock of Eternal Wisdom, Latin (LA, LAT) [Religious Texts]","Original: Her lyktas the book som syster kadhrin jöns gummwndzsons dotter oc syster cristin hanssa dotter haffua scriffuat gudhi til hedhers oc jdher allom til hugnadh. Translation: Here ends the book that Sister Katrin, daughter of Jöns Gudmundsson, and Sister Kristin, daughter of Hans, have written to the honor of God and for the benefit of you all.”"
pu_25656,"Stockholm, Kungliga Biblioteket, A 8; Full manuscript",Sweden,"Manuscript: Stockholm, Kungliga Biblioteket, A 8; Full manuscript | Country: Sweden | City: Vadstena | Region: Östergötland County | Dating: 1473-1486 | Century of production: 15 | Material: parchment | Colophon language: Swedish (SV, SWE) | Extent: Full manuscript | Number of folios: 164 | Monasteries: Vadstena Abbey, Bridgettine, Vadstena, Sweden, 1346-
1595 | Scribes: Kristina Hansdotter Brask, Vadstena, Female (Female, Religious)","Original: Thaenna firescripna book waende war kaere fadher ok brodher haer mathias laurencii conwaendz brodher j wastztenom aff latino ok j swaensko mz storom kaerlek ok jnnerlikom godh wilia gudhi til hedhers ok jomfru mario ok allom os til hwgnadh ... Bidhin thy kaera systra for honom ... Bidhin ok jaemwael for ware kaere modher syster margarete clawissa dotther abdissa som thenna bokena laet waendha at hon matte triffwas j allo godho swa wael likamlika som andelika. Translation: This aforementioned book was translated by our dear father and brother, Brother Matthias Laurencii, a convent brother at Vadstena, from Latin into Swedish with great love and heartfelt goodwill, to the honor of God, the Virgin Mary, and for the benefit of us all. … Dear sisters, pray for him … And also pray for our dear mother, Sister Margareta Clawisdotter, abbess, who had this book translated, that she may thrive in all goodness, both physical and spiritual."
pu_28859,"Stockholm, Kungliga Biblioteket, A 9; Full manuscript",Sweden,"Manuscript: Stockholm, Kungliga Biblioteket, A 9; Full manuscript | Country: Sweden | City: Vadstena | Dating: 1498-1502 | Century of production: 15, 16 | Material: parchment | Colophon language: Swedish (SV, SWE) | Extent: Full manuscript | Number of folios: 185 | Decoration presence: TRUE | Musical notation presence: FALSE | Monasteries: Vadstena Abbey, Bridgettine, Vadstena, Sweden, 1346-
1595 | Scribes: Anna Matsdotter Karth, Vadstena, Female (Female, Religious)",Original: AM Translation: Anna Matsdotter Karth
pu_28852,"Stockholm, Kungliga Biblioteket, C 12; Full manuscript",Sweden,"Manuscript: Stockholm, Kungliga Biblioteket, C 12; Full manuscript | Country: Sweden | City: Vadstena | Dating: 1450-1520 | Century of production: 15, 16 | Material: parchment | Colophon language: Swedish (SV, SWE) | Extent: Full manuscript | Number of folios: 192 | Decoration presence: TRUE | Musical notation presence: FALSE | Monasteries: Vadstena Abbey, Bridgettine, Vadstena, Sweden, 1346-
1595 | Scribes: Kristina Hansdotter Brask, Vadstena, Female (Female, Religious); Anonymous, TBC (TBC, Religious) | Texts copied: Anonymous, TBC, Book of hours [Religious Texts]",Original: CH Translation: Kristina Hansdotter Brask
pu_25659,"Stockholm, Kungliga Biblioteket, C 502; Full manuscript",Sweden,"Manuscript: Stockholm, Kungliga Biblioteket, C 502; Full manuscript | Country: Sweden | City: Vadstena | Region: Östergötland County | Dating: 1481-1532 | Century of production: 15, 16 | Material: parchment | Colophon language: Swedish (SV, SWE) | Extent: Full manuscript | Number of folios: 80 | Decoration presence: TRUE | Musical notation presence: FALSE | Monasteries: Vadstena Abbey, Bridgettine, Vadstena, Sweden, 1346-
1595 | Scribes: Christina Magnusdotter, Female (Female, Religious); Birgitta Andersdotter, Vadstena, Female (Female, Religious); Anonymous, TBC (TBC, Religious) | Texts copied: Anonymous, TBC, Book of hours [Religious Texts]","Original: Thässa hälga männena skulu läsas naar nakor olias bidhel tha troligha fför mik systher birgitta andersad(otter) Translation: These holy men are to be read when some different prayers are to be said. Remember me in your prayers, Sister Birgitta Andersdotter.”"
pu_25660,"Stockholm, Kungliga Biblioteket, C 508; Full manuscript",Sweden,"Manuscript: Stockholm, Kungliga Biblioteket, C 508; Full manuscript | Country: Sweden | City: Vadstena | Region: Östergötland County | Dating: 1473-1486 | Century of production: 15 | Material: parchment | Colophon language: Swedish (SV, SWE) | Extent: Full manuscript | Number of folios: 52 | Musical notation presence: TRUE | Monasteries: Vadstena Abbey, Bridgettine, Vadstena, Sweden, 1346-
1595 | Scribes: Kristina Hansdotter Brask, Vadstena, Female (Female, Religious); Ms. Vadstena, Female, Stockholm, Kungliga Biblioteket, C 508, Unidentified Hand 1, Female (Female, Religious)","Original: Taessa bokena screff syster cristin hanssa dotter owerdogh conuentz syster i them tima tha syster anna fikconis oc syster anna nicholai the waro cantraces., Taessa bokina laet modher syster marghit clauussa dotter abbatissa idher allom scriffua almaennelika wppa badha korana gudhi til hedhers oc idher allom til hugnadh. Von jÜngerer Hand ibidem: Antiphonarium in usum Margaretae Claudii filiae Abbatissae Vatstenensis (quae scripsit genealogiam s:tae Birgittae). Scriptum a Christina Joannis filia moniali ibidem tempore quo Anna Fickonis et anna Nicolai arent cantrices. Translation: This book was written by Sister Kristin, daughter of Hans, a convent sister at the time when Sister Anna Fickonis and Sister Anna Nicolai served as cantors., This book was commissioned by Mother Sister Margareta Clawisdotter, abbess, to be written for all of you, generally for use in both choirs, to the honor of God and for the benefit of you all. Antiphonary for the use of Margareta, daughter of Claudius, Abbess of Vadstena (who wrote the genealogy of Saint Birgitta). Written by Christina, daughter of Johannes, a nun there, at the time when Anna Fickonis and Anna Nicolai were cantors."
pu_18125,"Strasbourg, Bibliothèque universitaire, Ms. 1.989; Full manuscript",Unknown,"Manuscript: Strasbourg, Bibliothèque universitaire, Ms. 1.989; Full manuscript | Dating: 1454? | Century of production: 15 | Material: paper | Colophon language: German (DE, GER) | Extent: Full manuscript | Number of folios: 111 | Decoration presence: TRUE | Musical notation presence: FALSE | Scribes: Anna Brechteln, Unknown, Female (Female); Anonymous, TBC (TBC, Religious) | Texts copied: Anonymous, TBC, Spiritual Edification Treatises [Religious Texts]","Original: a. d. 1454 (?) uff sanct Peters dag ad vincula von swester Anna Brechteln Translation: On the feast of Saint Peter in Chains, in the year of our Lord 1454, by Sister Anna Brechteln."
pu_31760,"Strasbourg, Bibliothèque universitaire, Ms. 2.797; f. 1-95v",Switzerland,"Manuscript: Strasbourg, Bibliothèque universitaire, Ms. 2.797; f. 1-95v | Country: Switzerland | City: Saint Gallen | Dating: 17 April 1490 | Century of production: 15 | Material: paper | Colophon language: German (DE, GER) | Extent: f. 1-95v | Number of folios: 95 | Decoration presence: TRUE | Musical notation presence: FALSE | Monasteries: Saint Katharinental, Dominican, Saint Gallen, Switzerland,-1245
1869 | Scribes: Elisabeth Muntprat, St. Gallen, Female (Female, Religious)","Original: Disz zwen tractät sind geendet an dem nächsten samstag vor dem wijsen sonnetag, in dem frölichen gnadrichen jubel jar, durch mich, s. Elyszabetten Muntprâttin; sprechent ir durch Gotz willen ain Ave Maria umb ain gût sâlig end, anno Domini MccccXCmo Translation: These two treatises are dated on the Saturday before the wise Sunday, in the joyful and gracious jubilee year, by me, Sister Elizabeth Muntprâttin; may you, for God's sake, say an Ave Maria for a good and blessed end, in the year of our Lord 1490."
pu_25664,"Strasbourg, Bibliothèque universitaire, Ms. 2.930; Full manuscript",Germany,"Manuscript: Strasbourg, Bibliothèque universitaire, Ms. 2.930; Full manuscript | Country: Germany | City: Berg | Dating: 1470-1470 | Century of production: 15 | Material: paper | Colophon language: German (DE, GER) | Extent: Full manuscript | Number of folios: 222 | Decoration presence: TRUE | Musical notation presence: FALSE | Monasteries: Saint Barbara, Cistercian, Berg, Germany, 1450 | Scribes: Hilliken Kiesendaels, Female (Female, Religious); Anonymous, TBC (TBC, Religious) | Texts copied: Anonymous, TBC, History of the Cistercian Order [Historical and Geographical Texts]","Original: Auermyts der hulpen den almechtigen Gads enn synre werder moeder auermyts my suster Hilliken Kyesendaels professyt nonne des beslaten cloesters Sunte Barbaren gaerden bynnen der stat Berck leset eyn Ave Maria onder tyden om Ihesus wil voer die arme scriversche., Dit boeck ys geeyndet in den jaer Ons Heren 1470 op sunte Peters avent ad vincula des heiligen apostels. Translation: This book was completed in the year of Our Lord 1470 on the Feast of Saint Peter in Chains, the holy apostle., With the help of Almighty God and His dear Mother, and through my own efforts, I, Sister Hilliken Kyesendaels, professed nun of the enclosed convent of Saint Barbara’s Garden in the city of Berck, ask that you recite an Ave Maria from time to time for Jesus’ sake on behalf of the poor scribe."
pu_22214,"Strasbourg, Bibliothèque universitaire, Ms. 306; Full manuscript",France,"Manuscript: Strasbourg, Bibliothèque universitaire, Ms. 306; Full manuscript | Country: France | City: Strasbourg | Region: Grand Est | Dating: 4 April 1473 | Century of production: 15 | Material: parchment | Colophon language: Latin (LA, LAT) | Extent: Full manuscript | Number of folios: 323 | Decoration presence: TRUE | Musical notation presence: FALSE | Monasteries: Strasbourg, St. Clare's Monastery on the Wörth, Poor Clares, Strasbourg, France | Scribes: Marie Bruckerin, Strasbourg, Female (Female); Anonymous, TBC (TBC, Religious) | Texts copied: Anonymous, TBC, Psalter [Religious Texts]","Original: Expliciunt hec psalterii haut non Canticorum scripta per manus Marie Bruckerin, monialis ordinis Penitencium, morantis in conuentu cenobii ad Penitentes extra muros Argentinenses siti... Actum anno Domini 147III, die dominico post Eustasii abbatis, MCCCCLXXIII. Translation: Here end these Psalms, not the Canticles, written by the hand of Marie Bruckerin, nun of the Order of Penitents, residing in the convent of the Penitents outside the walls of Strasbourg... Done in the year of our Lord 1473, on the Sunday after the feast of Abbot Eustasius, 1473."
pu_25668,"Stuttgart, Württembergische Landesbibliothek, Brev. 130; Full manuscript",Germany,"Manuscript: Stuttgart, Württembergische Landesbibliothek, Brev. 130; Full manuscript | Country: Germany | City: Seligenthal | Region: Thuringia | Dating: 16th century | Century of production: 16 | Material: parchment | Colophon language: German (DE, GER), Latin (LA, LAT) | Extent: Full manuscript | Number of folios: 245 | Decoration presence: TRUE | Musical notation presence: FALSE | Monasteries: Seligenthal, Cistercian, Landshut, Germany, 1 Jan 1232-1 Jan 1803 | Scribes: Agnes Schelmin, Seligenthal, Female (Female); Anonymous, TBC (TBC, Religious) | Texts copied: Anonymous, TBC, Diurnal [Religious Texts]","Original: Orate pro me propter Ihesum Swester Agnes Schelmen closter jungfrawe zu... Translation: Pray for me for the sake of Jesus, Sister Agnes Schelmen, a virgin in the convent of…"
pu_25671,"Stuttgart, Württembergische Landesbibliothek, Brev. 22; Full manuscript",Germany,"Manuscript: Stuttgart, Württembergische Landesbibliothek, Brev. 22; Full manuscript | Country: Germany | City: Bredenbeck | Region: Lower Saxony | Dating: 1524 | Century of production: 16 | Material: paper | Colophon language: Latin (LA, LAT) | Extent: Full manuscript | Number of folios: 420 | Decoration presence: TRUE | Musical notation presence: FALSE | Monasteries: Benedictine nunnery of Bredenbeck, called Neukloster, Benedictine, Buxtehude, Germany, 1270-
1705 | Scribes: Cecilia Hughen, Bredenbeck, Female (Female); Anonymous, TBC (TBC, Religious) | Texts copied: Anonymous, TBC, Orationale [Religious Texts]","Original: Anno domini M°CCCCC°XXIIII scripsi ego soror Cecilia Hughen hunc librum cum fauore venerabilis domine A R anno etatis mee XXIII°. Translation: In the year of the Lord 1524, I, Sister Cecilia Hüge, wrote this book with the favor of the venerable Lady A. R., in the 23rd year of my age."
pu_25674,"Stuttgart, Württembergische Landesbibliothek, Brev. 46; Full manuscript",Germany,"Manuscript: Stuttgart, Württembergische Landesbibliothek, Brev. 46; Full manuscript | Country: Germany | City: Sulz am Neckar | Region: Baden-Württemberg | Dating: 1507 | Century of production: 16 | Material: paper | Colophon language: Latin (LA, LAT) | Extent: Full manuscript | Number of folios: 411 | Decoration presence: TRUE | Musical notation presence: FALSE | Monasteries: Pforzheim Dominican nunnery of St Mary Magdalene, Dominican, Pforzheim, Germany | Scribes: Anonymous, TBC (TBC, Religious); Dorothea, Sulz am Neckar, Female (Female) | Texts copied: Anonymous, TBC, Breviary [Religious Texts]","Original: Ego S. D. S. ordinis fratrum praedicatorum hunc breuiarium cum dei adiutorio manu mea propria cum magno studio et labore scripsi venerabili patri lectori fratri Heinrico Trollinger eiusdem ordinis et pro tunc confessori sororum in Phorczen Anno domini 1507. Translation: I, Sister Dorothea of the Order of Preachers, wrote this breviary with the help of God, with my own hand and with great diligence and labor, for the venerable father and lector Brother Heinrich Trollinger of the same order, who at that time was confessor of the sisters in Pforzheim, in the year of the Lord 1507"
pu_25676,"Stuttgart, Württembergische Landesbibliothek, Brev. 50; Full manuscript",Germany,"Manuscript: Stuttgart, Württembergische Landesbibliothek, Brev. 50; Full manuscript | Country: Germany | City: Esslingen | Region: Baden-Württemberg | Dating: c.1480/96 | Century of production: 15 | Material: paper | Colophon language: German (DE, GER) | Extent: Full manuscript | Number of folios: 138 | Decoration presence: TRUE | Musical notation presence: FALSE | Monasteries: Dominican monastery of Weiler, Dominican, Esslingen, Germany, 1230-
1592 | Scribes: Dorothea Gundelfing, Esslingen, Female (Female, Religious); Anonymous, TBC (TBC, Religious) | Texts copied: Anonymous, TBC, Prayer Book [Religious Texts]",Original: Diß ist S. Dorothea Gandelf. Translation: This is S. Dorothea Gandelf.
pu_25680,"Stuttgart, Württembergische Landesbibliothek, Brev. 54; f. 1r–57v",Germany,"Manuscript: Stuttgart, Württembergische Landesbibliothek, Brev. 54; f. 1r–57v | Country: Germany | City: Reutin | Region: Baden-Württemberg | Dating: 1514 | Century of production: 16 | Material: paper | Colophon language: German (DE, GER) | Extent: f. 1r–57v | Number of folios: 57 | Decoration presence: TRUE | Musical notation presence: FALSE | Monasteries: Reuthin Dominican monastery, Dominican, Reuthin, Germany | Scribes: Margreten Vesslerin, Reuthin, Female (Female, Religious); Anonymous, TBC (TBC, Religious) | Texts copied: Anonymous, TBC, Prayer Book [Religious Texts]","Original: Vollend zu/o/ lob vnd eren / Maria vnd got dem heren / Vnd zu/o/ andau""cht aller maist / Margreten Vesslerin sie hayst. / Ain werde schwester lobesan /Zu/o/ Wilperg in dem stetlin clan / Wel sie bestetgen gottes gwalt / Mit all irn schwestern ju""ng vnd alt. / Wa sy ir gebet vff messenn / Dyss buchlins schryber nit vergessen / Das gschriben ist im iar fu""rwar / Tu""ssend funffhu""ndert verczehen iar / Am abend Magdalene zart / Der all ir su""nd vergeben ward / Wel vns erwerberben (!) gottes segen / Hie vnd dort daz ewig leben. / Amen. / 1514. Translation: Completed in praise and honor / Of Mary and God the Lord / And in deepest devotion above all / Margreten Vesslerin is her name. / A worthy and praiseworthy sister / From Wilperg, in the little town nearby, / Who confirmed God’s power / With all her sisters, young and old. / When they offer their prayers during Mass, / Let them not forget the scribe of this book, / Which was written in truth in the year / One thousand five hundred and fourteen, / On the eve of tender Magdalene / Who was forgiven all her sins. / May she secure for us God’s blessing / Here and there, eternal life. / Amen. / 1514."
pu_32727,"Stuttgart, Württembergische Landesbibliothek, Brev. 59; f. 1r-138r, 166v–202r",Germany,"Manuscript: Stuttgart, Württembergische Landesbibliothek, Brev. 59; f. 1r-138r, 166v–202r | Country: Germany | City: Esslingen | Region: Baden-Württemberg | Dating: c.1521/24 | Century of production: 16 | Material: paper | Colophon language: German (DE, GER) | Extent: f. 1r-138r, 166v–202r | Number of folios: 202 | Musical notation presence: FALSE | Monasteries: Dominican monastery of Weiler, Dominican, Esslingen, Germany, 1230-
1592 | Scribes: W.Z. soror s1, Esslingen, Female (Female, Religious); Anonymous, TBC (TBC, Religious) | Texts copied: Anonymous, TBC, Prayer Book [Religious Texts]","Original: Anno domini XVC und XIX Jar vff Sant Ambrosiustag ward das Closter vnd kirchen zu Wyler by Esslingen verbrennt von denen von Esslingen, als der Bunnd hörtzog Vlrich von Wirtenberg vß dem land vertryb. 1519. S. W.Z. Translation: Anno domini 1519, on the feast of St Ambrose, the convent and church at Weiler near Esslingen were burned by the people of Esslingen, when the League drove Duke Ulrich of Württemberg out of the land. 1519. S.W.Z."
pu_25683,"Stuttgart, Württembergische Landesbibliothek, Brev. 62; f. 89r–148v",Germany,"Manuscript: Stuttgart, Württembergische Landesbibliothek, Brev. 62; f. 89r–148v | Country: Germany | City: Esslingen | Region: Baden-Württemberg | Dating: c.1527 | Century of production: 16 | Material: paper | Colophon language: German (DE, GER) | Extent: f. 89r–148v | Number of folios: 59 | Decoration presence: TRUE | Musical notation presence: FALSE | Monasteries: Dominican monastery of Weiler, Dominican, Esslingen, Germany, 1230-
1592 | Scribes: Margaretha von Bernhausen, Esslingen, Female (Female, Religious); Anonymous, TBC (TBC, Religious) | Texts copied: Anonymous, TBC, Prayer Book [Religious Texts]",Original: Margret von Berhvßen ist deß betlin geschryben vnd der Translation: Margret von Berhvßen wrote this little prayerbook
pu_25685,"Stuttgart, Württembergische Landesbibliothek, Brev. 70; Full manuscript",Germany,"Manuscript: Stuttgart, Württembergische Landesbibliothek, Brev. 70; Full manuscript | Country: Germany | City: Esslingen | Region: Baden-Württemberg | Dating: c.1534/37 | Century of production: 16 | Material: paper | Colophon language: German (DE, GER) | Extent: Full manuscript | Number of folios: 240 | Decoration presence: FALSE | Musical notation presence: FALSE | Monasteries: Dominican monastery of Weiler, Dominican, Esslingen, Germany, 1230-
1592 | Scribes: Barbara (Gabler?), Esslingen, Female (Female, Religious); Anonymous, TBC (TBC, Religious) | Texts copied: Anonymous, TBC, Prayer Book [Religious Texts]","Original: Ich S. Barbara Translation: I, sister Barbara"
pu_22329,"Stuttgart, Württembergische Landesbibliothek, HB I 122; Full manuscript",Germany,"Manuscript: Stuttgart, Württembergische Landesbibliothek, HB I 122; Full manuscript | Country: Germany | City: Marienborn | Region: Saxony-Anhalt | Dating: 1376-1425 | Century of production: 15, 14 | Material: parchment | Colophon language: Latin (LA, LAT) | Extent: Full manuscript | Number of folios: 267 | Decoration presence: TRUE | Musical notation presence: FALSE | Monasteries: Marienborn Abbey, Cistercian, Burbach, Hürth, Germany, 1 Jan 1233-
1 Jan 1802 | Scribes: Sophia, Marienborn, Female (Female); Anonymous, TBC (TBC, Religious) | Texts copied: Anonymous, TBC, Nocturnal, Latin (LA, LAT) [Religious Texts]",Original: Orate pro scriptrice Sophia Translation: Pray for the scribe Sophia.
pu_25687,"Stuttgart, Württembergische Landesbibliothek, HB I 140; Full manuscript",Germany,"Manuscript: Stuttgart, Württembergische Landesbibliothek, HB I 140; Full manuscript | Country: Germany | City: Burbach | Region: Baden-Württemberg | Dating: ante a 1475 | Century of production: 15 | Material: parchment | Colophon language: Latin (LA, LAT) | Extent: Full manuscript | Number of folios: 134 | Decoration presence: TRUE | Musical notation presence: FALSE | Monasteries: Marienborn Abbey, Cistercian, Burbach, Hürth, Germany, 1 Jan 1233-
1 Jan 1802 | Scribes: Judith E., Burbach, Female (Female); Anonymous, TBC (TBC, Religious) | Texts copied: Anonymous, TBC, Missal, Latin (LA, LAT) [Religious Texts]","Original: Orate pro me Judit E. Pri( orissa ?) in J3(orn ?) im jar LXXV Translation: Pray for me, Judith E., prioress?, in the year 1475"
pu_25690,"Stuttgart, Württembergische Landesbibliothek, HB I 87; Full manuscript",Germany,"Manuscript: Stuttgart, Württembergische Landesbibliothek, HB I 87; Full manuscript | Country: Germany | City: Pfullingen | Dating: 1520-1522 | Century of production: 16 | Material: paper | Colophon language: German (DE, GER) | Extent: Full manuscript | Number of folios: 164 | Decoration presence: TRUE | Musical notation presence: FALSE | Monasteries: Pfullingen, Poor Clares, near Reutlingen, Germany | Scribes: Katharina von Weil, Female (Female); Anonymous, TBC (TBC, Religious) | Texts copied: Anonymous, TBC, Prayer Book [Religious Texts]","Original: Geschriben vor allen heiligen tag als man zalt tusen fünfhundert XXII jar, bit got für die schriberin., Bit got für die schreiberin s. Kattherina von Wijl. Anno domini 1522 vff Lucie der heiligen junckfrowen tag., Bitt gott für die schriberin s. Kattherina v. W. Lebend und tod nim für gut. 1520 Translation: Pray to God for the scribe, Sister Katharina v. W. Accept [this] kindly, in life and in death. 1520., Written before All Saints’ Day in the year 1522; pray to God for the scribe., Pray to God for the scribe, Sister Katharina von Weil. In the year of the Lord 1522, on the feast day of Saint Lucy the holy virgin."
pu_22428,"Stuttgart, Württembergische Landesbibliothek, HB XI 51; Full manuscript",Germany,"Manuscript: Stuttgart, Württembergische Landesbibliothek, HB XI 51; Full manuscript | Country: Germany | City: Augsburg | Region: Bavaria | Dating: 1473-1473 | Century of production: 15 | Material: paper | Colophon language: German (DE, GER) | Extent: Full manuscript | Number of folios: 82 | Decoration presence: TRUE | Musical notation presence: FALSE | Scribes: Heinrich Münsinger, Male (Male); Clara Hätzlerin, Augsburg, Female (Female, Secular) | Texts copied: Heinrich Münsinger, Male, Book on Falcons, Hawks, Horses, and Dogs, German (DE, GER) [Philosophical, and Scholarly Texts]","Original: Clara Hätzlerin zu Augspurg Anno 1473 Translation: Clara Hätzlerin from Augsburg, in the year 1473."
pu_22497,"Stuttgart, Württembergische Landesbibliothek, HB XVII 10; full manuscript",Germany,"Manuscript: Stuttgart, Württembergische Landesbibliothek, HB XVII 10; full manuscript | Country: Germany | City: Mariaberg? | Region: Baden-Württemberg | Dating: 1454-1455 | Century of production: 15 | Material: parchment | Colophon language: Latin (LA, LAT) | Extent: full manuscript | Number of folios: 269 | Decoration presence: TRUE | Musical notation presence: TRUE | Scribes: Barbara Gretzinger of Lindow, Mariaberg, Female (Female); Anonymous, TBC (TBC, Religious) | Texts copied: Anonymous, TBC, Psalter [Religious Texts]","Original: Anno domini millesimo quadringentesimo quinquagesimo quinto circa festum nativitatis Marie virginis completum est hoc psalterium per manus Barbare Gretzingerin de Lindow sororis conventualis in Berg prope Gamertingen etatis annorum viginti sex …, Completum est hoc opus psalterii per manus Barbare Gretzingerin de Lindow conventualis monasterii montis Marie. Anno domini milesimo (sic) quadringentesimo quinquagesimo quarto ipsa die nativitatis Marie. Etatis sue anno vicesimo quinto Translation: This work of the Psalter is completed by the hand of Barbara Gretzingerin from Lindow, a member of the convent of Mount Mary. In the year of our Lord one thousand four hundred fifty-four, on the very day of the Nativity of Mary. In the twenty-fifth year of her age., In the year of our Lord one thousand four hundred fifty-five, around the feast of the Nativity of the Virgin Mary, this Psalter was completed by the hand of Barbara Gretzingerin from Lindow, a sister of the convent in Berg near Gamertingen, at the age of twenty-six ..."
pu_25692,"Stuttgart, Württembergische Landesbibliothek, HB XVII 17; Full manuscript",Germany,"Manuscript: Stuttgart, Württembergische Landesbibliothek, HB XVII 17; Full manuscript | Country: Germany | City: Marienborn | Region: Saxony-Anhalt | Dating: 1344-1344 | Century of production: 14 | Material: parchment and paper | Colophon language: Latin (LA, LAT) | Extent: Full manuscript | Number of folios: 237 | Decoration presence: TRUE | Musical notation presence: TRUE | Monasteries: Marienborn Abbey, Cistercian, Burbach, Hürth, Germany, 1 Jan 1233-
1 Jan 1802 | Scribes: Alheidis Quidenbeumen, Marienborn, Female (Female, Religious); Anonymous, TBC (TBC, Religious) | Texts copied: Anonymous, TBC, Antiphonary [Religious Texts]",Original: Que hunc librum scribebat Alheidis Quidenbeumen nomen habebat. Anno domini MCCCXLIIII. Orate misericorditer pro ea. Translation: This book was scribed by Alheidis Quidenbeumen. In the year of our Lord one thousand three hundred and forty-four. Pray mercifully for her.
pu_25693,"Stuttgart, Württembergische Landesbibliothek, HB XVII 7; Full manuscript",Germany,"Manuscript: Stuttgart, Württembergische Landesbibliothek, HB XVII 7; Full manuscript | Country: Germany | City: Mariaberg? | Region: Baden-Württemberg | Dating: 1454-1454 | Century of production: 15 | Material: parchment | Colophon language: Latin (LA, LAT) | Extent: Full manuscript | Number of folios: 218 | Decoration presence: TRUE | Musical notation presence: TRUE | Scribes: Barbara Gretzinger of Lindow, Mariaberg, Female (Female); Anonymous, TBC (TBC, Religious) | Texts copied: Anonymous, TBC, Psalter [Religious Texts]","Original: Explicit hoc opus psalterii per me Barbaram Gretzingerin de Lindow conventualem monasterii nomine Berg anno domini milesimo (sic) quadringentesimo quinquagesimo quarto Translation: This work of the Psalter is completed by me, Barbara Gretzingerin of Lindow, a convent member of the monastery named Berg, in the year of our Lord one thousand four hundred and fifty-four."
pu_25695,"Stuttgart, Württembergische Landesbibliothek, Ms. theol. et phil. 2° 284; Full manuscript",Germany,"Manuscript: Stuttgart, Württembergische Landesbibliothek, Ms. theol. et phil. 2° 284; Full manuscript | Country: Germany | Region: Swabia | Dating: 1487 | Century of production: 15 | Material: paper | Colophon language: German (DE, GER) | Extent: Full manuscript | Number of folios: 177 | Musical notation presence: FALSE | Scribes: Fides Bayerin, Female (Female); Mechthild of Hackeborn, Female (Female) | Texts copied: Mechthild of Hackeborn, Female, Liber specialis gratiae, Latin (LA, LAT) [Religious Texts]",Original: sweste fydes bayerin Translation: Sister fydes bayerin
pu_25701,"Stuttgart, Württembergische Landesbibliothek, Theol. et. phil. 2° 53; Full manuscript",Germany,"Manuscript: Stuttgart, Württembergische Landesbibliothek, Theol. et. phil. 2° 53; Full manuscript | Country: Germany | City: Esslingen | Region: Baden-Württemberg | Dating: 1538 | Century of production: 16 | Material: paper | Colophon language: German (DE, GER) | Extent: Full manuscript | Number of folios: 76 | Decoration presence: TRUE | Musical notation presence: FALSE | Monasteries: Dominican monastery of Weiler, Dominican, Esslingen, Germany, 1230-
1592 | Scribes: Magdalena Becht, Esslingen, Female (Female, Religious); Anonymous, TBC (TBC, Religious) | Texts copied: Anonymous, TBC, Martyrology [Religious Texts]","Original: Bitten gott für die schriberin sr Madalea Bächtin geschriben im m v c xv xxxviii ior. Translation: Pray God for the scribe, Sister Magdalena Bächtin. Written in the year 1538."
pu_25702,"Stuttgart, Württembergische Landesbibliothek, Theol. et. phil. 4° 135; Full manuscript",Germany,"Manuscript: Stuttgart, Württembergische Landesbibliothek, Theol. et. phil. 4° 135; Full manuscript | Country: Germany | City: Herzebrock | Region: Baden-Württemberg | Dating: 1471 | Century of production: 15 | Material: paper | Colophon language: Latin (LA, LAT) | Extent: Full manuscript | Number of folios: 205 | Decoration presence: TRUE | Musical notation presence: FALSE | Monasteries: Herzebrock Abbey or Priory, Benedictine, Herzebrock-Clarholz, Germany, 1 Jan 1208-
1 Jan 1803 | Scribes: Bonaventure of Bagnoregio, Male (Male); Helena de Graffen, Herzebrock, Female (Female, Religious) | Texts copied: Bonaventure of Bagnoregio, Male, Major Legend of Saint Francis, Latin (LA, LAT) [Religious Texts]",Original: Scriptus et conpletus est liber iste pro conventu in Hertzenbrock per sororem Helenam de Graffen monialem eiusdem ordinis sancti Benedicti anno domini etc. LXXI o …
pu_25710,"The Hague, National Library of the Netherlands, Ms. 129 E 21 (119); Full manuscript",Belgium,"Manuscript: The Hague, National Library of the Netherlands, Ms. 129 E 21 (119); Full manuscript | Country: Belgium | City: Mechelen/Malines | Region: Flanders | Dating: 1507 | Century of production: 16 | Material: parchment | Colophon language: Latin (LA, LAT) | Extent: Full manuscript | Number of folios: 409 | Decoration presence: TRUE | Musical notation presence: FALSE | Monasteries: Mont-Thabor, Augustinian, Malines/Mechlen, Belgium, 1459-
1783 | Scribes: Cecilia Hermans, Malines, Female (Female, Religious); Anonymous, TBC (TBC, Religious) | Texts copied: Anonymous, TBC, Breviary [Religious Texts]; Anonymous, TBC, Book of hours [Religious Texts]",Original: Iste liber est finitus Altera annunciationis beatissime virginis marie Anno domini xvc et vij. Et scripsit soror cecilia hermans Oretis pro ea propter amorem dei. Ave maria. Translation: This book was finished on the Second Annunciation of the Most Blessed Virgin Mary in the Year of our Lord 1507. And it was written by Sister Cecilia Hermans. Pray for her out of love for God. Hail Mary.
pu_22886,"The Hague, National Library of the Netherlands, Ms. 131 H 23 (290); Full manuscript",Netherlands,"Manuscript: The Hague, National Library of the Netherlands, Ms. 131 H 23 (290); Full manuscript | Country: Netherlands | City: Arnhem | Region: Gelderland | Dating: 1466 | Century of production: 15 | Material: parchment | Colophon language: Dutch (NL, DUTENG) | Extent: Full manuscript | Number of folios: 171 | Decoration presence: TRUE | Musical notation presence: FALSE | Monasteries: Canonesses Regular of St. Mary, Arnhem, Augustinian, Arnhem, Netherlands | Scribes: Arnt van Hokelum, Arnhem, Female (Female, Religious); Anonymous, TBC (TBC, Religious) | Texts copied: Anonymous, TBC, Book of hours [Religious Texts]","Original: Dit boec hevet gescreven suster Aernt van hokelum. ende het is geeynt intjaer ons heren doe men screej M CCCC ende Ixvi. op sunte peters ende marcellinus dach. leset doch een ave maria onser liever vrouwen voer haer. Translation: This book was written by Sister Aernt van Hokelum. And it was finished in the year of our Lord when they wrote 1466, on the day of Saint Peter and Marcellinus. Please say an Ave Maria for her."
pu_25707,"The Hague, National Library of the Netherlands, Ms. 133 C 1 (35); Full manuscript",Belgium,"Manuscript: The Hague, National Library of the Netherlands, Ms. 133 C 1 (35); Full manuscript | Country: Belgium | City: Brussels | Dating: ca. 1490-1504 | Century of production: 15, 16 | Material: paper | Colophon language: Latin (LA, LAT), Dutch (NL, DUTENG) | Extent: Full manuscript | Number of folios: 264 | Decoration presence: TRUE | Musical notation presence: FALSE | Monasteries: Cloister Notre-Dame of the Rose of Jericho, Augustinian, Brussels, Belgium, 1247 | Scribes: Lijsbeth Mols, Brussels, Female (Female, Religious)","Original: Desen boeck heft ghescreuen. Ende met groeten aerbeyt vergadert onse gheminde mede suster. suster lijsbeth mols. Ende dat inden tijt dat sij aen die schiue diende. Ende sij heeft begheert dat desen boeck altoes op den choer sal ligghen. omtrint oft voer die priorinne op dat een yeghelijc daer in mach vinden na sijn beliefte. Ende sij bidt ende begheert zeere oetmoedelijc uwer alder deuoet ghebeth voer haer arm ziele. die v oec wilen inden last der priorinscap onweerdich ghedient heeft. xxxiii Requiescant in pace Amen Translation: This book has been written and, with great effort, compiled by our dear fellow-sister, Sister Lijsbeth Mols, at the time when she was serving at the writing desk. And she has requested that this book should always lie in the choir, either near or before the prioress, so that everyone may find in it according to their devotion. And she prays and most humbly asks for your most devout prayers for her poor soul, who also once served—unworthily—in the burden of the prioress’s office. May they rest in peace. Amen."
pu_25713,"The Hague, National Library of the Netherlands, Ms. 133 H 12 (388); f. 1r-41v",Netherlands,"Manuscript: The Hague, National Library of the Netherlands, Ms. 133 H 12 (388); f. 1r-41v | Country: Netherlands | City: Amsterdam | Region: Amstelland | Dating: 1545 | Century of production: 16 | Material: paper | Colophon language: Dutch (NL, DUTENG) | Extent: f. 1r-41v | Number of folios: 41 | Decoration presence: TRUE | Musical notation presence: FALSE | Monasteries: Tertiaries of St. Clare, Franciscan, Amsterdam, Netherlands | Scribes: Stijnge Claesdre, Amsterdam, Female (Female, Religious); Anonymous, TBC (TBC, Religious) | Texts copied: Anonymous, TBC, Prayer Book [Religious Texts]","Original: Item dit heeft gescreven suster stijntge claes ende is geeyndet op sancte matheeus avont anno domini xuc ende xlu., styntken claes dochter. Neeltgen vander borch. Translation: Stijntken Claes, daughter. Neeltgen vander Borch., Item, this was written by Sister Stijntge Claes and was finished on the eve of Saint Matthew in the year of our Lord 1490."
pu_25715,"The Hague, National Library of the Netherlands, Ms. 135 G 20; Full manuscript",Netherlands,"Manuscript: The Hague, National Library of the Netherlands, Ms. 135 G 20; Full manuscript | Country: Netherlands | City: Helmond | Region: Brabant | Dating: 1529 | Century of production: 16 | Material: parchment and paper | Colophon language: Dutch (NL, DUTENG) | Extent: Full manuscript | Number of folios: 287 | Decoration presence: TRUE | Musical notation presence: FALSE | Monasteries: Convent of Our Lady, Helmond, Unknown, Helmond, Netherlands | Scribes: Hadewish van Uden, The Hague, Female (Female, Religious)",Original: Dit boeck is voleynt ter eeren goeds ende sijn gehenedide passie in dat convent van onser liever vrouwen in die hage by die stadt van helmont by mi Suster hadewich van uden Anno xvc ende xxix. Ora pro ea. Translation: This book is completed in honor of God and his blessed Passion in the convent of Our Lady in The Hague near the city of Helmond by me Sister Hadewich van Uden in the year 1529. Pray for her.
pu_25716,"The Hague, National Library of the Netherlands, Ms. 70 E 13 (768); Full manuscript",Netherlands,"Manuscript: The Hague, National Library of the Netherlands, Ms. 70 E 13 (768); Full manuscript | Country: Netherlands | City: Maastricht | Region: Limburg | Dating: 1478-1479 | Century of production: 15 | Material: paper | Colophon language: Dutch (NL, DUTENG) | Extent: Full manuscript | Number of folios: 239 | Decoration presence: TRUE | Musical notation presence: FALSE | Monasteries: Convent of the Tertiaries of St Andreas & St Barbara (Maagdendries), Franciscan, Maastricht, Netherlands | Scribes: Katrijn van Rade, Maastricht, Female (Female, Religious)","Original: Item dit boeck waert begonnen int jaer ons heren M° cccc ende Ixxviii Opter heiliger xim meechdendach Ende het waert geeindet Op der heiliger mertelerssen sinte Margarten dach int Jaer doe men screef M0 cccc ende Ixxviiij. Bidt om gods wil voer die scrivers van mynnen dat sij hemelrijck moet gewinnen Suster katrijn van rade is haer name. bidt sunderlingen Marien der glorioser moeder gods voer hoer in wes eren sij dit boeck gescreven het. Ave. maria, rosa. etc Translation: This book was begun in the year of our Lord 1478 on the holy feast day of Saint Margaret the Virgin. And it was finished on the feast day of the holy martyrs Saint Margaret in the year when it was written, 1479. Pray for the scribes out of love that they may attain the kingdom of heaven. Sister Katrijn van Rade is her name. Especially pray to Mary, the glorious Mother of God, for her in whose honor she wrote this book. Ave Maria, Rosa, etc."
pu_25717,"The Hague, National Library of the Netherlands, Ms. 70 E 14 (755); Full manuscript",Belgium,"Manuscript: The Hague, National Library of the Netherlands, Ms. 70 E 14 (755); Full manuscript | Country: Belgium | City: Maaseik | Region: Maasland: Liège-Tongeren-Maastricht | Dating: 1464 | Century of production: 15 | Material: paper | Colophon language: Dutch (NL, DUTENG) | Extent: Full manuscript | Number of folios: 341 | Decoration presence: TRUE | Musical notation presence: FALSE | Monasteries: Maaseik Saint Agnes, Benedictine, Maaseik, Belgium, 1429 | Scribes: The ""third"" copist, Maaseik, Female (Female, Religious); Jacobus de Voragine, Male (Male); The ""fourth"" copist, Maaseik, Female (Female, Religious) | Texts copied: Jacobus de Voragine, Male, Golden Legend, Latin (LA, LAT) [Religious Texts]","Original: Geeyndet int jaer ons heren MCCCC ende [Ixiii, changé en] Ixiiii op sunte gelijs dach Deo gracias. Bidt voer die scriverse Om gods wille (copiste). Dit hoert toe den susteren int regularissen cloester te maeseyck («quatrième copiste» Translation: Finished in the year of our Lord 1494 on the feast day of Saint Giles. Thanks be to God. Pray for the scribes for God's sake. This belongs to the sisters in the Regular Cloister of Maaseik."
pu_25718,"The Hague, National Library of the Netherlands, Ms. 70 E 15; Full manuscript",Belgium,"Manuscript: The Hague, National Library of the Netherlands, Ms. 70 E 15; Full manuscript | Country: Belgium | City: Maaseik | Region: Maasland: Liège-Tongeren-Maastricht | Dating: 1458 | Century of production: 15 | Material: paper | Colophon language: Dutch (NL, DUTENG) | Extent: Full manuscript | Number of folios: 218 | Decoration presence: TRUE | Musical notation presence: FALSE | Monasteries: Maaseik Saint Agnes, Benedictine, Maaseik, Belgium, 1429 | Scribes: The ""second"" copist, Maaseik, Female (Female, Religious)","Original: Got sy gheloejt gheschreven int jaer ons heren M CCCC ende Iviii op sancte peters ende sancte pauwels avont.  Dit boeck hoert toe. den regularissen int besloten cloester by maeseyck Translation: God be praised, written in the year of our Lord 1499 on the eve of Saint Peter and Saint Paul. This book belongs to the Regular Sisters in the enclosed cloister near Maaseik."
pu_25719,"The Hague, National Library of the Netherlands, Ms. 73 E 7; Full manuscript",Netherlands,"Manuscript: The Hague, National Library of the Netherlands, Ms. 73 E 7; Full manuscript | Country: Netherlands | City: Hasselt | Region: South Holland | Dating: 1472 | Century of production: 15 | Material: parchment and paper | Colophon language: Dutch (NL, DUTENG) | Extent: Full manuscript | Number of folios: 232 | Decoration presence: TRUE | Musical notation presence: FALSE | Monasteries: St Catharinadal Convent, Hasselt, Franciscan, Hasselt, Belgium | Scribes: Ludolph of Saxony, Male (Male); Pseudo-Bonaventure, Male (Male); Ms. The Hague, National Library of the Netherlands, Ms. 73 E 7, Unidentified Hand 1, Female (Female, Religious) | Texts copied: Pseudo-Bonaventure, Male, Ludolph of Saxony, Male, Life of Christ, Latin (LA, LAT) [Religious Texts]","Original: Hier eyndet dat vierde boeck ende dat leste stuck van ons lieven heren leven. Ghescreven int Jaer der geboerten ons heren ihesu christi M CCCC. ende LXXii op onser liever vrouwen assumpcio avont gheeyndet"" Translation: Here ends the fourth and final book, as well as the last part of the life of our beloved Lord. Written in the year of the birth of our Lord Jesus Christ 1472, on the eve of the Assumption of our dear Lady."
pu_25720,"The Hague, National Library of the Netherlands, Ms. 75 E 18 (413); Full manuscript",Netherlands,"Manuscript: The Hague, National Library of the Netherlands, Ms. 75 E 18 (413); Full manuscript | Country: Netherlands | City: Arnhem | Region: Gelderland | Dating: 1443-1445 | Century of production: 15 | Material: parchment | Colophon language: Latin (LA, LAT) | Extent: Full manuscript | Number of folios: 118 | Decoration presence: TRUE | Musical notation presence: FALSE | Monasteries: Canonesses Regular of St. Mary, Arnhem, Augustinian, Arnhem, Netherlands | Scribes: Gueda de Zedem, Zeddam, Female (Female, Religious)","Original: Iste liber estfinitus anno domini M0 cccc° xlv° per manus sororis guede de zedem feria 3a post oculi mei Oretis pro ea propter deum., Anno domini millesimo quadringesimo (!) quadragesimo tercio Gueda de zedem finivit librum istum Jheronimi ipso die Ambrosii episcopi et doctoris oretis pro ea propter deum. Translation: This book was finished in the year of our Lord MCCCCXLV by the hand of Sister Gueda de Zedem on Wednesday after Oculi mei. Pray for her for the sake of God., In the year of our Lord one thousand four hundred forty-three, Gueda de Zedem finished this book of Jerome on the very day of Ambrosius the bishop and doctor. Pray for her for the sake of God."
pu_25722,"The Hague, National Library of the Netherlands, Ms. 75 G 13 (780); Full manuscript",Netherlands,"Manuscript: The Hague, National Library of the Netherlands, Ms. 75 G 13 (780); Full manuscript | Country: Netherlands | Region: South | Dating: 1443 | Century of production: 15 | Material: paper | Colophon language: Dutch (NL, DUTENG) | Extent: Full manuscript | Number of folios: 212 | Decoration presence: FALSE | Musical notation presence: FALSE | Scribes: Berbele Sermertens, Netherlands, Female (Female)","Original: Dit boec was volscreven int jaer ons heeren. Doen men screef dusent CCCC ende xliiij inde maens van meerte. op sijnte benedictus avent. een avec maria beggeric om gode. ic suster berbele sermertens. Translation: This book was completed in the year of our Lord, when one wrote one thousand four hundred and forty-three, in the month of March, on the eve of Saint Benedict, a humble Hail Mary prayer to God. I, Sister Berbele Sermertens, wrote it."
pu_25723,"The Hague, National Library of the Netherlands, Ms. 75 G 67 (103); Full manuscript",Netherlands,"Manuscript: The Hague, National Library of the Netherlands, Ms. 75 G 67 (103); Full manuscript | Country: Netherlands | City: Haarlem | Region: Zeeland | Dating: 1447 | Century of production: 15 | Material: parchment | Colophon language: Dutch (NL, DUTENG) | Extent: Full manuscript | Number of folios: 249 | Decoration presence: TRUE | Musical notation presence: FALSE | Monasteries: Regularissen of St. Maria ter Zijl, Haarlem, Augustinian, Haarlem, Netherlands | Scribes: Mari Iacob Willemssoens van Dordrecht, Female (Female, Religious)","Original: Dit boec hoert den regularissen binnen hairlem te zij, Dit boec is ghescreven tot actus apostolorum toe van suster mari Jacob willems soens dochter van dordrecht inden jaren ons heren M cccc ende xlvii. ende wort gheyndet op sinte aghaten dach. Ende het hoert te sijl den nonnen regularissen te haerlem inden besloten cloester (première copiste). Translation: This book belongs to the regular nuns within Haarlem., f.I: This book is written up to the Acts of the Apostles by Sister Marie, daughter of Jacob Willemszoon from Dordrecht, in the year of our Lord 1447. And it is ended on the day of Saint Agatha. And it belongs to the regular nuns at Haarlem in the enclosed convent."
pu_25724,"The Hague, National Library of the Netherlands, Ms. 75 H 17 (774); Full manuscript",Netherlands,"Manuscript: The Hague, National Library of the Netherlands, Ms. 75 H 17 (774); Full manuscript | Country: Netherlands | Dating: 1503 | Century of production: 16 | Material: paper | Colophon language: Dutch (NL, DUTENG) | Extent: Full manuscript | Number of folios: 126 | Decoration presence: TRUE | Musical notation presence: FALSE | Scribes: Anthonnie von Borgundien, Netherlands, Female (Female); Anonymous, TBC (TBC, Religious) | Texts copied: Anonymous, TBC, Sermons [Religious Texts]; Anonymous, TBC, Life of Saint Barbara [Religious Texts]","Original: AB Item dit boeck was volscreven intjaer ons heeren xvc ende iii op sinte annen avent ende het heft ghescreven suster anthonnie van borgundien (biffé et presque illisible: ende si wasser over seven jaer) Am(-en?)., Dit sermoen heeft screven suster anthoniken van borgondien. Translation: AB. Also, this book was fully written in the year of our Lord 1513 on Saint Anne's Eve, and it was written by Sister Anthonnie van Borgundien (crossed out and almost illegible: and she was here for over seven years). Amen., This sermon was written by Sister Anthoniken van Borgondien."
pu_25712,"The Hague, National Library of the Netherlands, Ms.129 G 4 (659); Full manuscript",Netherlands,"Manuscript: The Hague, National Library of the Netherlands, Ms.129 G 4 (659); Full manuscript | Country: Netherlands | City: Gouda | Region: South Holland | Dating: 1460 | Century of production: 15 | Material: parchment | Colophon language: Dutch (NL, DUTENG) | Extent: Full manuscript | Number of folios: 207 | Decoration presence: TRUE | Musical notation presence: FALSE | Monasteries: Canonesses Regular of St. Margaret, Gouda, Augustinian, Gouda, Netherlands | Scribes: Maria Gherijtsdr, Gouda, Female (Female, Religious); Maria Martijnsdr, Gouda, Female (Female, Religious); Jacob Gherijtsdr, Gouda, Female (Female, Religious); Aef Dircsdr, Gouda, Female (Female, Religious); Jean de Ruysbroeck, Male (Male); Aechte Claesdr, Gouda, Female (Female, Religious) | Texts copied: Jean de Ruysbroeck, Male, The Spiritual Tabernacle, Dutch (NL, DUTENG) [Literary Texts]","Original: Dit boec hoert toe den nonnen regulierissen van sinte augustijns oerde tot sinte margrieten binnen der goude a/ter die kerc., Ende is ghescreven uut minnen des heilighen daghes ende buten die tijt des ghemenen arbeyts totter eeren gods ende salicheit der sielen alle der gheenre diet lesen ende horen lesen. Intjaer ons heren. M cccc ende lx. van suster aef dires dochter, susterjacob gherijts dochter, suster aechte claes dochter, suster maria martijns dochter ende suster maria gherijts dochter, nonnen, haren gheminden susteren tot een testament, ende een ewighe ghedenckenisse na haerre doot. welker namen ghescreven moeten wesen inder herten gods. Amen. Translation: This book belongs to the Canonesses Regular of the Order of Saint Augustine at Saint Margaret's in Gouda, next to the church., And it was written out of love for the holy day and outside the time of common work, for the glory of God and the salvation of souls, for all those who read and hear it read. In the year of our Lord one thousand four hundred sixty, by Sister Aef Dircsdr, Sister Jacob Gherijtsdr, Sister Aechte Claesdr, Sister Maria Martijnsdr, and Sister Maria Gherijtsdr, nuns, to their beloved sisters as a testament and everlasting remembrance after their death. Whose names must be written in the hearts of God. Amen."
pu_25714,"The Hague, National Library of the Netherlands, Ms.133 M 128; Full manuscript",Netherlands,"Manuscript: The Hague, National Library of the Netherlands, Ms.133 M 128; Full manuscript | Country: Netherlands | City: s-Hertogenbosch | Region: Meierij van 's-Hertogenbosch (Bailiwick of 's-Hertogenbosch) | Dating: 1518 | Century of production: 16 | Material: paper | Colophon language: Dutch (NL, DUTENG) | Extent: Full manuscript | Number of folios: 212 | Decoration presence: TRUE | Musical notation presence: FALSE | Monasteries: Ten Orten, the house of the Brothers and Sisters of the Common Life, ’s-Hertogenbosch, None, s-Hertogenbosch, Netherlands | Scribes: Bernardus van Dinslaken, Male (Male); Mary Groters, s-Hertogenbosch, Female (Female, Religious) | Texts copied: Bernardus van Dinslaken, Male, Collations, Dutch (NL, DUTENG) [Religious Texts]","Original: Item dit boeck waert ghescreven intjaer ons heren doe men screef dusent vyfhondert en xviii en waert gheeynt des donredaechs nae beloken paesschen.  Item dese collacien heeft suster agnees van enghelen alleen onthouden van onsen lieven eerwerdighen vader heer bernaert en den convent ghelaten den ghenen horen orber in te doen die daer minne toe hebben en si heeft begheert dattet sal blyven in die leberye en dattet anders nyemont voer syn eyghen houden en sal want syt alleen becosticht en bearbeyt heeft. En om die minne gods een ave maria voer die scryftster (!) want si cleyn van doechden is M Gro Translation: Item, this book was written in the year of our Lord when they wrote one thousand five hundred and eighteen and was finished on the Thursday after Low Sunday. Item, these collections were solely memorized by Sister Agnes van Enghelen from our beloved venerable father, Lord Bernaert, and left to the convent for those who have love for them, and she has requested that it shall remain in the library and that nobody else shall claim it as their own, for she alone has endowed and labored over it. And for the love of God, an Ave Maria for the scribe, as she is lacking in virtues. M. Gro."
pu_25728,"Trier, Stadtbibliothek, 1184/486; Full manuscript",Unknown,"Manuscript: Trier, Stadtbibliothek, 1184/486; Full manuscript | Region: Moselle | Dating: 1465 | Century of production: 15 | Material: parchment | Colophon language: German (DE, GER) | Extent: Full manuscript | Number of folios: 336 | Decoration presence: TRUE | Musical notation presence: FALSE | Scribes: Katharina van Lyuen, Female (Female); Anonymous, TBC (TBC, Religious); Ms. Trier, Stadtbibliothek, 1184/486, Unidentified Hand 1, Female (Female, Religious) | Texts copied: Anonymous, TBC, Tobias [Religious Texts]; Anonymous, TBC, Franciscan Treatise [Religious Texts]","Original: Item dit hüechscbreiff eyn susterin dem Jaer Vnsers heren ■ M-ccccvnd ■ Ixv ■, biddent vor sie Vnd vor Katherynna Iohannes huß frauwe van Lyuen [Leiwen, Kr. Trier-Saarburg, auf der rechten Moselseite] Vnd vor alle die hülfe vnd stuyr zu diesem büich gedaen han... Jhesus, Maria, ]ohannes, Franciscus Translation: This book was written by a sister in the year of Our Lord 1465; pray for her and for Katharina, the wife of Johannes Huß of Leiwen [Leiwen, district of Trier-Saarburg, on the right bank of the Moselle], and for all who gave help and support toward this book … Jesus, Mary, John, Francis."
pu_25729,"Trier, Stadtbibliothek, 1286/43; Full manuscript",Unknown,"Manuscript: Trier, Stadtbibliothek, 1286/43; Full manuscript | Century of production: 13 | Material: parchment | Colophon language: Latin (LA, LAT) | Extent: Full manuscript | Musical notation presence: FALSE | Scribes: Aleith Claricia, Female (Female)","Original: Summus honor celi / Filius ipse ipse pater / Hoc opus explerunt / Inde sibi veniam / Qui te sustulerit / spes grata Maria fideli / remanes in virgine mater / Aleith Claricia querunt / te venerando piam / hunc anathema ferit., Mater Ide Lifmundis fecit hec scribi. anima eius requiescat in pace. Translation: Mother Ida Lifmund had this written. May her soul rest in peace., The greatest honor of heaven, the Son Himself, the Father Himself, completed this work. From Him, may forgiveness be given to whoever carries you. O gracious hope, Mary faithful, you remain a virgin mother. Aleith and Claricia seek you, venerating you, O pious one. This [text] invokes a curse upon [him who acts against it]."
pu_25726,"Trier, Stadtbibliothek, 313; Full manuscript",Unknown,"Manuscript: Trier, Stadtbibliothek, 313; Full manuscript | Century of production: 15 | Colophon language: Latin (LA, LAT) | Extent: Full manuscript | Scribes: Scriptrix and priorissa, Female (Female)","Original: Scriptrix mente pia solum petit Ave Maria. Lateo monitus, testudo est michi nidus, Nam prebet hoc vitis, quod nec michi das Sunamitis (f.163). Scriptrix... (ut supra) Quondam priorissa Confluencie in Insula sita (f.174) Translation: The scribe, with a pious mind, seeks only the Ave Maria. I lie hidden, warned, a turtle is my shelter, For the vine gives this, which the Shunammite does not give me (f.163). The scribe… (as above) formerly prioress of Constance on the Island (f.174)."
pu_25727,"Trier, Stadtbibliothek, 355/123 4°; Full manuscript",Germany,"Manuscript: Trier, Stadtbibliothek, 355/123 4°; Full manuscript | Country: Germany | City: Boppard | Region: Rhineland-Palatinate | Dating: 1467 | Century of production: 15 | Material: parchment | Colophon language: Latin (LA, LAT) | Extent: Full manuscript | Number of folios: 88 | Decoration presence: TRUE | Musical notation presence: FALSE | Monasteries: Mount of the Blessed Mary near Boppard, Boppard, Germany | Scribes: Anonymous, TBC (TBC, Religious); Margareta, Female (Female) | Texts copied: Anonymous, TBC, Necrology [Administrative and Educational Texts]","Original: Iste liber scriptus est per me Margaretam professam huius monasterii beatiss. Marie v. Et est finitus a.d. 1467 in vig. Visitationis v. Marie etc. Translation: This book was written by me, Margareta, professed of this monastery of the most blessed Virgin Mary, and was finished in the year of our Lord 1467 on the eve of the Visitation of the Virgin Mary, etc."
pu_25733,"Trogen, Kantonsbibliothek, CM Ms. 11; Full manuscript",Austria,"Manuscript: Trogen, Kantonsbibliothek, CM Ms. 11; Full manuscript | Country: Austria | City: Pernegg | Region: Lower Austria | Dating: 1459-1459 | Century of production: 15 | Material: paper | Colophon language: German (DE, GER) | Extent: Full manuscript | Number of folios: 313 | Decoration presence: TRUE | Musical notation presence: FALSE | Monasteries: Pernegg, Premonstratensian, Pernegg, Austria | Scribes: Barbara, Pernegg, Female (Female, Religious); Georg Tudel von Giengen, Male (Male) | Texts copied: Georg Tudel von Giengen, Male, Sermons, German (DE, GER) [Religious Texts]","Original: Und das sey also zu lob und zu er got dem almachtigem, Marie und allen heiligen und den menschen zu nuz [?] und zu underweisung. Und aus haissen der erwierdigen geistleichen frawen Ludmille, priorin, meiner mueter und frawen, ich swester Barbara, verlupte der regel sand Augustin und der ordnung und statut Praemonstratensium zu Pernegck hab geschriben das gegenwuertig puech mit aygner hant, das gemacht und gepredigtt hat der hoch gelert maister Gorig von Giengen zu Wien. Und hab das volent am fritag nach sand Bricten tag, des heiligen pischolff [sic] und peichtigner nach Christi gepüerd tausent vierhundert und im newn und funfzigisten jar etc. Die schreiberin pitt zu lon ain Aue maria. Durich gots willen Translation: And may this be for the praise and honor of Almighty God, Mary, and all saints, and for the benefit and instruction of people. And at the command of the venerable spiritual lady Ludmilla, prioress, my mother and lady, I, Sister Barbara, professed of the Rule of Saint Augustine and of the Order and statutes of the Premonstratensians at Pernegg, have written this present book with my own hand, which was composed and preached by the highly learned Master Georg of Giengen in Vienna. And I completed it on the Friday after St Brictius’ day, in the year of Our Lord 1459. The scribe asks as reward one Ave Maria, for God’s sake."
pu_25734,"Trogen, Kantonsbibliothek, CM Ms. 12; Full manuscript",Austria,"Manuscript: Trogen, Kantonsbibliothek, CM Ms. 12; Full manuscript | Country: Austria | City: Pernegg | Region: Lower Austria | Dating: 1459-1460 | Century of production: 15 | Material: paper | Colophon language: German (DE, GER) | Extent: Full manuscript | Number of folios: 263 | Decoration presence: TRUE | Musical notation presence: FALSE | Monasteries: Pernegg, Premonstratensian, Pernegg, Austria | Scribes: Barbara, Pernegg, Female (Female, Religious); Georg Tudel von Giengen, Male (Male) | Texts copied: Georg Tudel von Giengen, Male, Sermons, German (DE, GER) [Religious Texts]","Original: Zu lob und er got dem almachtigen, Marie und allen heiligen und dem menschen zu underweisung, und aus haissen der erwirdigen geistleichen frawn Ludmille, priorin, meiner lieben muetter und frawn, ich swester Barbara, verluepte der regel sand Augustin und der ordnung und statutt Praemonstratensium zu Pernekch, hab geschriben das gegenwuertig puech mit aygner hant, das gemacht und gepredigt hat der hach gelert maister Gorig zu Wien, und ich hab das volentt an dem nagsten tag nach Colomanni des heiligen m[artyre]r. Die schreiberin pitt zu lan ain Ave Maria umb ir meue die sy hat gehabt mit dem schreiben Translation: To praise and give glory to Almighty God, to Mary, and to all the saints, and for the instruction of humanity, and from the desire of the venerable spiritual lady Ludmille, prioress, my dear mother and lady, I, Sister Barbara, devoted to the rule of St. Augustine and to the order and statutes of the Premonstratensians at Pernegg, have written this present book with my own hand, which was composed and preached by the highly learned Master Gorig at Vienna, and I completed it on the next day after the feast of St. Coloman the martyr. The scribe asks you, as an act of charity, to say an Ave Maria for her soul, for the effort she put into writing."
pu_32316,"Überlingen, Leopold-Sophien-Bibliothek, Ms. 16; Full manuscript",Switzerland,"Manuscript: Überlingen, Leopold-Sophien-Bibliothek, Ms. 16; Full manuscript | Country: Switzerland | City: Saint Gallen | Dating: 1504 | Century of production: 16 | Material: paper | Colophon language: German (DE, GER) | Extent: Full manuscript | Number of folios: 283 | Decoration presence: TRUE | Musical notation presence: FALSE | Monasteries: Saint Katharinental, Dominican, Saint Gallen, Switzerland,-1245
1869 | Scribes: Cordula von Schönau, St. Gallen, Female (Female, Religious); Saint John the Evangelist, Male (Male); Anonymous, TBC (TBC, Religious) | Texts copied: Anonymous, TBC, Plenary [Religious Texts]; Saint John the Evangelist, Male, Apocalypse (Book of Revelation), Greek (EL, GRE) [Religious Texts]; Anonymous, TBC, Prologue to the New Testatement [Religious Texts]; Anonymous, TBC, Responsorial [Religious Texts]; Anonymous, TBC, Ink recipe [Philosophical, and Scholarly Texts]; Anonymous, TBC, Instructions to read the pericopes [Philosophical, and Scholarly Texts]",Original: Glory und er sy got ... mit sinar hilff diss buoch geschriben jn dem jar dess heren m ccccc im iiij jar Deo gratias Translation: Glory and honor be to God … with his help this book was written in the year of the Lord one thousand five hundred and in the fourth year. Thanks be to God.
pu_25740,"Überlingen, Leopold-Sophien-Bibliothek, Ms. 4; Full manuscript",Germany,"Manuscript: Überlingen, Leopold-Sophien-Bibliothek, Ms. 4; Full manuscript | Country: Germany | City: Sigmaringen | Dating: 1385 | Century of production: 14 | Material: paper | Colophon language: German (DE, GER) | Extent: Full manuscript | Number of folios: 180 | Decoration presence: TRUE | Musical notation presence: FALSE | Monasteries: Dominican convent in Hedingen near Sigmaringen, Dominican, Sigmaringen, Germany | Scribes: Dietrich of Apolda, Male (Male); Adelheid Ött, Female (Female) | Texts copied: Dietrich of Apolda, Male, Life of Saint Dominic, Latin (LA, LAT) [Religious Texts]","Original: Diß buoch hant geschriben Swester Adelhaid Oetin in dem Conuent des Closters ze Hedingen. In dem jar do man zalt von Cristus geburt drüzehenhundert jar und fünfi und ahtzig jar, an dem naehsten: Mentag nach Sant Elsbetun tag Translation: This book was written by Sister Adelhaid Oetin in the community of the monastery at Hedingen. In the year when one counted from the birth of Christ thirteen hundred years and eighty-five years, on the next Monday after the feast day of Saint Elizabeth."
pu_25760,"Uppsala, Universitetsbibliotek, C 12; Full manuscript",Sweden,"Manuscript: Uppsala, Universitetsbibliotek, C 12; Full manuscript | Country: Sweden | City: Vadstena | Region: Östergötland County | Dating: 1459-1520 | Century of production: 15, 16 | Material: parchment | Extent: Full manuscript | Number of folios: 192 | Decoration presence: TRUE | Musical notation presence: FALSE | Monasteries: Vadstena Abbey, Bridgettine, Vadstena, Sweden, 1346-
1595 | Scribes: Kristina Hansdotter Brask, Vadstena, Female (Female, Religious); Anonymous, TBC (TBC, Religious) | Texts copied: Anonymous, TBC, Book of hours [Religious Texts]",Original: CH Translation: [Kristina Hansdotter Brask]
pu_25761,"Uppsala, Universitetsbibliotek, C 431; Full manuscript",Sweden,"Manuscript: Uppsala, Universitetsbibliotek, C 431; Full manuscript | Country: Sweden | City: Vadstena | Region: Östergötland County | Dating: 1495-1520 | Century of production: 15, 16 | Material: parchment | Colophon language: Swedish (SV, SWE) | Extent: Full manuscript | Number of folios: 150 | Decoration presence: TRUE | Musical notation presence: FALSE | Monasteries: Vadstena Abbey, Bridgettine, Vadstena, Sweden, 1346-
1595 | Scribes: Kristina Hansdotter Brask, Vadstena, Female (Female, Religious); Anonymous, TBC (TBC, Religious) | Texts copied: Anonymous, TBC, Psalter [Religious Texts]","Original: Thaenna psaltarin hore til syster eline swensdotter han screff syster cristin hanssadotther aff thaet perman som brodher ions haenna fadher brodher haffde haenne giffuit for aen han gaffs j closter gudhi hedhers oc jomfru maria. Translation: This psalter belongs to Sister Eline Svensdotter. Sister Kristin Hansdotter wrote it from the parchment that Brother Jon, her father’s brother, had given her for it, which he gave to the convent, to the honor of God and the Virgin Mary."
pu_25764,"Uppsala, Universitetsbibliotek, C 508; Full manuscript",Sweden,"Manuscript: Uppsala, Universitetsbibliotek, C 508; Full manuscript | Country: Sweden | City: Vadstena | Region: Östergötland County | Dating: 1473-1486 | Century of production: 15 | Material: parchment | Colophon language: Swedish (SV, SWE) | Extent: Full manuscript | Number of folios: 52 | Decoration presence: TRUE | Musical notation presence: TRUE | Monasteries: Vadstena Abbey, Bridgettine, Vadstena, Sweden, 1346-
1595 | Scribes: Kristina Hansdotter Brask, Vadstena, Female (Female, Religious)","Original: Taessa broken screff syster cristin hansa dottir owerdogh conuentz syster j thaem tima tha syster anna fikconis oc syster anna nicholai the waro cantrices. Translation: This book was written by Sister Kristin Hansdotter, a senior sister of the convent, at the time when Sister Anna Fikconis and Sister Anna Nicholai were the cantors."
pu_25766,"Utrecht, Bibliotheek der Rijksuniversiteit, 1025; Full manuscript",Unknown,"Manuscript: Utrecht, Bibliotheek der Rijksuniversiteit, 1025; Full manuscript | Dating: 1490 | Century of production: 15 | Material: paper | Colophon language: Dutch (NL, DUTENG) | Extent: Full manuscript | Number of folios: 296 | Decoration presence: TRUE | Musical notation presence: FALSE | Scribes: Appolonia, Female (Female)",Original: Bydt got vur die schreverce suster appolonia Translation: Pray to God for the scribe Sister Apollonia.
pu_25767,"Utrecht, Bibliotheek der Rijksuniversiteit, Ms. 1027; Full manuscript",Belgium,"Manuscript: Utrecht, Bibliotheek der Rijksuniversiteit, Ms. 1027; Full manuscript | Country: Belgium | City: Maaseik | Region: Flanders | Dating: 1442 | Century of production: 15 | Material: paper | Colophon language: Dutch (NL, DUTENG) | Extent: Full manuscript | Number of folios: 162 | Decoration presence: FALSE | Musical notation presence: FALSE | Monasteries: Maaseik Saint Agnes, Benedictine, Maaseik, Belgium, 1429 | Scribes: The ""first"" copist, Maaseik, Female (Female, Religious); Johannes Tauler, Male (Male) | Texts copied: Johannes Tauler, Male, Sermons, German (DE, GER) [Religious Texts]","Original: Gheeyndt int Jaer ons heren M CCCC xlii. Den iiii den dach in Julio., Dit boeck hoert toe. den regularissen int besloten cloester binnen maeseyck. Translation: Finished in the year of our Lord 1442, on the 4th day of July., This book belongs to the Regular Canonesses in the enclosed convent in Maaseik."
pu_25768,"Utrecht, Bibliotheek der Rijksuniversiteit, Ms. 1029; Full manuscript",Netherlands,"Manuscript: Utrecht, Bibliotheek der Rijksuniversiteit, Ms. 1029; Full manuscript | Country: Netherlands | City: s-Hertogenbosch | Region: North Brabant | Dating: 1544 | Century of production: 16 | Material: paper | Colophon language: Dutch (NL, DUTENG) | Extent: Full manuscript | Number of folios: 238 | Musical notation presence: FALSE | Monasteries: Women’s convent of Saint Elizabeth Bloemenkamp (’s-Hertogenbosch) | Scribes: Stijnken Zeberts, s-Hertogenbosch, Female (Female, Religious)","Original: Dit boeck is voleyndt Anno M cccc ende xliiii den achten dach in Junius op der heyligher drievoldicheit dach. Ende heeft gescreven Suster stijnken zeberts god ontferme hore zielen. Translation: This book was completed in the year 1443, on the eighth day of June, on the feast of the Holy Trinity. And it was written by Sister Stijnken Zeberts. May God have mercy on her soul."
pu_25769,"Utrecht, Centraal Museum, Ms.1569; Full manuscript",Netherlands,"Manuscript: Utrecht, Centraal Museum, Ms.1569; Full manuscript | Country: Netherlands | City: Utrecht | Region: Utrecht | Dating: 1450 | Century of production: 15 | Material: paper | Colophon language: Dutch (NL, DUTENG) | Extent: Full manuscript | Number of folios: 246 | Scribes: Ms. Utrecht 1569 Unidentified woman A, Utrecht, Musée central, Female (Female)","Original: f.241v: Dit boec is geeyndet Int jair ons heren M cccc ende vijftich pten anderen dach in meert. Een ave maria van mynnen voer die onnutte scrijfster. Translation: f.241 verso: ""This book was finished in the year of our Lord 1450 on the other day in March. An Ave Maria out of affection for the useless scribe."""
pu_25770,"Utrecht, Rijksmuseum Het Catharijneconvent, BMH h 152; Full manuscript",Netherlands,"Manuscript: Utrecht, Rijksmuseum Het Catharijneconvent, BMH h 152; Full manuscript | Country: Netherlands | City: Zaltbommel | Region: Gelderland | Dating: 1555 | Century of production: 16 | Material: paper | Colophon language: Dutch (NL, DUTENG) | Extent: Full manuscript | Number of folios: 80 | Scribes: Catharina de Bye, Zaltbommel, Female (Female)","Original: flyleaf: ""Dit bouck behoirt Joncvrouwe Anna de Bye. huysvrouwe van Cornelis Suys. raedt Key. M[ts] in hollant. Ende isgescreven by eyghen hant sioncvrouwen Catarina de Bye. gheprofessyde religieuse in S[te] Catarinen Convent tot Salsbommel in ghelrelant anno M ccccc lv haer moye"" Translation: Flyleaf: ""This book belongs to Lady Anna de Bye, wife of Cornelis Suys, councilor to the Count of Holland. And it was written by the own hand of Lady Catarina de Bye, professed religious in Saint Catherine's Convent in Zaltbommel in Gelderland, in the year 1555, her aunt."""
pu_25771,"Utrecht, Rijksmuseum Het Catharijneconvent, BMH SJ h 91; Full manuscript",Netherlands,"Manuscript: Utrecht, Rijksmuseum Het Catharijneconvent, BMH SJ h 91; Full manuscript | Country: Netherlands | City: Amsterdam | Region: North Holland | Dating: 1481 | Century of production: 15 | Material: paper | Colophon language: Dutch (NL, DUTENG) | Extent: Full manuscript | Number of folios: 249 | Scribes: Ave Pietersdochter, Amsterdam, Female (Female); Caesarius of Heisterbach, Male (Male) | Texts copied: Caesarius of Heisterbach, Male, Dialogue on Miracles, Latin (LA, LAT) [Religious Texts]","Original: f.248r: ""Dit boec is gescreven int jaer ons heren M cccc ende lxxxi. ende op sinte bertholomus avont gheeyndet gescreven van ave pieters d"" ""Item dit boec hoert tot sinte maria magdalenen susteren te amsterdam byden mynre broeders staende"") Translation: f.248r: ""This book was written in the year of our Lord 1481 and finished on the eve of Saint Bartholomew, written by Ave Pieters d."" ""Also, this book belongs to the sisters of Saint Mary Magdalene in Amsterdam, standing with the Minim Friars."""
pu_25773,"Utrecht, Rijksmuseum Het Catharijneconvent, Ms.92 E 9; Full manuscript",Belgium,"Manuscript: Utrecht, Rijksmuseum Het Catharijneconvent, Ms.92 E 9; Full manuscript | Country: Belgium | City: Hasselt | Region: Flanders | Dating: 1467 | Century of production: 15 | Material: paper | Colophon language: Dutch (NL, DUTENG) | Extent: Full manuscript | Number of folios: 218 | Scribes: Bernard of Clairvaux, Male (Male); Anna Swilden, Hasselt, Female (Female, Religious) | Texts copied: Bernard of Clairvaux, Male, Sermons, Latin (LA, LAT) [Religious Texts]","Original: f.3: Dit boeck hoert toe den susteren int besloten cloester S'Katherinen dale binnen der stat van hasselt f.215: Dit boeck waert gheynt. Int jaer der gheboerten ons liefs heren ihesu xpristi. Doen men screef duyssent vier hondert ende sevenensestich Op der heiligher glorioser maghet ende mertelerssen sinte dympnen dach. Toe behoerende den [susteren int besloten cloester Sinte Katheri] nendale binnen [der stat van hasselt]. Translation: f.3: This book belongs to the sisters in the enclosed convent of St. Catherine's Valley within the city of Hasselt. f.215: This book was completed. In the year of the birth of our dear Lord Jesus Christ. When one wrote one thousand four hundred and sixty-seven, On the feast day of the holy, glorious virgin and martyr, Saint Dymphna. Belonging to the [sisters in the enclosed convent of St. Catherine] dale within [the city of Hasselt]."
pu_22147,"Utrecht, Rijksmuseum Het Catharijneconvent, Warmond 92 G 41; Full manuscript",Netherlands,"Manuscript: Utrecht, Rijksmuseum Het Catharijneconvent, Warmond 92 G 41; Full manuscript | Country: Netherlands | City: Amsterdam | Region: North Holland | Dating: 1486 | Century of production: 15 | Material: paper | Colophon language: Dutch (NL, DUTENG) | Extent: Full manuscript | Number of folios: 111 | Decoration presence: TRUE | Musical notation presence: FALSE | Scribes: Beatris Dircs Bonen Dochter, Amsterdam, Female (Female); Anonymous, TBC (TBC, Religious) | Texts copied: Anonymous, TBC, Ceremonial Book [Religious Texts]","Original: Inden jaer ons heren doemen screef M iiii[c] ende lxxxvi soe heeft suster beatris dircs bonen dochter dit boecskijn ghescreven Doe si out was lxii jaer Ende ghewoent hadde in den cloester xlv jaer Bidt voer hoer om godswille Ende leest een pater noster ende iii ave maria. Translation: In the year of our Lord one thousand four hundred and eighty-six, Sister Beatris Dircs, daughter of Bonen, wrote this little book when she was sixty-two years old and had lived in the cloister for forty-five years. Pray for her for God's sake, and recite a Our Father and three Hail Marys."
pu_22218,"Vatican, Biblioteca Apostolica Vaticana, Ms.Ross. 941; Full manuscript",Italy,"Manuscript: Vatican, Biblioteca Apostolica Vaticana, Ms.Ross. 941; Full manuscript | Country: Italy | City: Verona | Region: Veneto | Dating: 1484 | Century of production: 15 | Material: parchment | Colophon language: Latin (LA, LAT) | Extent: Full manuscript | Number of folios: 176 | Decoration presence: TRUE | Musical notation presence: FALSE | Scribes: Scolastica de Maffeis, Verona, Female (Female); Anonymous, TBC (TBC, Religious) | Texts copied: Anonymous, TBC, Lives of the Saints [Religious Texts]","Original: .176r – on fig. 5c “Iste liber est monasterii Sancti Spiritus de Verona quem scripsit domina soror Scolastica de Mafeis. 1484. Que obiit die primo [then another ‘die’ crossed out] mai. 1492. in hora tertie. Cuius anima requiescat in pace.”  then next to this note, in adjacent column, same hand: “Questo libro si è de la venerabile religiosa madona suor Scolastica di Mafei, el quale scripse de sua mane propria del anno 1484 et madona suor Veronica lo aminiò de penna. Monache de Sancto Spiritu.” Translation: On f.176 recto, next to figure 5c, it says, ""This book belongs to the monastery of the Holy Spirit of Verona, written by the lady Sister Scolastica de Mafeis. 1484. Who died on the first day [then another 'day' crossed out] of May. 1492. at the third hour. May her soul rest in peace.""  Next to this note, in the adjacent column, in the same hand: ""This book belongs to the venerable nun Lady Sister Scolastica di Mafei, which she wrote with her own hand in the year 1484, and the lady Sister Veronica adorned it with a feather pen. Nuns of the Holy Spirit."""
pu_22335,"Vatican, Biblioteca Apostolica Vaticana, Ross. 280; Full manuscript",Italy,"Manuscript: Vatican, Biblioteca Apostolica Vaticana, Ross. 280; Full manuscript | Country: Italy | City: Rome? | Region: Lazio | Dating: 1451-1500 | Century of production: 15 | Colophon language: Latin (LA, LAT) | Extent: Full manuscript | Number of folios: 117 | Scribes: Anonymous, TBC (TBC, Religious); Lippa, Rome, Female (Female) | Texts copied: Anonymous, TBC, Hymnal [Religious Texts]","Original: f.112v, in red: ""Ffinito (sic) libro referramus gratias Domino Iesu Christo. Qui scripsit scribat semper, cum Domino vivat, vivat in celis, soror Lippa nomine felix"". Translation: On f.112 verso, in red ink: ""Upon finishing this book, let us give thanks to the Lord Jesus Christ. Let the one who wrote it always write, live with the Lord, and live in heaven, Sister Lippa, by name, blessed."""
pu_25774,"Vatican, Biblioteca Apostolica Vaticana, Vat. lat. 427 vol. 1, Vatican, Biblioteca Apostolica Vaticana, Vat. lat. 427 vol. 2; Both volumes",Italy,"Manuscript: Vatican, Biblioteca Apostolica Vaticana, Vat. lat. 427 vol. 1, Vatican, Biblioteca Apostolica Vaticana, Vat. lat. 427 vol. 2; Both volumes | Country: Italy | Dating: 1467-1468 | Century of production: 15 | Material: parchment | Colophon language: Latin (LA, LAT) | Extent: Both volumes | Number of folios: 550 | Decoration presence: TRUE | Musical notation presence: FALSE | Scribes: Augustine of Hippo, Male (Male); Gertrude, Female (Female) | Texts copied: Augustine of Hippo, Male, City of God, Latin (LA, LAT) [Religious Texts]","Original: Gratias Deo et eius matri benedictae virgini Mariae completum Gheertrudis virginis. 1468. Translation: Thanks be to God and to his mother, the blessed Virgin Mary. Completed by the virgin Gertrude. 1468."
pu_25777,"Verona, Biblioteca civica, 1196; Full manuscript",Italy,"Manuscript: Verona, Biblioteca civica, 1196; Full manuscript | Country: Italy | City: Faenza or Verona | Region: Veneto or Emilia-Romagna | Dating: 1474 December 21 | Century of production: 15 | Material: parchment | Colophon language: Latin (LA, LAT) | Extent: Full manuscript | Number of folios: 30 | Musical notation presence: FALSE | Scribes: Gregorio Correr, Male (Male); Domitilla Bernabuzi, Faenza or Verona, Female (Female) | Texts copied: Gregorio Correr, Male, On the Benefits of the Religious Life and the Contempt of the World, Latin (LA, LAT) [Religious Texts]","Original: Ego soror Domicilla filia magnifici domini Francisci Bernabutii de Faventia complevi hunc codicem die 21 decembris M°CCCC°74 Translation: I, Sister Domicilla, daughter of the illustrious Lord Francesco Bernabuti of Faenza, completed this codex on the 21st of December, 1474."
pu_25779,"Vienna, Österreichische Nationalbibliothek, 1923; Full manuscript",Italy,"Manuscript: Vienna, Österreichische Nationalbibliothek, 1923; Full manuscript | Country: Italy | City: Florence? | Region: Tuscany | Dating: 1453-1453 | Century of production: 15 | Material: parchment | Colophon language: Latin (LA, LAT) | Extent: Full manuscript | Number of folios: 490 | Scribes: Maria Ormani (Maria di Ormanno), Florence, Female (Female); Anonymous, TBC (TBC, Religious) | Texts copied: Anonymous, TBC, Breviary [Religious Texts]","Original: Ancilla Ihesu Christi Maria Ormani filia scripsit MCCCCLIII., Qui scripsit scribat semper cum dno vivat. Vivat in celis in suo nomine felix.  Qui legentium orationes pro merito karitatis expostulat a.d. 1453 die 25 mensis Madii. Deo gratias. Amen. Translation: The handmaid of Jesus Christ, Maria, daughter of Ormano, wrote [this] in the year 1453., May the one who wrote always write, may they live with the Lord. May they live happily in heaven in His name. The one who wrote requests the prayers of the readers for the sake of charity. Year 1453, 25th day of May. Thanks be to God. Amen."
pu_25780,"Vienna, Österreichische Nationalbibliothek, Cod. 12759; Full manuscript",Germany,"Manuscript: Vienna, Österreichische Nationalbibliothek, Cod. 12759; Full manuscript | Country: Germany | City: Inzigkofen | Region: Baden-Württemberg | Dating: 1472-1472 | Century of production: 15 | Material: paper | Colophon language: Latin (LA, LAT) | Extent: Full manuscript | Number of folios: 208 | Musical notation presence: FALSE | Monasteries: Inzigkoven, Augustinian, Inzigkofen, Germany, 1354-
1802 | Scribes: Anna Jäckin, Inzigkofen, Female (Female); Jean de Ruysbroeck, Male (Male); Anonymous, TBC (TBC, Religious) | Texts copied: Anonymous, TBC, Eucharistic Treatise [Religious Texts]; Jean de Ruysbroeck, Male, A Spiritual Banquet, Dutch (NL, DUTENG) [Literary Texts]","Original: In LXXII scriptum est hoc libellum in S. Petri kathedri per me soror anna Jaki. Translation: In the year 1472 this little book was written on the feast of the Chair of Saint Peter by me, Sister Anna Jaki."
pu_25781,"Vienna, Österreichische Nationalbibliothek, cvp Ser. n. 3614; Full manuscript",Germany,"Manuscript: Vienna, Österreichische Nationalbibliothek, cvp Ser. n. 3614; Full manuscript | Country: Germany | City: Augsburg | Region: Bavaria | Dating: 3 quarter of 15th c. | Century of production: 15 | Material: paper | Colophon language: German (DE, GER) | Extent: Full manuscript | Number of folios: 69 | Decoration presence: TRUE | Musical notation presence: FALSE | Scribes: Ms. Vienna cvp Ser. n. 3614 Unidentified scribe C, Augsburg, Female (Female); Ms. Vienna cvp Ser. n. 3614 Unidentified scribe A, Augsburg, Female (Female); Clara Hätzlerin, Augsburg, Female (Female, Secular); Anonymous, TBC (TBC, Religious) | Texts copied: Anonymous, TBC, Swabian Mirror [Philosophical, and Scholarly Texts]; Anonymous, TBC, Guild regulations of Augsburg (1368) [Philosophical, and Scholarly Texts]",Original: Vnd sold der man by der vrtail belaiben. Clara Hatzlerin Translation: And the man shall abide by the judgment. Clara Hatzlerin.
pu_25782,"Vienna, Österreichische Nationalbibliothek, Ms. 11707; Full manuscript",Germany,"Manuscript: Vienna, Österreichische Nationalbibliothek, Ms. 11707; Full manuscript | Country: Germany | Dating: 14 January1548 | Century of production: 16 | Material: paper | Colophon language: German (DE, GER) | Extent: Full manuscript | Number of folios: 51 | Musical notation presence: FALSE | Scribes: Elyzabet Gotgafs, Germany, Female (Female) | Texts copied: Elyzabet Gotgafs, Germany, Female, A book of the explanation of the Holy Spirit against the new, inflated spirits, 1548 [Religious Texts]","Original: Eyn buch er erclerung des helgen geists wider die nuen vffgeblassen geister wie vnd by welchen gleubigen er myt sym grunt und wesen yst geschrieben von elyzabet gtgafs und geendt uff samstag vor anthonij ym yar unssers lieben heren 1548. Translation: A book of explanations of the Holy Spirit against the newly inflated spirits, how and by whom it is with its essence and being, written by Elizabeth GtGafs and ended on Saturday before the feast day of Saint Anthony in the year of our beloved Lord 1548."
pu_25783,"Vienna, Österreichische Nationalbibliothek, Ms. Ser. nova 12795; Full manuscript",Belgium,"Manuscript: Vienna, Österreichische Nationalbibliothek, Ms. Ser. nova 12795; Full manuscript | Country: Belgium | City: Löwen | Region: Flanders | Dating: 23 June 1545 | Century of production: 16 | Material: parchment and paper | Colophon language: Dutch (NL, DUTENG) | Extent: Full manuscript | Number of folios: 405 | Scribes: Mariken vanden Brant van Breda, Löwen, Female (Female)","Original: f.402v: Dit boeck is ter eeren gods ghescreuen onder ons Eerwerdighe lief moeder Abdis Petronille vander heerstraten van my suster mariken vanden brant van breda Int iaer ons heeren M vyf hondert ende XLV den XXIII sten dach in Iunij op sint Ian baptisten auent. Translation: f.402v: ""This book is written in honor of God under our venerable beloved Mother Abbess Petronille vander Heerstraten by me, Sister Mariken vanden Brant of Breda, in the year of our Lord 1545, on the 23rd day of June, on the eve of Saint John the Baptist."""
pu_25784,"Vienna, Österreichische Nationalbibliothek, Ser. n. 12874; Full manuscript",Belgium,"Manuscript: Vienna, Österreichische Nationalbibliothek, Ser. n. 12874; Full manuscript | Country: Belgium | City: Brussels | Region: Brussels-Capital | Dating: 1484 | Century of production: 15 | Material: parchment | Colophon language: Dutch (NL, DUTENG) | Extent: Full manuscript | Number of folios: 183 | Decoration presence: TRUE | Musical notation presence: FALSE | Scribes: Heylken Lievens, Brussels, Female (Female, Religious); Anonymous, TBC (TBC, Religious) | Texts copied: Anonymous, TBC, Legend of Saint Hedwig [Religious Texts]","Original: Item dit boexsken es ghes. van suster Heylken Lievens professi nonne int cloester van s. Lysbethen te bruecel int jaer ons heren .M.CCCC. ende lxxxiiij Ghedinct haers aerbeits met eenen Ave Maria want sij dit boexsken uutten latine heeft doen setten ende becosticht. Translation: This booklet was completed by Sister Heylken Lievens, a professed nun in the cloister of St. Elizabeth in Brussels in the year of our Lord 1484. Remember her labor with an Ave Maria, as she had this booklet translated from Latin and funded its creation."
pu_25785,"Vienna, Österreichische Nationalbibliothek, Ser. n. 12887; Full manuscript",Belgium,"Manuscript: Vienna, Österreichische Nationalbibliothek, Ser. n. 12887; Full manuscript | Country: Belgium | City: Brussels | Region: Brussels-Capital | Dating: 1468-1468 | Century of production: 15 | Material: paper | Colophon language: Dutch (NL, DUTENG) | Extent: Full manuscript | Number of folios: 123 | Musical notation presence: FALSE | Monasteries: Saint Elizabeth on Mount Zion, Augustinian, Brussels, Belgium, 1432 | Scribes: Augustine of Hippo, Male (Male); Katherinen Wijgaerts, Brussels, Female (Female, Religious); Hugh of Saint Victor, Male (Male) | Texts copied: Hugh of Saint Victor, Male, Exposition on the Rule of Saint Augustine, Latin (LA, LAT) [Religious Texts]; Augustine of Hippo, Male, Rule of Saint Augustine, Latin (LA, LAT) [Philosophical, and Scholarly Texts]","Original: Item int jaer ons heren .M.CCCC en lxviii opten viii[sten] dach van mey was dit boec volscreven van suster katherinen wijgaerts professie nonne ten sinte lijsbetten int cloester te bruesel int wermoesbroec bi sinte lauwerijs cappelle"" en ""Voert soe soude ic suster katherine wijgaerts wel begheren op datter mater ghelieft dat dit boexken na mijn doot bleve een der yegheliker mater wie si es ende dat opten choer voer haer laghe om daer in altemet in te studeren een yeghelijc diet ghelieft"" Translation: In the year of our Lord 1468, on the 8th day of May, this book was completed by Sister Katherinen Wijgaerts, a professed nun at St. Elizabeth's convent in Brussels, in the Wormoesbroec near St. Lawrence's Chapel.  Furthermore, I, Sister Katherine Wijgaerts, would earnestly request that after my death, the prioress approves that this booklet remains available to all the prioresses, whoever she may be, and that it be kept on the choir for anyone who wishes to study it occasionally."
pu_25786,"Vienna, Österreichische Nationalbibliothek, Theol. lat. Hier. 896; Full manuscript",Unknown,"Manuscript: Vienna, Österreichische Nationalbibliothek, Theol. lat. Hier. 896; Full manuscript | Extent: Full manuscript | Scribes: Elzbeten, Female (Female)","Original: f.302: An dem 1316 iar von christes gebort. Is ditz büch erzüget. Von der hoch-geborn vrowen Elzebeten der werden zwire kuninginnen. zu einem ewigen zügnisse iris namen und allers geschlechtes fürsten und kunige om welch closter ditz büch wirt gegeben daz men ir da ewicliche gedenke zum ersten der di da tot sin daz di slafen in Gotes fride und zu der exigen freude kumen. di da noch leben daz sich die freuwen selde und lanklebens; der nach-kümelinge daz si in tusent geslechte wachsen. Amen. Translation: “In the year 1316 after the birth of Christ, this book was produced by the noble lady Elisabeth, descendant of two illustrious queens, as an eternal testament to her name and that of her entire lineage of princes and kings. Whichever monastery receives this book, may she be eternally remembered there. First, for those who are deceased, may they rest in God’s peace and come to eternal joy. For those who are still living, may they enjoy happiness and long life. For their descendants, may they flourish for a thousand generations. Amen.”"
pu_25789,"Vienna, Schottenkloster, 248; Full manuscript",Germany,"Manuscript: Vienna, Schottenkloster, 248; Full manuscript | Country: Germany | City: Baden-Baden | Dating: 1495-1495 | Century of production: 15 | Material: paper | Colophon language: German (DE, GER) | Extent: Full manuscript | Number of folios: 520 | Musical notation presence: FALSE | Monasteries: Maria Medingen, Dominican, Mödingen, Germany, 1246-
1542 | Scribes: Felix Fabri, Male (Male); Susanna von Sinczendorff, Female (Female) | Texts copied: Felix Fabri, Male, Journey to the Holy Land, Latin (LA, LAT) [Historical and Geographical Texts]","Original: Das buch ist aufgeschrieben an sand vincencjno tag predigerordens tausend vierhundert vnd in dem funffvndneunxzigisten Jar von S susanna von sinczendorff pittet gott für sye mit ainem ave Maria. Amen., Das ist aussgeschrieben an des hailigen Creuxz aubent inuencione sancte crucis in dem jar as (!) ma, zalt von christo geburt dauseind vnd in fem funf vn LXXXX jar von S susanna von Sinzendorf pit gott fur sye vnd marie mit ainem Ave Maria sye waz von herczen fro dz sye scraib Deo gracias Amen. Das hatt der Erwirdig gaystliche vatter felix lessmaiestert Fabre gemacht got zu lob vnd marie vns zu nucz vnd gutt. Translation: This was written out on the eve of the Holy Cross, the Finding of the Holy Cross, in the year counted from the birth of Christ one thousand four hundred and ninety-five, by Sister Susanna of Sinzendorf. Pray to God for her and [to] Mary with one Ave Maria. She was glad from the heart that she wrote [it]. Thanks be to God. Amen. This was composed by the venerable spiritual father Felix Lessmaister Fabre, to the praise of God and Mary, and for our benefit and good., This book was written on the feast day of Saint Vincent of the Order of Preachers, in the year one thousand four hundred and ninety-five, by Sister Susanna of Sinzendorf. Pray to God for her with an Ave Maria. Amen."
pu_25792,"Volterra, Biblioteca Guarnacci, 6147; Full manuscript",Unknown,"Manuscript: Volterra, Biblioteca Guarnacci, 6147; Full manuscript | Dating: 1523 | Century of production: 16 | Extent: Full manuscript | Monasteries: Convent of San Lino in Volterra, Franciscan, Volterra, Italy, 1480 | Scribes: Dorotea Broccardi, San Lino, Female (Female, Religious)",Original: f.92: Il ms fu eseguito da suor Dorotea Broccardi nel 1523 Translation: The manuscript was made by Sister Dorotea Broccardi in 1523.
pu_25793,"Volterra, Biblioteca Guarnacci, 6359; Full manuscript",Italy,"Manuscript: Volterra, Biblioteca Guarnacci, 6359; Full manuscript | Country: Italy | City: Volterra | Region: Tuscany | Dating: 1519-23 | Century of production: 16 | Extent: Full manuscript | Scribes: Dorotea Broccardi, San Lino, Female (Female, Religious)","Original: Scrito da suor Dorotea Broccardi sorella di Faviano delle Vede Translation: “Written by Sister Dorotea Broccardi, sister of Faviano delle Vede.”"
pu_25797,"Weert, Provinciaal Archief Minderbroeders, Ms.CMW 14; Full manuscript",Belgium,"Manuscript: Weert, Provinciaal Archief Minderbroeders, Ms.CMW 14; Full manuscript | Country: Belgium | City: Bruges | Region: West Flanders | Dating: 1482 | Century of production: 15 | Material: paper | Colophon language: Dutch (NL, DUTENG) | Extent: Full manuscript | Number of folios: 205 | Decoration presence: TRUE | Musical notation presence: FALSE | Scribes: Katheline Govaerst, Bruges, Female (Female); Anonymous, TBC (TBC, Religious) | Texts copied: Anonymous, TBC, Ascetical Treatises [Religious Texts]","Original: f.187: 1482. Bidt voor huer diet heeft ghescreven Dat soe ghewinne dat eewich leven. Amen. f.205: 1482 f.at the end of ms: item ic zuster katheline govaerst cam int cloester van bethanie den hersten dach van april int jaer ons heeren als men scref m ccc ende lxxiii hout zinde in dier tijt xvii jaer bit voer haer ziele om gods will. Dese bouc behoert toe zuster katheline govaerst bij consente van haer huerverste hu biddic die dese bouc hebben zal naer mijn over lijden dat ghij voer mijn ziele bidden wilt also ic mi in hu betrauwe. Translation: f.187: 1482. Pray for her who has written this, that she may gain eternal life. Amen. f.205: 1482 Note at the end of the manuscript: Likewise, I, Sister Katheline Govaerst, entered the convent of Bethany on the day of Easter in the year of our Lord, as it was written in 1373. Having been there for seventeen years, pray for her soul for God's sake. This book belongs to Sister Katheline Govaerst, with the consent of her superiors. I ask those who shall have this book after my passing to pray for my soul, as I trust myself to you."
pu_25798,"Weert, Provinciaal Archief Minderbroeders, Ms.CMW 26; Full manuscript",Netherlands,"Manuscript: Weert, Provinciaal Archief Minderbroeders, Ms.CMW 26; Full manuscript | Country: Netherlands | City: Delft | Region: South Holland | Dating: 1487-1488 | Century of production: 15 | Colophon language: Dutch (NL, DUTENG) | Extent: Full manuscript | Scribes: Lijsbet Meyster Jansdochter, Delft, Female (Female)","Original: f.196v: ""Dit boeck hoert tot sinte annen cloester te delft den regularissen ende het is ghescreven overmits der hant lijsbet meyster jans dochter der nonnen ende het wart begonnen int jaer ons heren M cccc ende lxxxvii ende het wort gheeyndet op den manendach naden vierden sondach inden advent int jaer ons heren M cccc ende lxxxviii ende men en selt niet vercopen want het veel op heilighe daghen ghescreven is bidt voer haer om gods willen"" Translation: f.196v: This book belongs to the convent of Saint Anne in Delft, belonging to the regular sisters. It was written by the hand of Lijsbet, daughter of Master Jan, one of the nuns. It was started in the year of our Lord 1487 and completed on the Monday after the fourth Sunday in Advent in the year of our Lord 1488. It shall not be sold because it was written on holy days. Please pray for her, for the love of God."
pu_25800,"Weert, Provinciaal Archief Minderbroeders, Ms.CMW 30; Full manuscript",Netherlands,"Manuscript: Weert, Provinciaal Archief Minderbroeders, Ms.CMW 30; Full manuscript | Country: Netherlands | City: Delft | Region: Delftland | Dating: 1487-1488 | Century of production: 15 | Material: paper | Colophon language: Dutch (NL, DUTENG) | Extent: Full manuscript | Number of folios: 198 | Decoration presence: TRUE | Musical notation presence: FALSE | Scribes: Lijsbet Meyster Jansdochter, Delft, Female (Female)","Original: f.196v! Dit boeck hoert tot sinte annen cloester te delft den regularissen ende het is ghescreven overmits der hant lijsbet meyster jans dochter der nonnen ende het wart begonnen int jaer ons heren M cccc ende lxxxvii ende het wort gheeyndet op den manendach naden vierden sondach inden advent (f.197) int jaer ons heren M cccc ende lxxxviii ende men en selt niet vercopen want het veel op eilighe daghen ghescreven is (added:) bidt voer haer om gods willen Translation: f.196v: This book belongs to the convent of Saint Anne in Delft, to the Regular Sisters, and it was written by the hand of Lisbet, daughter of Master Jan, one of the nuns. It was begun in the year of our Lord 1487 and finished on the Monday after the fourth Sunday in Advent (f.197) in the year of our Lord 1488. It shall not be sold because it was written on holy days. Please pray for her for the sake of God."
pu_25804,"Wiesbaden, Hessische Landesbibliothek, 51; Full manuscript",Germany,"Manuscript: Wiesbaden, Hessische Landesbibliothek, 51; Full manuscript | Country: Germany | City: Strüth | Dating: 1461-1461 | Century of production: 15 | Material: paper | Colophon language: German (DE, GER) | Extent: Full manuscript | Number of folios: 131 | Musical notation presence: TRUE | Monasteries: Benedictine nunnery of Schönau in the Taunus, Benedictine | Scribes: Greta van Wyschel, Female (Female); Anonymous, TBC (TBC, Religious) | Texts copied: Anonymous, TBC, Spiritual Collection [Religious Texts]","Original: Hie endet dat ander boech van profectus vnd wart geendet vf vnsser lieben frauwen octaua natiuitas Marie in dem jaere vnssers herren Jesu Cristi da man schreiff M°CCCC°LXj° (8 September 1461) lieben sustern haen ich [Greta van Wysschel] (the words in brackets are crossed out) obel geschreven, so vertzyet myr vnd biddet den lieben Ihm, dat ich mych gebesser et in omnibus moribus meis. Translation: Here ends the second book on Profectus and it was completed on the octave of the Nativity of Our Dear Lady Mary, in the year of Our Lord Jesus Christ when one wrote 1461 (8 September 1461). Dear sisters, I [Greta van Wysschel] (crossed out) have written [this] poorly; therefore forgive me and pray to the dear Lord for me, that I may improve myself in all my conduct."
pu_25806,"Wil, Dominikarinnenkloster St. Katharina, M 13; Full manuscript",Switzerland,"Manuscript: Wil, Dominikarinnenkloster St. Katharina, M 13; Full manuscript | Country: Switzerland | City: Saint Gallen | Region: St. Gallen | Dating: 1492-1492 | Century of production: 15 | Material: paper | Colophon language: German (DE, GER) | Extent: Full manuscript | Number of folios: 238 | Decoration presence: TRUE | Musical notation presence: FALSE | Monasteries: Saint Katharinental, Dominican, Saint Gallen, Switzerland,-1245
1869 | Scribes: Cordula von Schönau, St. Gallen, Female (Female, Religious); Anonymous, TBC (TBC, Religious) | Texts copied: Anonymous, TBC, Breviary [Religious Texts]","Original: Bittend got fur die schriberin dis bůchs S[schwester] cordula von schönow Translation: Praying to God for the scribe of this book, Sister Cordula von Schönow."
pu_25808,"Wil, Dominikarinnenkloster St. Katharina, M 32; Full manuscript",Switzerland,"Manuscript: Wil, Dominikarinnenkloster St. Katharina, M 32; Full manuscript | Country: Switzerland | City: Saint Gallen | Dating: 15 October 1543 | Century of production: 16 | Material: paper | Colophon language: German (DE, GER) | Extent: Full manuscript | Number of folios: 112 | Decoration presence: TRUE | Musical notation presence: FALSE | Monasteries: Saint Katharinental, Dominican, Saint Gallen, Switzerland,-1245
1869 | Scribes: Regula Keller, St. Gallen, Female (Female, Religious); Augustine of Hippo, Male (Male); Hugh of Saint Victor, Male (Male); Anonymous, TBC (TBC, Religious) | Texts copied: Hugh of Saint Victor, Male, Exposition on the Rule of Saint Augustine, Latin (LA, LAT) [Religious Texts]; Augustine of Hippo, Male, Rule of Saint Augustine, Latin (LA, LAT) [Philosophical, and Scholarly Texts]; Anonymous, TBC, Dominican Constitutions [Philosophical, and Scholarly Texts]","Original: Hie habend end die constitucion der schwesteren prediger ordens M ccccc xliij Iar daz bis buoch folendet ist vor sant gallen tag von schwester regel kellerin von zürich, die begert ein aue maria: deo gracias. Translation: Here end the constitutions of the sisters of the Order of Preachers. In the year 1543. This book was completed before the feast of Saint Gall by Sister Regel Kellerin of Zurich, who asks for an Ave Maria. Thanks be to God."
pu_25809,"Wil, Dominikarinnenkloster St. Katharina, M 41; Full manuscript",Switzerland,"Manuscript: Wil, Dominikarinnenkloster St. Katharina, M 41; Full manuscript | Country: Switzerland | City: Saint Gallen | Region: St. Gallen | Dating: 9 July 1484 | Century of production: 15 | Material: parchment and paper | Colophon language: German (DE, GER) | Extent: Full manuscript | Number of folios: 450 | Musical notation presence: FALSE | Monasteries: Saint Katharinental, Dominican, Saint Gallen, Switzerland,-1245
1869 | Scribes: Efrosina Keller, St. Gallen, Female (Female, Religious); Ms. Wil M 41 Unidentified hand A, St. Gallen, Female (Female, Religious); Ms. Wil M 41 Unidentified hand C, St. Gallen, Female (Female, Religious); Potenciana T[almann], St. Gallen, Female (Female, Religious); Ms. Wil M 41 Unidentified hand D, St. Gallen, Female (Female, Religious); Otto von Passau, Male (Male); Ms. Wil M 41 Unidentified hand E, St. Gallen, Female (Female, Religious); Ms. St Gallen Ms. Sang. 1066 Unidentified Hand A and Wil M 41 Unidentified hand B, St. Gallen, Female (Female, Religious) | Texts copied: Otto von Passau, Male, The Twenty-Four Elders, German (DE, GER) [Religious Texts]","Original: Dis buch ist uss geschriben worden a.n als man zalt nach christus geburt m CCC vnd lxxxiiij iar in der octau visitacio. Bittent got fur die zwo schwostren mit aim aue maria die diss buch mit grosser arbeit vnd fliss gecorien hand als man es wol sicht S potenciana t vnd S efrosina K Translation: This book was written in the year 1384 after the birth of Christ, in the octave of the Feast of the Visitation. Pray to God for the two sisters with an Ave Maria, who wrote this book with great effort and diligence, as one can clearly see. Sister Potenciana T. and Sister Euphrosina K."
pu_25812,"Wolfenbüttel, Herzog August Bibliothek, Cod. Guelf. 1120 Helmst.; Full manuscript",Germany,"Manuscript: Wolfenbüttel, Herzog August Bibliothek, Cod. Guelf. 1120 Helmst.; Full manuscript | Country: Germany | City: Woeltingerode | Region: Lower Saxony | Dating: 15th century. | Century of production: 15 | Material: paper | Colophon language: Latin (LA, LAT) | Extent: Full manuscript | Number of folios: 331 | Decoration presence: FALSE | Musical notation presence: FALSE | Monasteries: Wöltingerode, Cistercian, Goslar, Germany, 1188-
1807 | Scribes: Elyzabeth de Borchtorpe, Woeltingerode, Female (Female); Bernard of Clairvaux, Male (Male) | Texts copied: Bernard of Clairvaux, Male, Sermons, Latin (LA, LAT) [Religious Texts]","Original: Liber beatissime v. Marie in Woltingerode quem scribi fecit reverenda dna dna Elyzabeth de Borchtorpe abbatissa huius loci zelatrix sancte religionis mater nostra (f.de garde au Vo). Translation: “The Book of the Most Blessed Virgin Mary in Woltingerode, which was written by the reverend lady Elizabeth de Borchtorpe, abbess of this place, zealous of the holy religion, our mother.”"
pu_25813,"Wolfenbüttel, Herzog August Bibliothek, Cod. Guelf. 1178 Helmst.; Full manuscript",Germany,"Manuscript: Wolfenbüttel, Herzog August Bibliothek, Cod. Guelf. 1178 Helmst.; Full manuscript | Country: Germany | Dating: 13th century | Century of production: 13 | Material: parchment | Colophon language: Latin (LA, LAT) | Extent: Full manuscript | Number of folios: 52 | Decoration presence: FALSE | Musical notation presence: FALSE | Scribes: Mechtildis Wolders, Female (Female); Anonymous, TBC (TBC, Religious) | Texts copied: Anonymous, TBC, Passionale of Christ [Religious Texts]","Original: [Istum libellum scripsit nobis utilis ac fidelis soror notstra Mechtildis Wolders ultimo vite sue tempore sancta exigente obedientia necnon pro ampliori devotione circa passionem dominicam habendam. Quo completo obdormivit in domino. Omnes legentes in eo ob speciale ipsius anime refregerium devoto corde dicant: Requescat in pace. Amen.] Translation: This little book was written for us by our useful and faithful sister, Mechtildis Wolders, at the end of her life, compelled by holy obedience, and also for a greater devotion to be had regarding the Passion of the Lord. When this was completed, she fell asleep in the Lord. Let all who read it, for the special refreshment of her soul, say with a devout heart: Rest in peace. Amen."
pu_25814,"Wolfenbüttel, Herzog August Bibliothek, Cod. Guelf. 1265 Helmst.; Full manuscript",Germany,"Manuscript: Wolfenbüttel, Herzog August Bibliothek, Cod. Guelf. 1265 Helmst.; Full manuscript | Country: Germany | City: Woeltingerode | Region: Lower Saxony | Dating: 13th-14th century | Century of production: 13, 14 | Material: parchment | Colophon language: Latin (LA, LAT) | Extent: Full manuscript | Number of folios: 180 | Decoration presence: TRUE | Musical notation presence: FALSE | Monasteries: Wöltingerode, Cistercian, Goslar, Germany, 1188-
1807 | Scribes: scriptrix, Woeltingerode, Female (Female); Anonymous, TBC (TBC, Religious) | Texts copied: Anonymous, TBC, Prayer Book [Religious Texts]","Original: Finito libro sit laus et honor Christo Ihesu. Scriptrix (sic) donetur in celis merces scribentis sicut pura oratio legentis precorde pro amore Dei. Quicunque legis hunc librum, ut sis memor mei. Scriptrix huius delicatissimi libri et lectores inveniantur in libro viventium et cum iustis scribantur. Arnen dicant omnia. Translation: When the book is finished, let there be praise and honor to Christ Jesus. May the female scribe (sic) be granted in heaven the reward of one who writes, just as a pure prayer from the heart is offered by the reader for the love of God. Whoever reads this book, may you remember me. May the female scribe of this most delightful book and its readers be found in the Book of Life and be written among the just. Let all say Amen."
pu_25815,"Wolfenbüttel, Herzog August Bibliothek, Cod. Guelf. 1373 Helmst.; Full manuscript",Germany,"Manuscript: Wolfenbüttel, Herzog August Bibliothek, Cod. Guelf. 1373 Helmst.; Full manuscript | Country: Germany | City: Steterburg | Region: Lower Saxony | Dating: 15th century | Century of production: 15 | Material: paper | Colophon language: Latin (LA, LAT) | Extent: Full manuscript | Number of folios: 265 | Decoration presence: TRUE | Monasteries: Steterburg, Augustinian, Salzgitter, Germany | Scribes: K. Moringhes, Steterburg, Female (Female); Ms. Wolfenbüttel Cod. Guelf. 1373 Helmst., Unidentified hands, Steterburg, Female (Female, Religious)","Original: f.99v: Clarissima Mater M sal ego soror K Moringhes scripsi vobis hec es magna caritate ut oretis deus deum pro me Translation: f.99v: “Most illustrious … I, sister K. Moringhes, wrote this for you with great love, so that you may pray to God for me.”"
pu_22455,"Wolfenbüttel, Herzog August Bibliothek, Cod. Guelf. 1400 Helmst.; f. 1-112 and 214-383",Germany,"Manuscript: Wolfenbüttel, Herzog August Bibliothek, Cod. Guelf. 1400 Helmst.; f. 1-112 and 214-383 | Country: Germany | City: Steterburg | Dating: 1467 | Century of production: 15 | Material: parchment and paper | Colophon language: Latin (LA, LAT) | Extent: f. 1-112 and 214-383 | Number of folios: 383 | Decoration presence: TRUE | Musical notation presence: FALSE | Monasteries: Steterburg, Augustinian, Salzgitter, Germany | Scribes: Anonymous, TBC (TBC, Religious); Walburga Grashof, Steterburg, Female (Female, Religious) | Texts copied: Anonymous, TBC, Breviary [Religious Texts]","Original: Finito libro laus sit Christo. Anno Domini m° cccc° lxvij°, in die Agnetis, feria quinta. Christi sit dilectrix Walburgis, libri huius scriptrix, Non bene finivi, quia scribere nescivi. Si quis abstulerit, anathema sit. Orate pro scriptrice unum paternoster. Translation: When the book is finished, let there be praise to Christ. In the year of the Lord 1467, on the day of Saint Agnes, Thursday. May Walburgis, lover of Christ, be [remembered], she who is the female scribe of this book. I have not finished well, because I did not know how to write properly. If anyone should take [this book away], let them be anathema. Pray for the female scribe one Our Father."
pu_25817,"Wolfenbüttel, Herzog August Bibliothek, Cod. Guelf. 166 Helmst.; Full manuscript",Germany,"Manuscript: Wolfenbüttel, Herzog August Bibliothek, Cod. Guelf. 166 Helmst.; Full manuscript | Country: Germany | City: Woeltingerode | Region: Lower Saxony | Dating: 3 April 1481 | Century of production: 15 | Material: parchment and paper | Colophon language: Latin (LA, LAT) | Extent: Full manuscript | Number of folios: 298 | Decoration presence: TRUE | Musical notation presence: FALSE | Monasteries: Wöltingerode, Cistercian, Goslar, Germany, 1188-
1807 | Scribes: Arnold of Geilhoven, Male (Male); Ms. Wolfenbüttel, Herzog August Bibliothek Cod. Guelf. 166 Helmst., Unidentified hands, Woeltingerode, Female (Female, Religious) | Texts copied: Arnold of Geilhoven, Male, Mirror of Conscience, Latin (LA, LAT) [Religious Texts]","Original: Explicit speculum consciencie scriptum in Woltingerode, sub anno Domini 1481, completum vero feria secunda post Letare sive feria secunda ante festum Ambrosii. Translation: Here ends the Mirror of Conscience, written in Wöltingerode in the year of the Lord 1481, completed on the Monday after Laetare Sunday, that is, the Monday before the feast of Saint Ambrose (3 April 1481)."
pu_22475,"Wolfenbüttel, Herzog August Bibliothek, Cod. Guelf. 17.9 Aug. 4°; Full manuscript",Germany,"Manuscript: Wolfenbüttel, Herzog August Bibliothek, Cod. Guelf. 17.9 Aug. 4°; Full manuscript | Country: Germany | City: Wildenreut or Nuremberg | Region: North Rhine-Westphalia or Bavaria | Dating: 1455-1456 | Century of production: 15 | Material: parchment and paper | Colophon language: German (DE, GER) | Extent: Full manuscript | Number of folios: 272 | Decoration presence: FALSE | Musical notation presence: FALSE | Scribes: Kunigunde Holfelder, Germany, Female (Female); Anna Ebin, Pillenreuth, Female (Female, Religious); Margarete Kartäuserin, Nuremberg, Female (Female, Religious) | Texts copied: Nicholas of Nuremberg, Male, Mirror of Novices (Summary), German (DE, GER) [Religious Texts]; Johannes of Marienwerder, Male, Septililium of the Venerable Lady Dorothea, Latin (LA, LAT) [Religious Texts]; Anonymous, TBC, Eckhart Legends [Literary Texts]; Niclas Humilis, Male, Thirty-Seven Degrees and Names of Love, German (DE, GER) [Religious Texts]; Anonymous, TBC, Commentary on Song of Songs [Religious Texts]","Original: Hab got ir sel amen. Ich kartewsser obrlass vnd corrigirt es in cristminne im aduent 1455., Disz püchlein über Cantica canticorum ward geschryben von zweien swestern Kunigund vnd Anna, am sampstag nach dem achten tag visitationis Marie geendet, da man zalt von Crists purt mo. cccco. lv. Die erste swester Kunigund verschid in die Dorotee virginis et martiris anno ut supra. Translation: This little book on the Cantica canticorum was written by two sisters, Kunigund and Anna, and completed on the Saturday after the octave of the Visitation of Mary, in the year 1455. The first sister, Kunigund, died in the year of the Virgin and Martyr, May God have mercy on her, amen. I write and correct this in memory of Christ in the year 1455."
pu_25818,"Wolfenbüttel, Herzog August Bibliothek, Cod. Guelf. 204 Helmst.; Full manuscript",Germany,"Manuscript: Wolfenbüttel, Herzog August Bibliothek, Cod. Guelf. 204 Helmst.; Full manuscript | Country: Germany | City: Lamspringe | Region: Lower Saxony | Dating: 1178-1191 | Century of production: 12 | Material: parchment | Colophon language: Latin (LA, LAT) | Extent: Full manuscript | Number of folios: 191 | Decoration presence: TRUE | Musical notation presence: FALSE | Monasteries: Lamspringe, Augustinian, Lamspringe, Lower Saxony, Germany, 845-1138 | Scribes: Augustine of Hippo, Male (Male); Hamersleben group, Lamspringe, Female (Female, Religious); Ermengarda (Irmingardis), Lamspringe, Female (Female, Religious) | Texts copied: Augustine of Hippo, Male, Sermons, Latin (LA, LAT) [Religious Texts]","Original: Liber sancti Adriani martiris in Lamesprigge scriptus a domina Ermengarde in diebus domine Judite priorisse et Gerhardi prepositi. Translation: The book of Saint Adrian the Martyr in Lamesprigge, written by Lady Ermengarde during the days of Lady Judith, prioress, and Gerard, provost."
pu_22514,"Wolfenbüttel, Herzog August Bibliothek, Cod. Guelf. 23.6 Aug. 4°; Full manuscript",Germany,"Manuscript: Wolfenbüttel, Herzog August Bibliothek, Cod. Guelf. 23.6 Aug. 4°; Full manuscript | Country: Germany | Dating: 16 | Century of production: 16 | Material: paper | Colophon language: German (DE, GER) | Extent: Full manuscript | Number of folios: 60 | Scribes: Ms. Cod. Guelf. 23.6 Aug. 4°, Unidentified hand 1, Wolfenbüttel, Herzog August Bibliothek, Female (Female); Anonymous, TBC (TBC, Religious) | Texts copied: Anonymous, TBC, Pharmacopoeia [Philosophical, and Scholarly Texts]","Original: [Nachfolgende Stuck sind abgeschriben von meiner schwester Katharina Ro""ttin, Kunstbuchlein.] Translation: “[The following pieces are copied by my sister Katharina Röttin, a little book of art.]”"
pu_25820,"Wolfenbüttel, Herzog August Bibliothek, Cod. Guelf. 31.7 Aug. 4°; Full manuscript",Unknown,"Manuscript: Wolfenbüttel, Herzog August Bibliothek, Cod. Guelf. 31.7 Aug. 4°; Full manuscript | Dating: 1469-1469 | Century of production: 15 | Material: paper | Colophon language: Dutch (NL, DUTENG) | Extent: Full manuscript | Number of folios: 209 | Scribes: Barbara Dircs, Unknown, Female (Female)","Original: f.209! Schlussschrift: Dit boec heeft ghescreuen Barbar Dircs dochter die ionste ende voleynt int jaer ons heren doe men screef Dusent vior hondert ende neghen en sestich op sinte Martiis trancelacien auont lesen. DAt God myn siel ghnadich wil wesen want ict mit arbeit hebbe ghescreuen. Translation: ""f.209! Closing inscription: This book was written by Barbara, daughter of Dirk, the youngest, and completed in the year of our Lord when they wrote one thousand four hundred and sixty-nine on the eve of the feast of St. Martin's. May God be merciful to my soul because I have written it with labor."""
pu_25822,"Wolfenbüttel, Herzog August Bibliothek, Cod. Guelf. 37.25 Aug. 2°; Full manuscript",Germany,"Manuscript: Wolfenbüttel, Herzog August Bibliothek, Cod. Guelf. 37.25 Aug. 2°; Full manuscript | Country: Germany | City: Nuremberg | Region: Bavaria | Dating: 1470-1470 | Century of production: 15 | Material: paper | Colophon language: German (DE, GER) | Extent: Full manuscript | Number of folios: 412 | Monasteries: Saint Klara, Poor Clares, Nuremberg, Germany,-
1525 | Scribes: Katherina Ockersin, Nuremberg, Female (Female, Religious)","Original: f.1r: Diss puch hat geschriben Swester Katherina Ockersin, der got der her genedig sey mit einem Requiem. Anno dni 1470. Translation: This book was written by Sister Katherina Ockersin, may God be merciful to her with a requiem. In the year of our Lord 1470"
pu_36398,"Wolfenbüttel, Herzog August Bibliothek, Cod. Guelf. 502 Helmst.; f. 140r–220v",Germany,"Manuscript: Wolfenbüttel, Herzog August Bibliothek, Cod. Guelf. 502 Helmst.; f. 140r–220v | Country: Germany | City: Marienberg | Region: South Saxony | Dating: 1510 | Century of production: 16 | Material: paper | Colophon language: Latin (LA, LAT) | Extent: f. 140r–220v | Monasteries: Clus, Benedictine, Germany","Original: The inside of the front cover and the endpaper contain fragments of a manuscript similar to the Graduale, the back dirt page belonged to a lectionario or breviario from the 14th century and the inside of the back cover is covered with a fragment of a liturgical parchment manuscript, also from the 14th century. At the foot of this fragment is written: Qui scripsit, scribat et longo tempore vivat. Amen. Que me scribebat, Sophia nomen habebat. Explicitly liber iste. Translation: ""The inside of the front cover and the endpaper contain fragments of a manuscript similar to the Graduale, the back dirt page belonged to a lectionario or breviario from the 14th century and the inside of the back cover is covered with a fragment of a liturgical parchment manuscript, also from the 14th century. At the foot of this fragment is written: Who wrote, may continue writing and live long. Amen. The one who wrote me, had the name Sophia. This book is finished."""
pu_25823,"Wolfenbüttel, Herzog August Bibliothek, Cod. Guelf. 502 Helmst.; f. 1r–139v, 221r–267v, and 269r–v",Germany,"Manuscript: Wolfenbüttel, Herzog August Bibliothek, Cod. Guelf. 502 Helmst.; f. 1r–139v, 221r–267v, and 269r–v | Country: Germany | City: Marienberg | Region: South Saxony | Dating: FIrst quartier of the 14th century | Century of production: 14 | Material: parchment | Colophon language: Latin (LA, LAT) | Extent: f. 1r–139v, 221r–267v, and 269r–v | Number of folios: 190 | Decoration presence: TRUE | Musical notation presence: TRUE | Monasteries: St. Marienberg, Augustinian, Helmstedt, Germany | Scribes: Sophia, Marienberg, Female (Female) | Texts copied: Anonymous, TBC, Gradual [Religious Texts]","Original: Qui scripsit, scribat et longo tempore vivat. Amen. Que me scribebat, Sophia nomen habebat. Explicitly liber iste. Translation: Who wrote, may continue writing and live long. Amen. The one who wrote me, had the name Sophia. This book is finished."
pu_25825,"Wolfenbüttel, Herzog August Bibliothek, Cod. Guelf. 518a Helmst.; Full manuscript",Germany,"Manuscript: Wolfenbüttel, Herzog August Bibliothek, Cod. Guelf. 518a Helmst.; Full manuscript | Country: Germany | City: Wienhausen | Region: Lower Saxony | Dating: 1456 | Century of production: 15 | Material: parchment | Colophon language: Latin (LA, LAT) | Extent: Full manuscript | Number of folios: 44 | Decoration presence: TRUE | Musical notation presence: TRUE | Monasteries: Wienhausen, Cistercian, Wienhausen, near Celle, Germany, 1221 | Scribes: Alheydis Kalves, Steterburg, Female (Female)","Original: a.d. etc. etc. (14)56 completus est liber iste per me sororem inutilem Alheydem Kalves religiosam ac professam in monasterio Stederborch. pro quo sit Deus benedictus in secula. Pacienciam habete quia male scripsi in anno meo 73 cum magno labore in cenobio Wynhusen in expulsione monasterii nostri. Oretis deum pro me unam angelicam salutationem vel Requiem eternam in xpi amore. Translation: “In the year 1456, this book was completed by me, Sister Alheydem Kalves, an useless religious and professed in the monastery of Stederborch. For which may God be blessed forever. Have patience, for I have written poorly in my 73rd year with great labor in the convent of Wynhusen during the expulsion of our monastery. Pray to God for me, one angelic greeting or eternal rest in the love of Christ.”"
pu_25826,"Wolfenbüttel, Herzog August Bibliothek, Cod. Guelf. 521 Helmst.; Full manuscript",Germany,"Manuscript: Wolfenbüttel, Herzog August Bibliothek, Cod. Guelf. 521 Helmst.; Full manuscript | Country: Germany | City: Woeltingerode | Region: Lower Saxony | Dating: 13th century | Century of production: 13 | Material: parchment | Colophon language: Latin (LA, LAT) | Extent: Full manuscript | Number of folios: 154 | Decoration presence: TRUE | Musical notation presence: FALSE | Monasteries: Wöltingerode, Cistercian, Goslar, Germany, 1188-
1807 | Scribes: Schreiberin of the family who founded the abbey, Woeltingerode, Female (Female); Anonymous, TBC (TBC, Religious) | Texts copied: Anonymous, TBC, Psalter [Religious Texts]","Original: Sancte Paule, ora pro me peccatrice. Translation: Saint Paul, pray for me, a sinner (feminine)."
pu_25827,"Wolfenbüttel, Herzog August Bibliothek, Cod. Guelf. 57 Aug. 8°; Full manuscript",Germany,"Manuscript: Wolfenbüttel, Herzog August Bibliothek, Cod. Guelf. 57 Aug. 8°; Full manuscript | Country: Germany | City: Nuremberg | Region: Bavaria | Dating: 1517 | Century of production: 16 | Material: paper | Colophon language: German (DE, GER) | Extent: Full manuscript | Number of folios: 82 | Decoration presence: TRUE | Musical notation presence: FALSE | Monasteries: Saint Klara, Poor Clares, Nuremberg, Germany,-
1525 | Scribes: Anna Neuperin, Nuremberg, Female (Female, Religious) | Texts copied: Anna Neuperin, Nuremberg, Female, Pattern Booklet for Gold Embroidery, German (DE, GER) [Practical Genres]","Original: Dasz puch gehört in die sacristdey tzu Santtha Claren. Es ist geschriben worden do man zeit MV hundert vnd xvij jar. Es ist geschriben worden von einem armen swesterlein s. Claren orden Got zu lob vnd der hoch gelobten iunckfrawen Maria vnd sant Claren meiner lieben Mutter zu eren. Und wer es prachen (brauchen) wirt, der gedenck mein auch mit einem Ave Maria oder mit einem Requiem, swester Anna Newperin. Translation: “This book belongs to the sacristy of St. Clare. It was written in the year 1517. It was written by a poor little sister of the Order of St. Clare, to the praise of God and in honor of the most highly praised Virgin Mary and St. Clare, my dear mother. And whoever makes use of it, may they also remember me with an Ave Maria or a Requiem — Sister Anna Newperin.”"
pu_25828,"Wolfenbüttel, Herzog August Bibliothek, Cod. Guelf. 943 Helmst.; Full manuscript",Germany,"Manuscript: Wolfenbüttel, Herzog August Bibliothek, Cod. Guelf. 943 Helmst.; Full manuscript | Country: Germany | City: Lamspringe | Region: Lower Saxony | Dating: Late 12th century | Century of production: 12 | Material: parchment | Colophon language: Latin (LA, LAT) | Extent: Full manuscript | Number of folios: 165 | Decoration presence: TRUE | Musical notation presence: FALSE | Monasteries: Lamspringe, Augustinian, Lamspringe, Lower Saxony, Germany, 845-1138 | Scribes: Scriptrix group, Lamspringe, Female (Female, Religious); Ermengarda (Irmingardis), Lamspringe, Female (Female, Religious)","Original: Haustus librorum pelago liber iste modorum. Istic finish. Iam scriptrix laude potitur Translation: This book of modes, a draft from the sea of books, comes to an end here. Now the woman scribe attains her praise."
pu_36317,"Wolfenbüttel, Herzog August Bibliothek, Cod. Guelf.Novi 797; f. 190-255",Germany,"Manuscript: Wolfenbüttel, Herzog August Bibliothek, Cod. Guelf.Novi 797; f. 190-255 | Country: Germany | City: Althaldensleben | Region: Saxony-Anhalt | Dating: 1521 | Century of production: 16 | Material: paper | Colophon language: Latin (LA, LAT) | Extent: f. 190-255 | Number of folios: 65 | Decoration presence: FALSE | Musical notation presence: FALSE | Monasteries: Althaldensleben Abbey, Cistercian, Haldensleben, Germany, 1 Jan 1128-
1 Jan 1810 | Scribes: soror Gni, Althaldensleben, Female (Female, Religious) | Texts copied: soror Gni, Althaldensleben, Female, Glossary, Latin (LA, LAT) [Philosophical, and Scholarly Texts]; Alexander de Villa Dei, Male, Doctrinale, Latin (LA, LAT) [Philosophical, and Scholarly Texts]","Original: Quese oretur pro scriptice Gni, cognoscaturque propter deum si quid invenitur incorrectum. Nam omnia intelligere corrigere non potui. Exemplarium incorrectum valde habui. Laus domino Christo, qui me liberavit ab isto. Translation: May one pray for the female scribe Gni, and may it be recognized, for God’s sake, if anything incorrect is found. For I was not able to understand and correct everything. I had a very faulty exemplar. Praise be to the Lord Christ, who has freed me from this."
pu_25829,"Wolfenbüttel, Herzog August Bibliothek, Cod. Guelf.Novi 797; f. 71-187",Germany,"Manuscript: Wolfenbüttel, Herzog August Bibliothek, Cod. Guelf.Novi 797; f. 71-187 | Country: Germany | City: Althaldensleben | Region: Saxony-Anhalt | Dating: 1521 | Century of production: 16 | Material: paper | Colophon language: Latin (LA, LAT) | Extent: f. 71-187 | Number of folios: 116 | Decoration presence: FALSE | Musical notation presence: FALSE | Monasteries: Althaldensleben Abbey, Cistercian, Haldensleben, Germany, 1 Jan 1128-
1 Jan 1810 | Scribes: soror Adop, Althaldensleben, Female (Female, Religious); Alexander de Villa Dei, Male (Male); soror Gni, Althaldensleben, Female (Female, Religious) | Texts copied: soror Gni, Althaldensleben, Female, Glossary, Latin (LA, LAT) [Philosophical, and Scholarly Texts]; Alexander de Villa Dei, Male, Doctrinale, Latin (LA, LAT) [Philosophical, and Scholarly Texts]","Original: Explicit secunda pars Alexandri scriptus et completus per sorores Gni et Adop in antiqua Heldesleve. Anno domini m v xxi yn die sancti Briccii episcopi. Translation: The second part of the work of Alexander was written and completed by the sisters Gni and Adop in ancient Heldesleve. In the year of the Lord 1521, on the day of Saint Briccius, bishop."
pu_25830,"Würzburg Universitätsbibliothek, M.ch.f.4; Full manuscript",Germany,"Manuscript: Würzburg Universitätsbibliothek, M.ch.f.4; Full manuscript | Country: Germany | City: Bamberg | Dating: 1427-1488 | Century of production: 15 | Material: parchment and paper | Colophon language: German (DE, GER) | Extent: Full manuscript | Number of folios: 164 | Decoration presence: TRUE | Musical notation presence: FALSE | Scribes: Unidentified female hand A, Bamberg, Ms. Würzburg Universitätsbibliothek M.ch.f.4, Female (Female, Religious); Elisabeth Eychelberger, Bamberg, Female (Female); Cecilia Sparnecker, Germany, Female (Female); Erasmus Sternhals, Germany, Male (Male) | Texts copied: Anonymous, TBC, Speculum humanae salvationis [Religious Texts]; Anonymous, TBC, Legend of Saint Catherine of Alexandria [Religious Texts]; Konrad Bischoff, Male, Life of Saint Otto, Latin (LA, LAT) [Religious Texts]","Original: Erasmus Sternhals [Per manus Erasmi Sternhals. Anno domini etc. M CCCC vicesimo septimo., Diese vorgeschribne Sant Ottens legend ist angefangen worden von Sr. Cecilia Sparneckerin, die von leiblicher kranckheit wegen dar an geyrt ist worden und ist verend und aussgeschriben worden von Sr. Elisabeth Eychelbergerin nach Christi geburt M CCCC LXXXIII Jar bey der wirdigen muter und andechtigen frawen abbtesyn Magdalena Kastneryn. Translation: This legend of Saint Ott was begun by Sister Cecilia Sparnecker, who was hindered in her work on it due to bodily illness and passed away. It was completed and written out by Sister Elisabeth Eychelberger in the year 1483 after the birth of Christ, during the time of the honorable mother and devout lady, Abbess Magdalena Kastner., By the hand of Erasmus Sternhals. In the year of our Lord 1427."
